future_id,primary_id,group_1_ef_agrc_anaerobicdom_rice_kg_ch4_ha,group_2_frac_agrc_agriculture_production_lost,group_3_frac_agrc,group_4_qty_ccsq_mt_co2_captured_sequestered_by_direct_air_capture,group_5_nemomod_entc_frac_min_share_production_fp_hydrogen,group_6_nemomod_en,group_7_,group_8_frac_fgtv_drained_and_waste_ch4_flared_fuel,group_9_efficfactor_enfu_industrial_energy_fuel,group_10_scalar_inen_energy_demand,group_11_frac_inen_energy,group_12_frac_ippu_cement_clinker,group_13_ef_ippu_tonne_c,group_14_ef_ippu_tonne_n2o_per_tonne_production,group_15_ef_ippu_tonne_c,group_16_pij_lndu,group_17_frac_lndu_improved_pastures,group_18_lndu_reallocation_factor,group_19_gasrf_lsmm_biogas_anaerobic,group_20_frac_lvst_mm,group_21_frac_lvst_mm,group_22_frac_lvst_mm_chickens,group_23_ef_lvst_entferm,group_24_frac_gnrl_eating_red_meat,group_25_frac_ippu_production_with_co2_capture,group_26_scalar_scoe_heat_energy_demand,group_27_scalar_scoe_appliance_energy_demand,group_28_frac_scoe_heat_energy,group_29_demscalar_soil_liming_per_area,group_30_demscalar_soil_fertilizer_n_per_area,group_31_demscalar_trde,group_32_elecfuelefficiency_trns,group_33_fuelefficiency_trns,group_34_occrate_trns_passenger_per_vehicle_road_light,group_35_frac_trns_fuelmix_road_light,group_36_frac_trns_fuelmix_water_borne,group_37_frac_trns_fuelmix,group_38_frac_trns_fuelmix_rail,group_39_frac_trns_mtkm_dem_freight,group_40_frac_trns_pkm_dem_private_and_public,group_41_frac_trns_pkm_dem_regional,group_42_gasrf_trww_biogas_treated,group_43_frac_waso,group_44_frac_waso_lgc_recovered_for_energy,group_45_frac_waso_recycled,group_46_exports_enfu_pj_fuel,group_47_cost_enfu_fuel,group_48_gdp_mmm_usd,group_49_scalar_inen_energy_demand_other_product_manufacturing,group_50_elasticity_ippu,group_51_elasticity_ippu_product_use,group_52_population_gnrl,group_53_elasticity_scoe_enerdem_per,group_54_nemomod_enst_capital_cost_st,group_55_nemomod_entc,group_56_nemomod_entc,group_57_nemomod_entc,group_58_elasticity_trde_mtkm_to_gdp_freight,group_59_elasticity_trde_pkm_to_gdppc,emission_avg_last_five_years,total_emissions,production_total,production_cost_total,technical_cost,air_pollution
1,43800439,0.8030109619870458,0.4963432498426662,0.168613418836765,0.2033818925840797,0.6876397994056984,0.6514713169838346,0.1678221997276678,0.3185409917696735,0.0196319400888165,0.2068470675869368,0.352311224660582,0.2559943921985441,0.9439053565480924,0.2770508283760174,0.4410345242904263,0.0223008238808534,0.3014284801363093,0.1491133069468549,0.0560367327959509,0.7789913091554616,0.4017575052392508,0.5659120906256675,0.5592877541342828,0.2986730354500073,0.0785794278937935,0.12086239793663,0.7751380999690999,0.080063598479398,0.8551359170297428,0.6925878317379126,0.92808996599614,0.7075231633456417,0.0751359585875907,0.6846828218603642,0.9807886424066168,0.5491563818634638,0.7201732617966885,0.6503731624368704,0.4380191856470344,0.4542915317258167,0.1474858287292864,0.2578115638965976,0.2569995040225287,0.9138411943221516,0.1784287407136162,0.7757856453774415,0.3773557619133655,0.2028132244115457,0.3540568034036772,0.4791643691816927,0.5475975955527079,0.0304099390235899,0.3627377176884798,0.9586384964063936,0.6099314624364919,0.1106024930985763,0.2288794852031436,0.0232507578390544,0.51986363510427,228.68985097645563,6450.512091253436,1089194705.0509398,28964561784.465466,0.0,31.872189040198784
2,43800440,0.1867676552720787,0.1613600917360219,0.7156587757746168,0.5205220263117708,0.2446244026828998,0.4325188815486913,0.6620779590257974,0.6596726936949996,0.2693616647143271,0.8230995442080203,0.1736552861667262,0.5821031401501953,0.5350255237460975,0.5946973823953983,0.2348339324770068,0.0448771494343965,0.2818590765354146,0.0719052267974271,0.439485391275989,0.4097365334784644,0.7930070076431639,0.0305555569827224,0.3499284472822642,0.2327567713944237,0.5999270060240025,0.6932328576422006,0.929690440066562,0.1521745894271075,0.280051766246173,0.1734260738100196,0.1261642856985161,0.2127142103096722,0.8469525328293316,0.8270487989471575,0.3629171989333616,0.1076410058922586,0.0672500473448355,0.8261133206476114,0.2092365345374294,0.3497700841124433,0.1788762399133355,0.9033042806989884,0.0438035858766409,0.8495358926782328,0.152402709707742,0.9448736834912684,0.078817877289423,0.6310848796844076,0.1393420851952991,0.5236115430659591,0.0705139939701999,0.4598400781186663,0.4869413994931593,0.7990620527681579,0.6466200817907741,0.8902915270261977,0.243775999886157,0.8818968400502201,0.3074675957425295,251.34742408214555,6683.626924683131,1063473117.1915325,26654385957.51922,0.0,13.453895249810675
3,43800441,0.2846093532265286,0.1293255526773426,0.3620108933236303,0.4344256024885172,0.4228400195871816,0.6836871116590351,0.1411292246295571,0.4929683288784252,0.7577137377416189,0.6250872277683918,0.1282663014421831,0.6494670155733087,0.1074005435711914,0.4672054633811409,0.3371493670543973,0.4406693494341773,0.65597122087047,0.524043410724699,0.1338476403109949,0.8910592903046993,0.2643410166192912,0.4066812858492978,0.5740606474708725,0.2481412395858597,0.7473297464136617,0.1494452529924329,0.1786476767689646,0.6023236485380137,0.2611188986632446,0.4294557953150711,0.569602872709555,0.557290373980267,0.2070582202469052,0.6153911016410396,0.7556675971162699,0.1577941174217009,0.4891784193288848,0.0750408805962584,0.0872260730358832,0.2768996252230495,0.2689929096664606,0.8682861044726853,0.9733480585448724,0.8348947366958527,0.4855661815844951,0.3695744648294378,0.1732858981175004,0.992485997030612,0.5226083186242245,0.4289922394612138,0.1751129413519598,0.4978953742504227,0.8928888595925425,0.6034654989784453,0.1974230628213421,0.2287481616480915,0.1486478248218151,0.914823138110206,0.0786666887575396,184.69077672642058,5766.14073199534,1047608343.497252,29479608323.63285,0.0,20.233116310695923
4,43800442,0.6464706644517632,0.0467735018416146,0.6890499851546995,0.0703667079657962,0.2599215893048776,0.168925886766532,0.2468487044841708,0.1851253122754547,0.1799463467627418,0.4903525794824186,0.4477211105011282,0.5548288361113243,0.9424622629552176,0.7261353093548819,0.6115346245480133,0.9787873395837688,0.193964188445113,0.8750409321304374,0.0024331234065945,0.927046373320846,0.8297678064881954,0.381932100706485,0.8745079692770296,0.7054416740785068,0.8303085239557153,0.5872974746818488,0.8783680888555612,0.7514416259673012,0.6445627153636149,0.8168943666477639,0.4991673798012261,0.2034910487614483,0.076699147904293,0.8127671242457749,0.9535475625221336,0.1589041397953667,0.381424619340382,0.5128519860380232,0.3896428887762023,0.5711414966823478,0.0248039577835936,0.1399910945637257,0.4702035734299652,0.5329595387486499,0.9190464339055276,0.925750470776004,0.3167847141478191,0.8097876319733133,0.4585060779137723,0.1331600000864798,0.2309213273214475,0.113836164164312,0.0844936623800095,0.2154859870812512,0.268124033125156,0.1146966688697341,0.2151409943847958,0.4002832605836898,0.0135579572952908,279.1585637665459,7107.472491637671,995542752.9363841,29952367248.813087,0.0,20.15514304539328
5,43800443,0.8334881802876255,0.0720176174736351,0.8452393387762867,0.1605061621422567,0.3983691293400641,0.1254516435702193,0.1157642316583097,0.692139455602927,0.6554397020147041,0.3694288778473595,0.2155869809595228,0.7674042844021626,0.6095815636703582,0.0307142563090239,0.136047141268095,0.9948410722694736,0.6857302764162541,0.58995193282285,0.8528619583762591,0.3359114678596079,0.1243995515326315,0.6638542668971772,0.3075624942524044,0.7916475565954119,0.0112350578526132,0.457969507849512,0.159188267194538,0.8453176654128256,0.7611352122887151,0.1294660014124804,0.4534176879296406,0.3352791436649256,0.4691531221522022,0.383777866572527,0.5709348639637245,0.5974677117266585,0.743768489492046,0.1268980572406886,0.8928063770666894,0.4222241919006851,0.0281445001653027,0.1330228371170438,0.19564597079533,0.0619395453996904,0.1221081997650898,0.861580697496357,0.3833170235662568,0.886344160446001,0.8654341718562546,0.9306586167114,0.5987687918954838,0.9318464271005492,0.5046234077184196,0.6618237692103819,0.4185521967111295,0.0426834958127069,0.3692310290105074,0.4535877777959891,0.8003513139974342,336.8344836096868,7737.210437914687,1074846463.9222114,32347306510.539455,0.0,26.887590317970123
6,43800444,0.1607114869876807,0.0145590633560989,0.9060579247207704,0.0134964957271358,0.5428346720885656,0.843777576728373,0.7357099831872432,0.6067627034713425,0.1563061371771,0.5805267190027555,0.9833425914225252,0.8417393502260336,0.1004276141573129,0.8075225897617514,0.1278877879420454,0.5896988959772189,0.4781840158782202,0.8354513878893505,0.3623281383396855,0.2299193418230942,0.1931289970254088,0.3060936458262687,0.0023970518254262,0.4902759436240488,0.663140993444693,0.5940173640539763,0.61427128151484,0.9582708744310484,0.6585820011470861,0.5596843315199431,0.9233024179335482,0.8827487546119468,0.8831107328894725,0.8329505750310321,0.4474196558158944,0.0575272127217258,0.7611038517575845,0.7837624355097015,0.1232943561725074,0.2654373898792902,0.9315608414209636,0.9775716575189772,0.5787029187506287,0.528622011209702,0.2273269218648688,0.7077674129265698,0.1524272182476571,0.7962639416767083,0.9384155259365896,0.8575427625317421,0.6077023291479835,0.4374619425946904,0.2942655183506322,0.9849889015805222,0.778395512839865,0.7487020775977289,0.9169523635539024,0.9995685974710836,0.9479060177583776,125.37193568329344,5037.482904351872,798947408.986765,34691921882.30225,0.0,33.498116989682565
7,43800445,0.5208004925867148,0.3882516671447059,0.5621310285824722,0.1425981203180035,0.1377902116875524,0.1365607980125618,0.5535595985965656,0.5811428619479576,0.1133729510064411,0.4775333693563581,0.8731850295074048,0.0748443491914301,0.4111398870969548,0.1879121854913802,0.3706435427699245,0.6854014979263087,0.3101486847775109,0.5662073114009738,0.1067783426693325,0.3878458164490812,0.6556907294718634,0.9728167537327193,0.8331038661227502,0.985822437936168,0.2428706711543257,0.7982302528723557,0.6594473542702411,0.0859765016095659,0.5267408971432689,0.5884294914020963,0.0297838222098589,0.1685941144529856,0.2220099988932878,0.025136464025612,0.0760469930507595,0.0454779445978456,0.6120873100185525,0.5962396335706562,0.526723879688796,0.6842073657944951,0.1421203592920971,0.9491616755997236,0.1290967219548348,0.2284326724827486,0.038945266468453,0.6095743966486734,0.0362612503268184,0.814765010971946,0.7833798539115505,0.6100140114163962,0.3035333902009358,0.6598812561521903,0.1165910641920911,0.6178129751470801,0.1387978496200601,0.6780976588835343,0.5053059596066516,0.3565687055152745,0.4559346893935075,236.9130885144669,6513.076177740279,851557794.7606213,33698774989.305042,3730.8374591761503,19.45015126219762
8,43800446,0.5253657467753363,0.4169552424322968,0.9612875622438884,0.7431853551364831,0.9990753070488044,0.794693652928846,0.0499319801339967,0.8268346165321202,0.8787864612681193,0.7661624740355297,0.0799278051817444,0.6452592291004319,0.4004385909847554,0.8674452302265476,0.3693836381917421,0.164676823997194,0.7345463146797813,0.9971779764817954,0.3111227644716547,0.9684819347080026,0.3102420048350602,0.159928129933902,0.605514152793951,0.571024797009826,0.6766845595232608,0.8941258238562781,0.9515702433277954,0.0470409952168999,0.271101060612646,0.4163475159784744,0.887793199374666,0.2133816638652166,0.1394158734917625,0.829264653228117,0.5310331709112143,0.1123051763327758,0.9202179157431242,0.8441862412467059,0.0398147744827811,0.0216334132774982,0.3061057770783717,0.4160721721345031,0.2166399770514687,0.3590596096499232,0.8205262170246936,0.4745141953600743,0.1195263960842202,0.9644032359481368,0.1454679887861402,0.1618929024332532,0.0207389504524484,0.179176345859239,0.5206362726394963,0.8997892752948689,0.2984584289918102,0.5351511287220205,0.3930828600554136,0.404877301226801,0.9167673081644244,157.87268150415213,5467.162629596862,1021335865.5072592,26824032294.595963,1616.3734631262664,29.291166715791686
9,43800447,0.9641834099356243,0.3150602171455066,0.3158824178588434,0.647130589605877,0.2943081596532073,0.556259976264046,0.6430726004232257,0.9854505033333756,0.7044340742614642,0.7768479021924247,0.7423676387054211,0.4546383537989025,0.7170150221241329,0.384864272563895,0.0755734910513133,0.5454128745949094,0.1392140236093411,0.6887319623606026,0.1464441492544686,0.5888122042823558,0.2561246592381532,0.2855522513219894,0.5282477037580079,0.4270518404921068,0.3660512676950739,0.1575139467989603,0.9730894219139156,0.8031249262751672,0.3354058536284243,0.4738538372071575,0.3985050226682153,0.1499614302695031,0.4151546716052782,0.8183136861240803,0.8309310354829987,0.8011210583906397,0.6608898345470964,0.0721526678354002,0.6145501828020481,0.4447493577727183,0.6532922083106082,0.5551144512808884,0.4685507712988442,0.0529131842009564,0.2809438771772796,0.746991714562481,0.3717300674390938,0.8461019829501933,0.5735525275530158,0.2205730055256362,0.903002351216443,0.4143127927845407,0.6263844077546614,0.004026364715912,0.4312252982619829,0.8713572845511648,0.9813386945212828,0.6667619937585239,0.8914549078752881,159.41749673013254,5540.713727954564,827513065.3069911,31126443063.952244,3288.015718616885,29.044968969486494
10,43800448,0.1093807853892355,0.9457059167895052,0.5633426377851026,0.1295036858058062,0.6106494194052556,0.6152571970093862,0.6858006137611613,0.9145281172335026,0.057401779875684,0.2806117942292686,0.3673710000833276,0.1807846470271049,0.8255262631902894,0.8992951462318972,0.7798341041288408,0.1037338860605223,0.0925299309558949,0.5376449501678348,0.6302784739510228,0.2845289065038883,0.1083328776421341,0.0122528768790248,0.976472721404085,0.6243705930756684,0.4186871370416269,0.3237714659812268,0.0159858290422643,0.4015110820825174,0.3674009930629347,0.0116311102295134,0.0847065611828727,0.177917108912484,0.7382498987923775,0.489552681318014,0.5373769390448265,0.556136664338187,0.8795027792694452,0.2699976000650214,0.0098058944370161,0.2538241075334853,0.92543841540025,0.1921095073540365,0.8746004661646206,0.995187347834316,0.4254658313373755,0.034756256104028,0.2103338625975507,0.498414698324385,0.9816432323070524,0.9042729319363324,0.8545581210081327,0.8675308988514635,0.3901387554277024,0.7760030495197774,0.5101551869995818,0.7861387515330067,0.4245013717515893,0.2126500683627421,0.1378785788122519,140.30029257936036,5014849.99065509,1083948611.168409,32605025575.14891,102253.99167068765,31.607586810900308
11,43800449,0.4594328256605839,0.2151068410727286,0.4860765449562584,0.960262637664316,0.5361741078314054,0.2313232880694105,0.1415482563185762,0.5930489554254276,0.6755453239252385,0.9978567826046644,0.9290893184115476,0.5257302617530031,0.7177160969813972,0.6185175057498395,0.4450990121064018,0.6446484400880842,0.5583124175474392,0.2096953927415222,0.0506972378204993,0.0159628072525583,0.6809632037242658,0.9366712252057184,0.9701820479817423,0.1104663195259977,0.7034129193712392,0.310896373533339,0.8782187711101823,0.8964362939443057,0.6307074136515574,0.6970964718541245,0.2866324661827786,0.6448037497942456,0.1932940117414444,0.7893163955308203,0.9036218430312124,0.616325043204423,0.2166418464154337,0.633261311042005,0.0561311690574398,0.8189837690275369,0.6018276081487186,0.6822924071256751,0.2876841879734534,0.5854116630873623,0.7474850584615208,0.1194315835464072,0.7748415595301605,0.2132614664095757,0.9036226305645062,0.8643047657641069,0.1302500147740966,0.1617151885397274,0.9359742037728956,0.3667362935516937,0.9656758289180454,0.6312378263602261,0.5471006365872305,0.0489756242849048,0.9256384937297082,95.74886172997985,4482.742873642177,752569687.7805027,31341135125.13344,2314.589809911771,21.736664971280078
12,43800450,0.0872845677644065,0.7009536810798118,0.1841728092144967,0.661443394714206,0.8542917528079705,0.5323739487429059,0.4749267379527193,0.987840946010611,0.6062692013608966,0.3803921954783273,0.6625322201269801,0.7851665106870139,0.6335585115799982,0.5655768845155046,0.2011178257214106,0.0590328105549044,0.1125171373494453,0.4533871832258999,0.1225409832469106,0.2667481778006783,0.0589688404456092,0.9428016323100707,0.0320346244204877,0.6800871095901857,0.946429886736418,0.5725128304949584,0.7558073995728127,0.5900553063776203,0.546393384173022,0.4204803128515834,0.6803243682256125,0.0847611445106026,0.2834221253429294,0.2344519828526352,0.2584841135569704,0.0935215235283536,0.9276479154738712,0.4123035850650435,0.159125631694527,0.2512626308457465,0.8611266767218064,0.1941466427244587,0.0136049270240113,0.8222443576759138,0.9278064007553396,0.5851444272002315,0.3992817840635979,0.2138925542844734,0.598717491101685,0.4584804203447952,0.3721868558892662,0.0152621462939384,0.9862303259686482,0.4492975280207358,0.6361243408675376,0.2133140612084499,0.2420963580342589,0.1256219479529489,0.2367257165112477,135.84047788159538,5130.224146759112,880933665.2018187,30552519168.676655,2247.987201489185,34.12597744139187
13,43800451,0.2645155302567196,0.2959157100101072,0.2006650349449128,0.0659206507112619,0.9908905197375938,0.7002966608408374,0.3190143526682524,0.2149127035620124,0.2369750490647929,0.1945082553947667,0.0200587363163587,0.6783993638097833,0.210106831092159,0.2448240921010677,0.3716202402104841,0.4214684995668656,0.5635076744301556,0.805963419162917,0.2802685785311548,0.9257773658163888,0.4289738157547867,0.1521861824143443,0.0877174110876869,0.6452413925601627,0.4624806730230605,0.8877863426233324,0.8719045867415037,0.263787453416901,0.1498808766805665,0.909939194625026,0.1161860791223235,0.0046810553598835,0.2498203893027909,0.2171042171483269,0.7250841263311709,0.9200855785903488,0.0778299388600291,0.4562251217768186,0.2820020081355992,0.1847272737385093,0.8692698615565149,0.324738940077562,0.2322194522730823,0.7337019285760913,0.1994119390097107,0.412061339539102,0.16292057347337,0.2571554828540578,0.4228629219949724,0.0494120274602688,0.154214686344394,0.285443958251023,0.35872739742254,0.3164053841225552,0.387746222292595,0.554919707269136,0.4476115375812937,0.9952563347821414,0.6543147757169658,213.17844180521814,6177.550673666501,1186874741.3441172,28099609802.72031,1378.2063954995638,11.746346865490123
14,43800452,0.3068378599011701,0.0308310349999917,0.5924792815663623,0.3855096381005728,0.5111430568998642,0.1543509597715036,0.8759106880573331,0.6408673350612749,0.0684289100010842,0.717138328104566,0.2877753708395505,0.5215406097227349,0.8310165869245798,0.6987450576255317,0.0333218624001971,0.0539839755970759,0.5415257557493817,0.0090447369209022,0.102379777866349,0.3813421856658983,0.4202112708518424,0.0940240625316973,0.3504161049223238,0.714921428770881,0.3089475442010792,0.8085805355055051,0.4707232249567363,0.479003261290803,0.7165000341514752,0.994948582836412,0.5327346413796592,0.7884199421936807,0.6576161222490334,0.5750920271400627,0.3385402383702637,0.6481839595724891,0.9232301716956152,0.1661856185802902,0.2717548125650469,0.5488083419023728,0.5883323057034199,0.9571937799850372,0.7561807540144018,0.6272560341623775,0.0943473820666761,0.5286770220136102,0.0617917128236245,0.1373654890356603,0.7721118810536957,0.8860486438218601,0.0856804738121831,0.108489539933909,0.0790663765047559,0.6210531758696847,0.9884300319233202,0.9613964489490548,0.870687873228836,0.0672115176614739,0.0759040119498723,210.39721413234884,6151.931249012325,1056546210.4273804,29343142111.90224,2672.8849660727537,33.74957533519631
15,43800453,0.5652434684842768,0.4370199265831541,0.1195786346707297,0.1631227344525303,0.9486047950822316,0.3011592712856291,0.91149497355478,0.6414053720886277,0.8550675262030909,0.3125167524230087,0.916830447125266,0.7650713002565542,0.9829508571276344,0.8450942282642614,0.8765988105186935,0.8900155080766922,0.0794220024992319,0.2943646199191204,0.9664474342800212,0.3008954551425829,0.2038418309448266,0.3871778401890958,0.6032763743124319,0.3235865969594132,0.3308459183997197,0.4347735063031305,0.8229512777605419,0.904400685119539,0.1333189799828799,0.7633745664427245,0.6633090260031439,0.8665380633859484,0.9962273482751388,0.3079611856535937,0.8137520712152093,0.4271631407504674,0.8646163268512485,0.8367569804623146,0.6885145258816369,0.0178861130465841,0.4459874277191187,0.4215264722880717,0.7459739348344896,0.0532525829092915,0.3738442680641965,0.8184537048491353,0.3359383395539049,0.1309948306341075,0.5511676954580921,0.3941125702565499,0.8543116536498394,0.2884051154198152,0.8274675023198584,0.3055298108649421,0.312845007357051,0.8510332916374642,0.4362068851580644,0.9698059627919612,0.4434393016571612,162.05683010105614,5483.08112667996,781194679.8229765,31379884887.829727,2340.653787387034,39.589047440723405
16,43800454,0.1754076379967496,0.8841343739311308,0.3371505370135317,0.992272992944373,0.9919631884488628,0.878765142282786,0.8527146003410234,0.5882643211611012,0.8199763487922356,0.9617765085385006,0.8709108759189315,0.6975995784730982,0.4035915568827513,0.2489275756076437,0.423017494655674,0.0727221707937034,0.7822679269760575,0.6919850570456546,0.1976803819807081,0.887685444312645,0.5650396845873285,0.5592911316848955,0.0241348438270179,0.6430883766482643,0.4598612828464186,0.032510778046277,0.3246713213349078,0.1946876316216963,0.1976929635887687,0.3344055408443406,0.8103351774430047,0.4296705046394484,0.8558599976121308,0.9801489778297726,0.0391688784651465,0.6527977901155272,0.0751548321934471,0.2786292843975557,0.1454826212567616,0.7600829157091786,0.139493276010446,0.597538938481749,0.5438417536901872,0.6646315640398414,0.7036645710656279,0.3779751028709249,0.2396799880351094,0.273103599002988,0.4910385198517912,0.7222425262310627,0.3765269999042079,0.2369119261848211,0.6698660239842806,0.9925905177398008,0.264195693078948,0.966296430164398,0.3161949420571881,0.45627941777221,0.8932966741938531,65.11625092147648,4133.671938466421,763692708.7255195,29593602084.742455,1567.5971578019205,23.29184193197964
17,43800455,0.6242765431652131,0.1461814797265709,0.4137272149439025,0.7568095486740464,0.4584396516295221,0.692617626720352,0.7368250683102944,0.8330478745990367,0.7374521252793947,0.8710242344922583,0.5776586508731452,0.2522942470834428,0.6466104759076368,0.831351515077488,0.6672932986344566,0.831349569234312,0.1504809131930305,0.7960717780054991,0.6226362248380685,0.0994930728061051,0.3223504734278627,0.743658711771623,0.7537086277034312,0.4003441689897598,0.4133049425161781,0.5147370497137436,0.3106607444008069,0.3404406346170789,0.6633823659328549,0.0606300531846323,0.8543924581299266,0.1984292139581626,0.8761460151468137,0.5658380442903643,0.7156881348256587,0.8262291359716786,0.1110667634608908,0.5275016266067795,0.2805245099519738,0.6823711893760219,0.58030121040022,0.689728601631748,0.8814472257969014,0.3012243238365804,0.219556405693044,0.8152731462877161,0.688612230112831,0.9280332078671304,0.6951628052132333,0.0629510272762997,0.006202337330818,0.1818971132514259,0.0550120664617471,0.1303012624566006,0.1179538625820962,0.3938971659731541,0.7638441073299407,0.8050077406204681,0.8556321541687512,163.56545612750648,5575.863077968361,870637031.3859692,30993790532.951973,2675.4848544634588,19.88726873271433
18,43800456,0.1149753941192159,0.8938028466164373,0.9652874766711124,0.5376828178897303,0.3076315211172357,0.9417836728453608,0.4621244792344173,0.5027170470588279,0.972542452450015,0.6099147065781596,0.2589202370665333,0.7403124846624858,0.2859946487623844,0.955268701550394,0.9503079238608472,0.5959704754570933,0.2226214189926062,0.9614626776913028,0.941470141426202,0.7480705247071556,0.5677043169868018,0.7397101920828792,0.634636283670285,0.184557081541609,0.7674431435818002,0.961990657147634,0.2788550783232136,0.6765973578112774,0.983577111218406,0.7915481665165292,0.799375682227364,0.3181935556839857,0.5245263252444557,0.8165350777855769,0.915886420566158,0.0004278340338589,0.7963073667676147,0.7140140858388646,0.125769497429992,0.0611029140466736,0.0789639916223421,0.33677583825553,0.8831883875342637,0.8833481876124012,0.8048444101468887,0.655723554253936,0.9002238947476738,0.7956309861815707,0.5878078993618179,0.8284077109135767,0.7939187943916642,0.9864762584698162,0.54144166454947,0.0482261530056987,0.8363715030981859,0.3624381214129448,0.9921463073857,0.1632297200134096,0.5290482588832806,142.2856594365612,5244.435591795291,984213908.7009051,30135150445.14777,2753.4590826713447,33.56828061148325
19,43800457,0.8742802556648144,0.4252626332131854,0.4079416368838773,0.9288479016428164,0.7148436742280327,0.0536628846427793,0.5239566855889753,0.2986427673716722,0.8984247637830162,0.3876194520838733,0.8691352355040025,0.1922198634159426,0.7519492304943324,0.2348255341153328,0.1701467251704311,0.3282408125907411,0.0581201366633071,0.8600955650786571,0.476150706023153,0.992822254236866,0.1760987816002534,0.4444670808265656,0.052191122105245,0.6305351781418456,0.5131165703350345,0.071630442518183,0.9705063936773716,0.7276338007467049,0.1084688364127768,0.9702594953303932,0.4730218381618867,0.7322370095003092,0.592447952522497,0.6412292892796909,0.8183998673165314,0.4658804327588127,0.8060009232045983,0.8167250211495723,0.0570467912988455,0.6466345433961908,0.4896820185968254,0.7492835512446689,0.1700358433041717,0.0919039323275643,0.6165688568327636,0.356132117196524,0.9108298775466231,0.3699056611286694,0.432940468581563,0.8726437322716873,0.8027413490720644,0.2750427832380748,0.8635071514787551,0.0638935437120441,0.7813577346091368,0.0469300055675228,0.0306908625688587,0.4593691405675747,0.9275883138708824,143.8943090579225,5183.417041803346,796546502.3141487,31300233894.292522,2511.800040985775,34.16851804627537
20,43800458,0.8916401104347838,0.3094654602532425,0.5061541687336005,0.4723324891054271,0.3542642488101527,0.1368269447058547,0.7861164058489913,0.2830440674272997,0.9789334039677908,0.7717842848003756,0.0054131684802841,0.4864784380705512,0.9247734653466372,0.2703107494576109,0.2101435998052209,0.1411420288081768,0.7997780420044369,0.6363595537454584,0.6568177699826101,0.0559632833783724,0.9240162087435304,0.3929437816971666,0.7240881965242196,0.6410769444999728,0.0140608159607729,0.5326087265789525,0.8077713930849278,0.0556840958203067,0.8527815689687531,0.2913327263510444,0.4023994899242762,0.9442182603448184,0.631706973876034,0.9030503730068864,0.7978631756488984,0.8294273468889295,0.0584700387348139,0.8756112009817719,0.5993884706217147,0.321773501587019,0.0200088200502038,0.3204865047091787,0.8625177366225227,0.650364118642727,0.795926032545645,0.9634786072277706,0.2350715670872986,0.0077430607856432,0.5404390091736998,0.9578943224620692,0.5205825935017956,0.7505314691376346,0.3029550497199135,0.3791632046465255,0.5250934428989833,0.7035499186093411,0.015026321658789,0.7081305499139062,0.3362385613773737,281.6139029141118,7054.778071158688,1027695760.1368194,27073905443.924885,2794.5004665438846,22.31408587052794
21,43800459,0.2097509835497026,0.1643755860066917,0.8889722308151936,0.2244681100428913,0.9973074736422964,0.9046528286796536,0.1579644434170856,0.8876009305084738,0.2424857155524394,0.2890546226123116,0.7934622461289275,0.2638836744320824,0.5484051509201071,0.2385697521392739,0.3288926042114123,0.7376073022843223,0.0831892584643686,0.1186869356177359,0.0472883901907616,0.1662950089853878,0.6331106868240007,0.7133557210214209,0.090917949615736,0.7383446388857486,0.1788195396830553,0.7032523540183483,0.937553469858672,0.5875358644587055,0.6098029010588816,0.2804589606669759,0.4535312246145105,0.9801511407491292,0.3116770212291344,0.3191915313025313,0.1506252790357297,0.5820712395792493,0.0561263640843908,0.3719902462488957,0.2301295082999782,0.4838840749219731,0.7999339892309032,0.0664098846827789,0.582579303613034,0.1610358100331249,0.9625647441399398,0.6724841382238843,0.3381373869981957,0.0794659115263485,0.1731385556204148,0.5899442777370999,0.9722033327174172,0.5330861237843986,0.5494273129800485,0.8773296807070173,0.3456850896569808,0.6615672368327897,0.949780117111139,0.8296845132838406,0.4734527010680718,140.60111606491324,5197.201695536308,866316707.5941104,29082901670.78738,1776.641677833855,17.9677216306792
22,43800460,0.2081340917779421,0.412305283358278,0.116159982706981,0.0522786071982274,0.004258513953538,0.907400735753838,0.1025826269476465,0.4373683157325654,0.9851401484172948,0.3120090208589744,0.9116516234573108,0.6776783637687678,0.8314386767633993,0.6419965193147502,0.4181938407480128,0.7989211952493237,0.8713472786444019,0.1800328451719521,0.0389480099906683,0.6673799175079204,0.9822516379181074,0.6286567498022891,0.7130014788019008,0.5217494797742351,0.1126747819027364,0.1842743009325887,0.7700593479523901,0.3159785386883993,0.492405677907743,0.5205339325628202,0.1008578346175717,0.7158880851209298,0.47052866785883,0.929443791976507,0.5085375707392977,0.9024313207460486,0.9290329490376764,0.2466349406204622,0.0249134316926744,0.0264998769610495,0.6173478368059432,0.8393944577101227,0.6723850738700522,0.5375016817807646,0.4828859270031325,0.6418825186911169,0.0367589465966267,0.807320312777383,0.4134241795331865,0.4797938185063021,0.449775999091703,0.4161907606867125,0.4823942941209685,0.0738766568980482,0.1345866484503404,0.1594174374472836,0.7422891612203012,0.3402058389921552,0.3169846901069232,148.5981625938724,5220.434199284682,782765702.0063082,32097332680.870323,3885.3200354301616,33.591364782477996
23,43800461,0.8740856893360343,0.9585407342617644,0.607375525234545,0.4285881250337219,0.0323912101131559,0.5083042893497559,0.8764542861976101,0.118624140512079,0.953371809394708,0.0847744551129034,0.4901078802855682,0.7008861390581517,0.1368205099652314,0.6460239915100696,0.5788617567409242,0.1162764265448271,0.2766118780326476,0.7501076190555055,0.152686089355088,0.2389914320129532,0.1683782808168344,0.5665997054355615,0.8970339054334909,0.6262621517233888,0.7745292930836603,0.9643381723352806,0.5797157322526835,0.5295299488516433,0.670002389432346,0.5058595379966133,0.3674514999774896,0.1506269358073189,0.8433029888150321,0.4144782589626056,0.4155541946755994,0.3526014003181845,0.4327249969850371,0.6009829737819163,0.503997624619746,0.2551798943360483,0.1058785670456789,0.1587043712163262,0.347922425502126,0.7661720641172359,0.7753882707612303,0.3048945589851041,0.3958524171403305,0.8299039371748909,0.6417759115823999,0.2873009826936394,0.5847493347921112,0.301677855115175,0.2459845005997755,0.718984061983985,0.7498838787479539,0.569289515273065,0.1007368931439058,0.0427244814136508,0.9583355499221976,153.60744143599234,5272.092753306014,945755343.1194352,32156735313.035156,2951.0655632234343,22.643085123950467
24,43800462,0.0610195499262192,0.7675499573290889,0.8397078740162113,0.0712784864091189,0.2018690601765425,0.9017290073595968,0.116976467362168,0.3253719829430312,0.4396833037549853,0.1026828983804361,0.4139462488169551,0.2179468741260824,0.0028443789263547,0.3241204339333853,0.3477125446376282,0.8389867205527896,0.8546584121677465,0.3671756525161767,0.2172457180675639,0.4516215207482333,0.2853328921058346,0.3296408313671075,0.7079499741207236,0.1807180388445787,0.3423434510264379,0.4911512639827073,0.3554998803405594,0.8623834156140736,0.3883428534282744,0.6330111385742213,0.1286481159230973,0.8312288730947043,0.4621745110258917,0.5605345555950765,0.7473047740025881,0.0559838817005996,0.2588850266990655,0.541944423381996,0.2450733033031929,0.0542747981679188,0.8795981798834247,0.3536844804773303,0.0562155235752672,0.5719733165766394,0.042933293138261,0.052436626274079,0.058958805199155,0.4708394256540611,0.4968855562676754,0.4442342817885759,0.3788772110433345,0.7332945018176199,0.5047685632424781,0.0019066209483313,0.2593611601011968,0.6565784636522526,0.4816822337065088,0.8217594084426829,0.163867367507715,121.01204177629396,4895.206120614304,1029108259.8219328,30732777930.138126,2247.8080515930665,19.451831140314056
25,43800463,0.6762996507457438,0.2282227987416146,0.9821215444487136,0.437485240460557,0.9512837839238356,0.6627617824542913,0.7107530485997996,0.0204983958051319,0.6093846970590991,0.0318735667024267,0.4501792943098753,0.3725285934603368,0.5288130330140101,0.1965719165733346,0.9672411958132144,0.3660908348978661,0.2317948701562775,0.2136677171948581,0.3712932693133578,0.0981683044877953,0.3059478481108111,0.216008334834086,0.9852927307042568,0.1736866043722853,0.0531494980981896,0.3034664900640393,0.4328045961967857,0.5817600375330126,0.6083842017008813,0.7710012676188146,0.8812839166097566,0.7021539353300174,0.2101759953091689,0.5481530057482906,0.3383126525881869,0.2078751174507786,0.4832664077101377,0.5588581271323748,0.6234758757080892,0.7118788576302576,0.791755479199132,0.8686430584079957,0.0700666027199893,0.0088991289006238,0.3613273599322239,0.4740748399625358,0.4929683904659387,0.2469062420328453,0.9896742030773424,0.7011149731190993,0.024779885208362,0.041531475958026,0.3021539398086285,0.5742273147241175,0.854773426894127,0.4532799363798613,0.608986598622334,0.3119084040478742,0.8468777801543738,153.78401257741513,5426.166551737085,1000449140.5747067,32744254005.58063,1761.2836457135172,26.080386904562957
26,43800464,0.3688572055063956,0.9420604221293812,0.2527963825817738,0.7760263771416372,0.3344359112024009,0.8220919976524738,0.9130908149731184,0.9088235539862796,0.1622787209879305,0.6958359484196459,0.9458930936225424,0.5588316060978169,0.39234998057449,0.169031264478689,0.7632495350242404,0.5974894054154735,0.7275871691397607,0.5713474372554214,0.7437738262242569,0.6045771246617742,0.6723019357086663,0.8882322329561526,0.9075926935614334,0.1815191785191698,0.703429007763733,0.1215423093868526,0.702213435420254,0.5652498596833997,0.6360714538296949,0.274712257017459,0.325901266904919,0.9798111415446916,0.2136784918773993,0.3532902347464767,0.5425944514165953,0.7427938418625222,0.7120106038570794,0.5797976425870306,0.1623693320092725,0.031178861358423,0.1641857594122819,0.3512758368479182,0.0383903674362253,0.5985462578237789,0.1686354861497569,0.1741911679522037,0.8617710240475,0.2683193740226028,0.6837188631817499,0.4211513940742732,0.710950552466576,0.6197673395245398,0.7604299027265635,0.782692736042335,0.4968136287228907,0.136921337447742,0.5833209185707038,0.1128023213931389,0.5394383635844238,47.208006169262255,3961.939934867492,795267973.6416577,31476566581.18632,2778.2253264719884,31.105596418379967
27,43800465,0.8970477959582772,0.0837247098907456,0.3526740817735184,0.5013701668071069,0.8986574602406642,0.0841120703092071,0.2677929558897424,0.4569441064726818,0.0431162135047336,0.3679157984232519,0.9025372244584332,0.692284268084102,0.3778262871539762,0.7786277809298179,0.0434403708698298,0.5876819190163217,0.3861120694953248,0.4481720425516298,0.1018429431615817,0.6386878283766746,0.0367024367920165,0.8295044809913534,0.6275981196296264,0.1718990424243432,0.9237099659369452,0.6739447759213166,0.1740952607404253,0.9965847553606708,0.7223876094671967,0.7274384191275886,0.1622650723940253,0.7922197427998255,0.071050888775349,0.4096436686397813,0.1656158049585898,0.0899899430296372,0.1942321155027943,0.6351644610854082,0.7258734770116901,0.3935742485508032,0.4533598067437844,0.0326351353379231,0.8753943563340807,0.8015128505478714,0.0598842229416383,0.3860456933510024,0.0264505064138878,0.8009048284064886,0.3738539497801975,0.3442335240012221,0.5804690572727995,0.5819328984973267,0.3641345664392117,0.7063867959414191,0.9557686939468536,0.6749500722306737,0.754908403121152,0.4652966492895583,0.7888836682399445,206.4149683561117,6035.000662722829,847668441.9543239,31924829057.547173,2139.064222138783,11.073814815955418
28,43800466,0.8869831950501276,0.1456267928179712,0.573553314155367,0.78969353493273,0.2433409808979813,0.8571733545486011,0.0142477850694642,0.1498738275925284,0.066171579756175,0.3010744194145309,0.9999755316738458,0.2159283046968757,0.6900073803700554,0.2256769343145961,0.332380491300819,0.4733317324781276,0.2551210587560357,0.3241500600884771,0.9590405122606248,0.901411264532515,0.44011726496384,0.8268909170407356,0.6771401264073469,0.2231845980675573,0.3125636840361603,0.219273774223053,0.7744537559550616,0.1637434128973842,0.4639086581229306,0.615069963847414,0.2148436848876531,0.8004369345042778,0.314300132900173,0.3558850777261946,0.483785551255064,0.9110207036379704,0.4241283975490305,0.8853893199294202,0.2175852641973157,0.8195376583117083,0.0145608394509823,0.9733495591817556,0.9119330227936124,0.6127745936798928,0.2803084662150172,0.3208780026669249,0.9872230950849348,0.3521793448343554,0.4830450991339873,0.4053652307662767,0.9407956276299768,0.7931600795228537,0.9878593963316116,0.6590756278778647,0.6452606201748906,0.2993909790200577,0.519985164084955,0.1227954811913199,0.6770258728013072,98.05809449192063,4658.704876418359,803200152.2399042,32006524153.37323,3031.2509800839625,24.818498942884744
29,43800467,0.2102478395055263,0.8018726983042337,0.8157509451489006,0.9273910581091296,0.1734036561718039,0.3836875553863723,0.5711598859117893,0.0221987161569851,0.6309420897936401,0.7051923177692335,0.904398953950324,0.5502013821892333,0.3346146230571115,0.8674302942351173,0.6176595432425254,0.7314425328613859,0.2238617258209609,0.4081427660208465,0.5039410767444303,0.6298817040586896,0.5132914319421791,0.4498591647590105,0.4824341450556743,0.9195215925752348,0.7582751118306396,0.6858234117543597,0.4254389805057075,0.3482989299886181,0.0040635206040706,0.3395329454920359,0.5740140225776924,0.2868122318487419,0.2933260662379732,0.5604291799571084,0.2107486833276668,0.3609139874470345,0.9720532513275292,0.5158161387155169,0.8811181135518166,0.4849007846839051,0.0210992064786103,0.3154225017797269,0.451848629241326,0.9138245107634588,0.8775864595872277,0.6775381317592556,0.3744205922096715,0.4543133957244835,0.4758232119195713,0.6561520286328147,0.5744424350225645,0.4820632685032491,0.3707705426147543,0.8390145358270349,0.0268778449507223,0.1351791634335878,0.1491065236891198,0.3930630679159431,0.1408955836715009,154.1643799939239,5334.097842877247,779197157.3012645,30586336173.763115,3719.5361862608556,35.49752096583927
30,43800468,0.0750081534956789,0.4856936881083386,0.5887583591135332,0.2774128555122963,0.1296565028768244,0.2011224209851466,0.1547401071003372,0.943367921667111,0.1287420325164781,0.6469177807489128,0.4722108975587756,0.4032532702213918,0.5200193900816614,0.0631091159876242,0.3094807446579608,0.0286685468167506,0.9235081463578824,0.8263558562546461,0.6624606218674927,0.5098407696304502,0.6396203118278733,0.3668863845791416,0.2492949015797803,0.4267146582985638,0.3942761718972174,0.6190498641334017,0.7184342602363634,0.9992532991900688,0.9662938348744406,0.9382411160149556,0.0361070713050181,0.1887065439237919,0.8990348983674923,0.9478811014576412,0.5627416342953915,0.7312480776171313,0.9201950828061146,0.7649875427140229,0.3488387807424842,0.6532536486339596,0.5372445434150923,0.4487885986396854,0.9559995282415334,0.6240420666164058,0.5145303939509336,0.4715785327396251,0.2567341798220258,0.8752942253948514,0.0326166468538949,0.3058957049961631,0.3995055223892662,0.9885345165157968,0.1525363657747496,0.4304225786011076,0.0314194116471341,0.8457465225160851,0.43256737270334,0.9634563451436446,0.3770771976976849,228.41960450533384,6378.468204499505,983935128.9155264,28026341033.33877,3376.395242262836,32.03548792706273
31,43800469,0.712708813815063,0.0260307213690073,0.4103032898175713,0.0503571479107195,0.8517843614648819,0.6551019582758452,0.5160665700774008,0.785721162810987,0.8873789752274053,0.4337897150761203,0.4115523110793949,0.9079570552282752,0.9248372813336148,0.2040620339263177,0.8081421342266255,0.1187410898402211,0.1193045007113733,0.5331803622004986,0.8004277050767001,0.250168199343453,0.4320776632820965,0.3460915021868067,0.4549076221493629,0.6365565280274663,0.3827723196924327,0.9173293633190792,0.3076321114637505,0.146783966143664,0.9494449890702008,0.0292107496389683,0.4060278957051376,0.9543988659661938,0.948574346003694,0.2836151749150233,0.1983901900045121,0.4521325024782278,0.3134892143835812,0.5694813217057106,0.483009017021907,0.3968659007609569,0.5543439526541895,0.8972216466911683,0.0879660003645635,0.382983841887968,0.745527178270256,0.2659008896691809,0.5001113570519152,0.7495232646448916,0.6330059704547197,0.7909479871279725,0.1311329090917823,0.0730863646780514,0.2911054848021081,0.1969399842254846,0.7230500469357087,0.3606832422569317,0.8337505297975712,0.5521643431311521,0.6681373362515004,149.25527576457367,5253.233264338999,958106851.3571252,31127064002.426617,1676.3426205289086,19.828493290507712
32,43800470,0.9910408691591126,0.5476841519056754,0.6853596745169097,0.4243352204179736,0.0735792437842808,0.7535616564940822,0.3845727540647375,0.6612008443616181,0.8314229580038582,0.0180766618819995,0.737675856012802,0.9410463924508328,0.5715303711889144,0.6948608457832279,0.5074817695970381,0.5375102975299513,0.5711604383770569,0.5494781893650035,0.2972318543646053,0.4745749711678671,0.9850264198077656,0.7951230602572522,0.0890540879607974,0.4599039776439662,0.1263450497063494,0.719639141965863,0.4051504237012702,0.0687976761598612,0.8597745480713593,0.6711272938816318,0.5396193417151998,0.3089533400578765,0.665313163120182,0.9271646664760488,0.6643187480840895,0.1433942464445131,0.7298228915611987,0.7386724194811738,0.9179155267735042,0.3009009513490781,0.0092096343761617,0.7154597902300182,0.5604887191883655,0.2828364656921024,0.0697426828906713,0.6547296163802548,0.705789330469279,0.3209883710538442,0.6225613576446906,0.4572671236860079,0.5002848431925695,0.4353714985054393,0.3375653584299753,0.1621425151606647,0.2175800044972367,0.516248026200762,0.879158045430834,0.9488309518799172,0.6465149446559824,151.38381923103785,5326.6943803178865,870920549.4644542,32478342877.51365,3525.597151308993,34.980555625106945
33,43800471,0.8074101129209622,0.6651271229574208,0.1349161331279245,0.7561531394785593,0.0675205661884055,0.091810297433792,0.157763902149113,0.1818574741595273,0.942319417382198,0.2262940981670101,0.7909500565620572,0.0688298555008129,0.3821803806139572,0.933357277269,0.8089819656104581,0.7461890183405863,0.1211520525041063,0.3113733275098915,0.3082305944077697,0.211801240613633,0.0355028368180302,0.5475255454222601,0.9597344867365242,0.311727794455822,0.9253120000594748,0.1722850217650407,0.6516843319474765,0.8178888216485352,0.7544123432342533,0.9127633290971376,0.2475634257868238,0.5667359700082729,0.3635107750955161,0.7845876004607779,0.9498377909058692,0.0958911510459376,0.7596722922539697,0.5880173550199839,0.5786868784374504,0.937953849408882,0.7681852350351198,0.3127641858398101,0.659681222137434,0.2032956315240501,0.6189624577037778,0.5307642804627976,0.8123622772820717,0.8305911704574593,0.5674690698949534,0.1895597015396903,0.0852158127228677,0.8501165636404198,0.8159754047315351,0.8663578747139125,0.0699662995744834,0.952137524004604,0.0480259780260028,0.5262651721772237,0.3954244037334195,190.3861642472677,5753.561285729045,828121649.4025352,32507476117.371593,3708.5436358272614,31.4302640655472
34,43800472,0.91861207648049,0.4056132617047051,0.9043550193599372,0.1862212026892286,0.6026751611896567,0.1870295834899798,0.2164541212207121,0.5176471180199032,0.344145297504779,0.3291454607962963,0.4852737962791906,0.1491133968964619,0.2422577983453106,0.2052774211530103,0.0454011061588331,0.9997028029331444,0.4432009597894094,0.9898400014962068,0.202113079420151,0.8939746135001161,0.9425124566049172,0.5516807638449392,0.4483423971160972,0.2579914794100208,0.6512918308548137,0.621095066884041,0.6272156499463986,0.4121796694388496,0.1192295051309135,0.6346568859007504,0.8131309781440798,0.3517352728502371,0.1206217628749657,0.0043137431921285,0.3849554808244956,0.0525919801410784,0.6678081383080373,0.8751176516169064,0.8866308925216381,0.3583658434365484,0.9332759018583572,0.3588524922358097,0.4016980390008618,0.2343199334455587,0.2363965848227536,0.5025813918338731,0.8566376232102455,0.4471080278174006,0.4139477845934273,0.1118552419001672,0.8839460706529222,0.1605724048710947,0.7029804705779723,0.335515967116785,0.2207522020605194,0.0905977863048147,0.3195997641696205,0.5310229229058981,0.2041428436691794,215.25574311074146,6222.126244422837,980066311.8660434,29813020621.924305,2536.3444588739735,27.568321388748117
35,43800473,0.9517858760997706,0.5281691191236759,0.4225469537315662,0.8289401291290148,0.8193550277204317,0.3480796078197878,0.492799621932344,0.4147478794126849,0.7121847770897161,0.4059331134621642,0.8227611726459393,0.5950572053575214,0.6982276772857902,0.3960508994762345,0.292949794153894,0.8741220261122813,0.4223087218815821,0.40752443335862,0.5290429356446351,0.9443261427578606,0.2140071525342615,0.4380318338002243,0.5316129351784877,0.1641859983420404,0.2358085721601953,0.2150533097359366,0.9304555441292872,0.5565989864004377,0.6857155439917418,0.7332437801576879,0.1582795019480456,0.6601855689458259,0.1315376479167505,0.354308847094129,0.4447485508966922,0.6988133176320471,0.1777402138818982,0.3876146758785918,0.5537892537408382,0.763283293041336,0.1532682303110925,0.8650862281869841,0.9235127811608655,0.0247252102217424,0.7136628713575913,0.5598144930114911,0.1073369306078205,0.1138207676304867,0.3098380331430307,0.4373880095118543,0.6347998105188822,0.5685615854047937,0.0831879022399915,0.7167637657168849,0.1753682729222971,0.7017148051570674,0.4345181921796124,0.9908667693428076,0.5767952168421555,161.17661453498965,5460.196078328959,814303395.8462495,29681172123.666306,2190.3495657994,19.125096693565027
36,43800474,0.6348889621369421,0.8547937807533008,0.9188575232462816,0.261120765819586,0.0018127764100572,0.1663302658792929,0.9255727425500496,0.059844203922602,0.047897875392318,0.5055162916376785,0.9023402347727958,0.7850777354541675,0.1903374930583965,0.2238488622393788,0.9154372498090648,0.8466737193978338,0.6992367589904506,0.8420047595923859,0.7199769630112969,0.5761235669509825,0.0507140307689979,0.2433322874175753,0.3091562395282585,0.6623393866079471,0.6221864336917763,0.4041352816152684,0.9454393319969336,0.5439044063943794,0.9595044737295312,0.7762329330365206,0.5852845181721806,0.8459741404428467,0.8277641612785179,0.8006401482970382,0.377796114950584,0.3314991446740736,0.8901276475183465,0.088249900083746,0.0391907869650006,0.9417463898326978,0.4611137993427264,0.7498878514356546,0.670661152264038,0.7514529439748245,0.9310058578556898,0.3611489210044318,0.2308233547265621,0.5172242574418245,0.5937887348384537,0.776793952160285,0.5447241904373742,0.8640954865121458,0.8368345377973675,0.8071466075189586,0.4408783983520323,0.1958478086761146,0.0174385987562268,0.0887225637065402,0.9749714135964525,150.59552415220543,5346.366495326836,833606742.3321521,32008558581.313976,3779.8981726214256,35.17369225509464
37,43800475,0.8302062066246633,0.6826529452127811,0.2029394393884619,0.1293356664612392,0.5751126840574928,0.4147310348247841,0.3249746466233426,0.3033775670238952,0.5490913000917669,0.152515452539053,0.7569545920608424,0.6736137781755961,0.7321155813092245,0.4037570146906192,0.6221423431220134,0.3363114347586795,0.7642828936335297,0.2023949993850654,0.3238820582524217,0.900103609175795,0.3103995313505729,0.1254901175882908,0.4442763072340432,0.1531270942541863,0.1191046567519179,0.2452564598074336,0.971219231838122,0.1837951212077796,0.3913221064751942,0.9316652965797227,0.1110748165302598,0.3805901953220493,0.785080857925874,0.0710834141910897,0.3476603552114016,0.9063438728397536,0.8272431183175329,0.1203240655943827,0.3338216157847967,0.1886162776409718,0.372534552552892,0.4515672309306223,0.1433043631240036,0.6203432723067066,0.8023630535160854,0.5413612972050276,0.4398338680220518,0.4685978985383434,0.2978841607755569,0.2996912905600106,0.4200278993487126,0.4466227244875416,0.4327830115325745,0.4253604091002969,0.5997692065301232,0.4321624917202818,0.5034520365534225,0.5121941888167807,0.817603443595591,180.97506144618276,5729.943960185449,869281448.6568317,30556463663.081932,2763.0265109240263,30.921820980732324
38,43800476,0.7530203038097216,0.3213661114505649,0.7592655254364852,0.3838909474480685,0.5775194604284585,0.5189663484868168,0.1498853547902922,0.4716009852926609,0.2688134966859962,0.7857770939306084,0.4488741485579239,0.2988963070352532,0.0670692614618171,0.1396822715439919,0.5796267246566172,0.4709128472222405,0.0590080378378361,0.4124119587689361,0.6198723734431473,0.524141983758813,0.7211305686321924,0.403746078362405,0.3330938749439476,0.4361259440394083,0.5661276502955661,0.3984914231622562,0.2957600748451282,0.1777042210485321,0.7773656926945682,0.0515308996220263,0.4435566196024452,0.4488318669018424,0.8145931009138729,0.8638572442971233,0.9794054929886228,0.1027039303133366,0.3346488629080855,0.8039680950769548,0.7954435196567671,0.8035868000222788,0.8453501084768857,0.7362807063556099,0.7839644545091089,0.6097380209126283,0.4762764776801162,0.7277779723943986,0.7835564711385983,0.2110160014829644,0.5273741378305211,0.2817094905525955,0.2913234580402433,0.73697765984799,0.6455336664585702,0.562549183650692,0.2228576835739879,0.266207228059247,0.3416643965421153,0.4590280276254463,0.0150335423072286,199.16958489789224,5966.358449901434,952333448.3612841,28616545594.41507,2495.0303489346384,29.211159198457366
39,43800477,0.4977108403698101,0.2603450030567684,0.5659903172472237,0.567546208956356,0.318234212281648,0.7703454195756894,0.4677498286946244,0.8772841283091396,0.6812431208066355,0.7900464021861648,0.2103318448826315,0.3234903773991697,0.5258400442240377,0.8394273856561869,0.4543485920043559,0.9159775079161684,0.0213183576632368,0.2785996449383818,0.5454737142117029,0.3069782917472194,0.4603316008098758,0.2544814537246924,0.0028956049023699,0.207916178697232,0.542417508492665,0.8998015356759532,0.1420576292834795,0.3599038696798058,0.3227976022133715,0.617898815401366,0.6536781641529443,0.4341648435661927,0.3386703389673398,0.3037815366253014,0.1965506154736163,0.2850999072065134,0.8369931613362115,0.6556360627726437,0.4384872728532432,0.1063753265284916,0.8667341821013609,0.7214074537723939,0.86190927742776,0.6585099727938369,0.3852839853395606,0.8197355759092547,0.8067379748324985,0.0992297595056008,0.6369516839361942,0.6479205616801378,0.8692600941608254,0.6354076676480878,0.8129183626601548,0.2786462782342837,0.7416314741870502,0.5775229520784001,0.1081732265028389,0.3122571560222046,0.0124537193950222,189.9985634471209,37701847.35918786,994800656.7981623,28194843587.825745,756882.6953092975,33.269682274039035
40,43800478,0.7504718364993128,0.627043000231611,0.0753336671154053,0.8019466562294831,0.938804372435608,0.5051145140635822,0.6212879629856443,0.5826525845567034,0.7413680856734276,0.8785632015325484,0.3487912989719912,0.4881498585283469,0.624938728165236,0.1214448034031824,0.73837208276203,0.4646051116523204,0.1351743284196526,0.5355650579516888,0.5911129204881125,0.1208952944412146,0.0798601707326058,0.1368070993675227,0.0045281561534722,0.0350392717792024,0.0102442747893008,0.954897278772756,0.1126847524111433,0.7628925621461354,0.4731012920765711,0.2036373472926382,0.5515447777092747,0.9847187825517174,0.5253171464204788,0.6247471129639729,0.7860259200768284,0.0269476465339399,0.6056943015421483,0.8190366202134438,0.0940383519303148,0.0920720992236611,0.2904003899760429,0.2816348744765916,0.5338645314771737,0.4537561366039219,0.2889512100395803,0.9633629953933092,0.4492592343150846,0.6938146145081557,0.8492029053350065,0.7906545386652161,0.8768631290858296,0.1992045372273204,0.419860065481464,0.0938782942790065,0.2703513686858946,0.8773730247864386,0.2014166027126654,0.1494714607234613,0.9560003990661684,229.21583620877922,6449.317261873212,952898378.1115462,30817706099.025703,2108.9021252331922,26.751714381360962
41,43800479,0.7552629619891705,0.6970733320996965,0.3130063095560423,0.5439980380266052,0.6609023323844156,0.5319695361950082,0.2487220668125479,0.1075108514983525,0.1146269928794349,0.6245392926952413,0.3463085455481751,0.5766266524528731,0.1856423361380915,0.908580491546274,0.6947520404142083,0.9663921684737992,0.8974643048219944,0.648300636794767,0.0968433880028306,0.8422721272105473,0.7248069810274234,0.8246531014027201,0.8925638794026637,0.5995397953967304,0.5170297245566657,0.7968975715222717,0.1527586852703611,0.5592960441563366,0.4598005429697729,0.5898279346784618,0.7729644594656934,0.7778161575438204,0.0561729804062464,0.0290074258570534,0.109918437324309,0.4952755783537909,0.7662057149533689,0.1172404804889515,0.8790010037840634,0.2308095510498082,0.2493615245737487,0.2182458129592995,0.1401462949362588,0.9007870679952436,0.1153760575824605,0.8666260106171962,0.1556947300826437,0.7263416595332499,0.5155373817055686,0.4117802694553157,0.9316916207575584,0.8252486415100742,0.5450733617260677,0.8787594884194228,0.6447962315792897,0.1779545870627397,0.6669936423082211,0.1815493176761839,0.6280482088512488,244.3064427512552,6688.582803330477,1042417173.4357088,29809455043.446938,2610.8336714657644,25.43629859722239
42,43800480,0.3670281144806535,0.2222313348774137,0.1751832020238267,0.7315696651681314,0.3435220709245557,0.6307145214634664,0.8126781065655736,0.1860182713528018,0.0733262186789775,0.0591490043410054,0.8562270236734455,0.7061042002095859,0.4149283410945234,0.3691820131304152,0.3012331800919864,0.009219417010195,0.0011441837380325,0.1194974104322222,0.9116502330944464,0.7831803950759236,0.056302272455858,0.5481771423723729,0.2719291784746429,0.8582290408226454,0.5378307300681101,0.7279487465662496,0.9535830466974494,0.35505477438165,0.0904237824463898,0.1612372878583548,0.5085920323169241,0.578889464407192,0.967206204151456,0.5765277211220169,0.4669843751514628,0.2688192723336635,0.3478429807691795,0.435355714329634,0.8397098489002981,0.0828262094618481,0.9796745845851992,0.1085389252522207,0.1907734827033315,0.260924489709316,0.72775313220285,0.0779634082929059,0.5990514428485774,0.0797890201986299,0.7554958074058691,0.6455511482807632,0.3295624475722532,0.2785886868491647,0.9485435740339307,0.5704196643615632,0.126988862569267,0.1143690366069004,0.2881196512719285,0.2496273069143639,0.589780581772877,61.48436051211089,4130.26585883467,874635765.0753623,32581909392.684162,2565.383655178628,30.179510144870555
43,43800481,0.5873979649272615,0.8857061679021664,0.6138239690429942,0.8584802135816411,0.8379219918164389,0.9943129539059774,0.2580605753888277,0.3361422087368186,0.2908387932754326,0.670526220815223,0.3704531148358184,0.4437387903443768,0.6569726346806499,0.2654739812517248,0.906507562161136,0.7601130148337546,0.924612031566658,0.0038060690166787,0.2829482782912695,0.6523989972670952,0.5377175593731557,0.9828433838937568,0.9422787343297708,0.6467267709002635,0.7985960133410268,0.6170069019438866,0.2272811196256739,0.6814006340261827,0.2009296533751464,0.1759891689253666,0.3776268347887084,0.019155150031064,0.2597219383628624,0.4349688740558274,0.7474206731609307,0.557503778612741,0.2474623698798176,0.208113952201124,0.944930798695896,0.0472043327482131,0.4292175103264707,0.6894991700537367,0.434180208672861,0.08575209276361,0.5425479373525495,0.1631428551397502,0.4124471800513777,0.6833213328803929,0.7233191272920206,0.6204764196752596,0.0576476014697145,0.7653877975543032,0.7287572600219763,0.1597246367472476,0.6537384614645413,0.7721746252477278,0.4001587657315128,0.675292365086284,0.7645050903909765,3413530.106249355,17071601.34428239,1005988535.5503942,30378225021.028038,1484.8859376673702,20.078654756059116
44,43800482,0.4647232732310884,0.4906013519360835,0.8789726733345672,0.3543790954374864,0.7094330292577096,0.5688050483939942,0.4541925471385515,0.3752299066921277,0.6339822906533722,0.9490758224284306,0.3728705977621634,0.0462399032318448,0.5781949030758214,0.9992938392639674,0.676777326613394,0.6301695856124675,0.4482505553387353,0.2479239374795646,0.4673834773101999,0.3728367511089442,0.2633884174863694,0.850124200315041,0.410786796059698,0.872408541431131,0.406880918154637,0.5303686777681944,0.4168424269537673,0.7690104189659015,0.6731263574295354,0.3019954308746915,0.0704866403428412,0.1261541599053902,0.8649073609525961,0.8968711341281066,0.4755700812461274,0.8665096769852784,0.7630879746855116,0.258792647330433,0.308896080413755,0.3732750337217271,0.6368033797306889,0.4916972061803303,0.2308381236300378,0.5329293125324333,0.4329761257875228,0.7711938316293075,0.6784826926636195,0.110878061163723,0.53960503636055,0.1662569228905795,0.0011744069025796,0.6497209119940236,0.8102394774185967,0.6374860647550598,0.3871720138508971,0.4880225394101225,0.0281867934056091,0.0655790122352179,0.3845434075623123,182.5536510303843,5734.150496493084,923620119.2867606,27716265292.802628,2390.026968125985,33.714641214481084
45,43800483,0.5975046632894978,0.7287043478973222,0.4862388810269064,0.6656541406725208,0.0022936449592249,0.4484598721035575,0.422224516858205,0.6180972723374086,0.5802627567622193,0.8161265457085584,0.2256171284660183,0.2976830783515426,0.7992983361512687,0.1966399763769695,0.2953230128067269,0.2788200510215089,0.6287260273005556,0.9120831890541437,0.1657225396022313,0.2786694116067045,0.8142982407211256,0.1062941399481725,0.0628656039088577,0.5929780059548682,0.6010141628303238,0.7396645799701047,0.3263845611839354,0.8421813765531024,0.5216850803640889,0.9364488720784302,0.7872433910276846,0.7590146019371288,0.9092985490918852,0.7594288317956581,0.7666882514180585,0.2529138349411727,0.7427487292285546,0.5578428591820367,0.8469467711491343,0.1777091662707705,0.8547624488319994,0.995320159595446,0.3142124457233212,0.685511844016176,0.220269209478792,0.5366932808119662,0.3642856953041256,0.6861768315848673,0.4893686848257781,0.8012406249942469,0.186091716540024,0.5754766458122543,0.1961177694303187,0.6950628766177821,0.9285339614067792,0.2084593052960542,0.138829005577069,0.4939106504453634,0.3875712229642727,187.07021843918056,5805.400813727682,1017193391.8988961,28921948039.584423,3215.907688140504,33.507915453869586
46,43800484,0.2037036761265817,0.632762197350827,0.395666122175991,0.6112944011994885,0.2552712817716809,0.5652754875195151,0.1358043620445807,0.468200874895063,0.060186274916451,0.4096427273026317,0.7600121576409713,0.646912994909088,0.0583466526899374,0.3628611343531763,0.2011414498832851,0.4275626668411622,0.6053790387632114,0.6539326735651843,0.7527042598996753,0.6294360249593307,0.7094306010271396,0.9540944069795568,0.651332499279329,0.3046714193797465,0.013836865572815,0.3781649029566907,0.3311412084339344,0.2893081103329789,0.7145180853822825,0.4398917375187581,0.3355592731137959,0.6898152608762718,0.6730102507469852,0.7369988869783357,0.1600263027642623,0.9690916720482224,0.3608108994799364,0.7281408828352601,0.224145685022444,0.1226897425554277,0.9528311555547851,0.7289902180816559,0.9602950843858612,0.1346471054946073,0.0495287464228442,0.6915109486206603,0.6087454167838053,0.2386747768412831,0.0634435008767758,0.2107070668268343,0.0534144633548153,0.1687883124209926,0.4725384661443841,0.8174192312179501,0.7334965967785019,0.1965069108583014,0.2714906570042811,0.5962792549966616,0.2201630800373991,192.29555005646938,5970.716538359788,892489348.6466949,28712840689.41966,3270.2829714700756,23.766874964125247
47,43800485,0.0519393878092421,0.7461723587802475,0.3834751628349664,0.9047682285305276,0.2602940961768978,0.4976741997235687,0.6015945065233113,0.326430363888917,0.0288386885749847,0.5567548292006653,0.0544007219628697,0.0396546004095135,0.1306232980667185,0.3833953436044758,0.4424765438062271,0.7478185717322545,0.2443667867972508,0.6524205657241907,0.7298620022652755,0.4469043052112592,0.2520718852555413,0.9399922041701247,0.980640017677116,0.0903060448117088,0.9876276206855028,0.9436330404118972,0.7575372462588807,0.9383835436992944,0.6644461947486467,0.2172608051700121,0.0078105447670561,0.1658815672924774,0.603911402807008,0.4223492129225973,0.9141141230037696,0.2354839579389104,0.0375403917055705,0.6257519136546805,0.3253294768488179,0.9668870553855128,0.5446786563439695,0.2297895731757236,0.3543119366200849,0.46507970861598,0.7595391208239411,0.5256315360785296,0.1828297592688526,0.3503499820018462,0.3149208888624423,0.3136332903200723,0.5741822096286415,0.4391514861633097,0.7784074024880343,0.5212460388797792,0.2786201196577478,0.4646893564483698,0.3837072957528709,0.1680718782879657,0.8491495144325517,195.2380379977908,5954.219896933964,1155555877.7923274,27069397599.90697,2432.4830971983706,14.53578908739281
48,43800486,0.881604763664209,0.7033976198618227,0.773146168005918,0.6085824840419437,0.6464856997935161,0.9262689227417166,0.5726041363775491,0.7562905165162341,0.4357429210970895,0.4117743168036313,0.6459981190244958,0.9804295013360236,0.0425796202094654,0.2502811844619887,0.3585275332878573,0.5904032597185137,0.9054730041817688,0.4766283267474393,0.9606640037363856,0.2468977865783134,0.5201526289894419,0.3882720431897962,0.6481507835927429,0.434250205425457,0.0334302809848703,0.0324578513015062,0.28838481546696,0.5640619499469283,0.6594275068445081,0.8835625620302365,0.9226135019101596,0.4115637865327174,0.9480618098734526,0.6976609193031759,0.8436073924087908,0.3670698992484276,0.0109412124779168,0.0461758489738118,0.7912345052760564,0.0007580642150111,0.0454344904391009,0.5466594779791566,0.7499541809170984,0.1260012913403834,0.530776216740796,0.3537206944815777,0.6303435631819476,0.6791708019738262,0.4813463028616503,0.4948369674530896,0.6908412110763316,0.8745160562703129,0.7948157818478648,0.7542734507605496,0.0886568193153173,0.1703327469050317,0.5634055948490173,0.2116985492297511,0.0812247810708924,96.72989993920342,4685.519003055078,909813486.3471798,31065356778.932846,1963.8265151624312,25.708547687685154
49,43800487,0.084703380031242,0.2622877762555372,0.913665929720052,0.3533783454130091,0.9235074583104862,0.614203234253708,0.5165443030850903,0.4931631183822418,0.9318310860910668,0.2465920054003823,0.7916370094637049,0.3894473793968047,0.9385300789090752,0.4498913048709618,0.8935111313786973,0.1710846262973838,0.9753202046691456,0.2497423087864645,0.2095282338994862,0.6873160950845532,0.5536305979953249,0.2585610344905162,0.096967971980119,0.3111893006113723,0.1518671172701474,0.5781303274837325,0.2639760717985771,0.4411732068680457,0.382589652047472,0.6370391279350598,0.6638236891648085,0.3458310361964317,0.7185367545941277,0.6093714812255251,0.9149642232289747,0.7250714133936411,0.5034319982755586,0.8500705721996417,0.4459491281828396,0.8184762707042474,0.5574642687493173,0.6624361165341902,0.2713571721460029,0.4590773511253389,0.7263360521361196,0.6309870541315156,0.8996919255723644,0.1567822703957868,0.5073113411627768,0.7656208493478182,0.8753686906264252,0.3766484387362032,0.5990582443972209,0.4663614765341534,0.1351541681878831,0.3233408106405259,0.0649650511105168,0.6949149664148118,0.0121577143060598,133.0024943912128,5093.064379393109,824879246.4278854,31074489310.494274,2038.7287789998677,33.14543375314139
50,43800488,0.1492407227201748,0.2498040196809628,0.2267446754491634,0.6236035075949524,0.2706367093972799,0.3525689297651311,0.2487937454928915,0.3961109739706893,0.9191780976270107,0.6100975848732765,0.3141783249324084,0.0579830067298561,0.6814099681063059,0.2033508673430199,0.7203562348007084,0.3155196993800892,0.9002419327585595,0.7163662948074526,0.910505200776432,0.5756452714169371,0.1474032676646332,0.137516793777316,0.3634070650694213,0.9193103146013398,0.5692781028159041,0.507104010119806,0.0766414647496844,0.148504302501002,0.1556963311976404,0.0802575140211768,0.507677566541358,0.4502862943033006,0.874360647410479,0.5224410866464949,0.5141196275636313,0.6570760775773046,0.8858953396113508,0.9419639865074354,0.2026319546971194,0.0099842478386164,0.5695697643545015,0.3218101685841012,0.1769518152849691,0.9340466788863034,0.0723210391795745,0.9558320369316474,0.6407622995755959,0.7643264703621006,0.7065454905991106,0.4686523370665199,0.0496261214212242,0.8025327482269983,0.490580553124473,0.605459971242358,0.71911036971391,0.6870272621926223,0.9860103915933136,0.4323742913628139,0.5550791682918386,258.61582329224666,6736.624320082942,971298559.2136792,30809520419.998535,3414.4831719815484,32.70936990101157
51,43800489,0.1482321892703318,0.1098167879701269,0.6999962304681544,0.8920596166658162,0.8443636587004998,0.0383704208270099,0.98835712335034,0.1994973623878161,0.7627269701239094,0.3961496577194328,0.3515985148670947,0.5046803613770269,0.5776551544046917,0.8809839407566356,0.8964085058379332,0.3432198583871673,0.5100423541607657,0.424632349238863,0.3622867612690471,0.7767295236299024,0.5481987621815051,0.3239267027653083,0.6124472723380229,0.7699913437232813,0.1376650065096237,0.6954910109656932,0.2849350854723954,0.6867056911966148,0.0285582831222826,0.2064344364386246,0.1161018331769041,0.6838382520044161,0.309259648466624,0.656163808247825,0.325386146410725,0.0200265841737168,0.9269358779367658,0.7159609762449463,0.4130976719084642,0.203917235114629,0.7770829448442526,0.1821657684398236,0.2324373297495365,0.7373673002012653,0.1743987104275217,0.1809357958845216,0.7079576009363879,0.3494847989279241,0.2238006013673355,0.0700689434841309,0.5185159511238917,0.4939628479681857,0.1071299894352423,0.0818073994646027,0.5395521436718425,0.3574005424932687,0.4274407275004021,0.1933555670876244,0.4544843041786305,170.8775482642921,5537.353932186312,977298177.5884998,28095795216.903793,1994.0960981177527,31.403065332480335
52,43800490,0.4827703480331551,0.8177436358246215,0.5287365929163548,0.9629028425392854,0.3900844735245077,0.5046540970506207,0.3532231352262805,0.2679067246739907,0.872355714794942,0.9659429389601804,0.6447846416883569,0.3100551675473867,0.190305927110808,0.2789086221826568,0.0043912005191917,0.0230431601846748,0.3853775382290403,0.4051131444029447,0.8721333743351737,0.8393027044406356,0.508622758248508,0.0680826334310711,0.633144908175448,0.0987018899673926,0.3800628012406827,0.3328962395733933,0.58926005583492,0.8591344834430907,0.9455096718224668,0.489431741692655,0.0986868963080175,0.6332157449635023,0.6424864060117228,0.6528950076167572,0.3159064256510311,0.4527237943421101,0.1542640632637187,0.7260801138913829,0.4172348906986831,0.0940480325238865,0.1114272390877823,0.8359576750197111,0.4806582136102102,0.9463185697080108,0.2632166873375633,0.4134936200247832,0.2122740904536594,0.329260607858051,0.6932385350861964,0.2632835762788666,0.2990211485728481,0.9824506518706292,0.8300489940238909,0.4138298311847134,0.5001173051012725,0.3923001854425198,0.8881568353279279,0.001511374722359,0.7831514382425698,134.18667945859556,5068.854817406971,827229868.4858118,29844269506.878403,2509.578911231451,20.876370172146338
53,43800491,0.0399892137927578,0.8695100056313515,0.4406213310403052,0.278329975096617,0.6788862412177544,0.3751961341553917,0.3818670434880595,0.9711465025370658,0.6678065007185983,0.6348361041918756,0.5658093173816073,0.5520979646081897,0.4805627202792296,0.8224428481626114,0.4518610658712965,0.2673243242063792,0.6291494703239507,0.2615736181561391,0.8240995765088915,0.0376678810857687,0.7596804367474818,0.6076845856846376,0.9085460297436172,0.2365505449690911,0.4877159417100021,0.1312973439662312,0.704101889733092,0.97902142687146,0.3846545079749398,0.8061792027252904,0.3511048098168164,0.8647526131082526,0.3778434847678016,0.4049810904597353,0.2417834718843539,0.374233803218495,0.6560123751205325,0.824980885526631,0.0190056330107635,0.776907086982235,0.8056185011783666,0.1555936579819,0.2565386621058689,0.828834695980895,0.1419638339910287,0.330214778516176,0.3588119903228553,0.7999124498327037,0.1207068428599729,0.7484050800442192,0.5035707085270082,0.9571404700476044,0.4191789720919441,0.5696855760481845,0.82702638114177,0.5282416054608527,0.0532936878975491,0.3487978737970276,0.8539811959070069,168.63280260774073,5499.299405800761,909820140.1449744,28908844343.74076,2267.4138887337895,24.043967308235594
54,43800492,0.1857040257903792,0.2490028322799053,0.3774939197104077,0.1893955704987701,0.9815692486051902,0.5905500539804889,0.9410938992436818,0.9337244747184856,0.2560709959323705,0.6508517383747229,0.8382861199932031,0.76053064316638,0.9783388613296669,0.7703499709486484,0.5963913960991792,0.6401154905316333,0.8566396057720017,0.18004029288092,0.3562474435536004,0.9790618679928808,0.2224399503176313,0.5667072069326287,0.1151567593690504,0.9335415519142048,0.823145492935852,0.1075128844576033,0.7413767198752048,0.0638010964854289,0.7132307582308184,0.2857027078691429,0.5043665098301401,0.8338958632940953,0.8088869987265571,0.920006384403906,0.909888052967422,0.5486263937868944,0.4441690256351603,0.1023828843790799,0.0930867585607514,0.0269024690322572,0.6431321775443957,0.6758489659214966,0.7176972825200617,0.8363498761399556,0.1095169416768147,0.5392445098312041,0.0086424814356104,0.5433859882045377,0.4998059408802965,0.1376099385680632,0.3976748369885027,0.3904492952854547,0.8331003437359132,0.2258590798891876,0.1449372165064829,0.2075878466777923,0.8671230624660933,0.083873204671552,0.6308212367348427,108.92389259353047,4824.208995330529,831669125.2156264,30677735899.69272,1932.8967504524007,28.95435841163828
55,43800493,0.9070718795768816,0.5032668095370482,0.3301269589499729,0.0813379102813865,0.8781953079019369,0.3527307903196969,0.3632148558211477,0.3215296264376309,0.7898237025833256,0.9360905293140572,0.1732919376682091,0.0009231976489799,0.7751015896110195,0.9038549951867992,0.6982620537602454,0.8823299933753043,0.8874018888094428,0.7911851572214923,0.5062702686568721,0.3881723235285415,0.7773124469904913,0.4695721578927121,0.9939289197424556,0.8709675489457924,0.2084719188214632,0.9531390017871038,0.0817751026725017,0.0184290731264951,0.9956433025611848,0.9108747723365758,0.6307234108083164,0.8553633928116858,0.374029552538532,0.0823249534264189,0.8087443708750813,0.6043120145015185,0.3324724405207697,0.558928211217872,0.8859130977851316,0.1884146585733016,0.3040365318498707,0.0027607835838347,0.7571027011081406,0.669511686001126,0.0377517882752926,0.6033429665155413,0.6977491057975327,0.6704613281497729,0.09707920591979,0.9291945118346308,0.5335527230942528,0.4403295866697237,0.8879692942376836,0.9230168962548824,0.4647899045126039,0.4858976133710391,0.8249609858463935,0.3250043789692578,0.4314443505796707,233.96607353157097,6423.281729766199,1002685554.26721,26643787176.400536,1856.2174077041723,22.966784058600417
56,43800494,0.4759825641448051,0.9858089006333688,0.1868550417312202,0.7689092256032068,0.7192588576413788,0.5039617436776143,0.6537387281848167,0.680012880571214,0.4771037817457453,0.5839749615153592,0.8560061091285023,0.5820396511469256,0.6619627634601444,0.7896531829397185,0.9448968362412437,0.6361005356564963,0.5932022929115576,0.9750009401147,0.9067337747029308,0.2821571357251841,0.4918393748490836,0.5053768757850091,0.6102498355937854,0.1295913747822958,0.5230263763921605,0.2634132998915693,0.1747200935706372,0.7477907639068819,0.3604238199017627,0.0920285236039571,0.0329093180717711,0.6800699853454528,0.0300496187764212,0.8171192147195088,0.4445285352249458,0.8711212646025602,0.2433396441621759,0.8611927262587328,0.917227246237986,0.5567692201041785,0.1145728183966908,0.1140533339336158,0.6566698637850131,0.4535822400446421,0.0932204046757165,0.4619635260177101,0.5384423516990979,0.2093316560518512,0.6745401173301164,0.8746847452006664,0.2973027234618324,0.5531090103566351,0.677150892814208,0.5315102532206116,0.8513409346912456,0.7525600044341965,0.9588167692064156,0.7498589963990973,0.4858385654575875,125.1888680849509,5100.559653984518,817784933.9022856,31619417226.609707,2268.986444822152,20.42456535832627
57,43800495,0.000486554668043,0.7307153379030229,0.6486518798571259,0.4848074697149067,0.1508091136850748,0.1655735289828466,0.8829996159628672,0.2999000427860358,0.173182812049414,0.3113884806092222,0.3684427068874984,0.6266090640555896,0.509507012739673,0.5805484661791948,0.2126446169023191,0.0206083615537218,0.232777888492939,0.5744265077622249,0.4188234209234652,0.8466999475240815,0.2612743316083923,0.7961290677817757,0.3894424098294888,0.7330804201016655,0.3185940630906824,0.999131377249015,0.0814663557592641,0.1419432117161605,0.8210507349745996,0.9389936681053098,0.7558658962716409,0.0308633508445706,0.992786494901403,0.7145006028903838,0.2813719612631907,0.2395568204602905,0.7395763505290126,0.6619661274416786,0.8724263253286259,0.316650480716569,0.1044526176992936,0.2783670968937158,0.2285417716019822,0.0633131509606158,0.2866905157405328,0.6100513648628246,0.8161320642021571,0.239881945215528,0.9126335955219922,0.7852261263821206,0.0964395360791821,0.9105325101120824,0.0660730924845771,0.101678681656275,0.8734725253865252,0.3717412534779445,0.7188355931003828,0.8764231395371808,0.1411378563488576,232.25714553254357,6408.161526212842,1056103211.9855303,31591398264.43444,3266.5789726197154,33.331238703273264
58,43800496,0.4475495989482401,0.2438759433198606,0.2594905499489099,0.8642609557772228,0.6943425430827679,0.7958232715785679,0.7353687582697725,0.2952575714644138,0.5418854064532639,0.8093782547262638,0.2037460795033109,0.6584321029459986,0.8404304740822267,0.935227355491698,0.5530917314645577,0.7868191930864178,0.7695686819612929,0.3847403031861292,0.2236957434705707,0.6345842375667499,0.954725335370224,0.2355142846713631,0.8611369903345929,0.127932865773478,0.8030613997663724,0.2223469469567848,0.4164471093209296,0.5062624588438797,0.8818173359616825,0.4915059007696575,0.2875760458685237,0.9646005287481578,0.1385133638427127,0.782477121156728,0.1119666994890435,0.1872549815598387,0.2462468195055896,0.8487269518900268,0.5289884471217416,0.4058349075933655,0.2341460524620801,0.5727242268542629,0.3941105028043621,0.7140514627917638,0.2361680781994442,0.1903966433083224,0.4025123669067245,0.7339490890029365,0.2459462794852194,0.7522398155014741,0.1623384787151414,0.0849198217992486,0.9983685124463872,0.3066874114221938,0.1466202118647699,0.0067441735173911,0.2968456248190313,0.2905417818855577,0.5832379435065475,135.69655564685115,5055.26600142601,1029770497.3230081,27657322159.752914,1675.3996033487704,12.199277760272563
59,43800497,0.0934023699276092,0.0201386601630989,0.2014933834390556,0.0751757126526201,0.3688562977396593,0.488761562714089,0.0422158393610381,0.9138823511999008,0.463865599374035,0.4458558905923676,0.7166634121106172,0.8460033044922127,0.3952257437479116,0.6092247273715152,0.4966348242799769,0.9610040644438768,0.5568443158269264,0.4648501337769483,0.938804997997302,0.4181929301773666,0.2561804370898032,0.3332312608097741,0.1865596802180404,0.1569206817873994,0.2735507913656015,0.4172095125059214,0.6868664824144675,0.1328753413598537,0.5297572759319962,0.9316047429140136,0.2693878861202238,0.3435789293457899,0.129245262183235,0.8994959051581985,0.591601449262057,0.3385405258512877,0.620193995752071,0.5224564832329189,0.9064095445814592,0.7619068713867657,0.235911139724193,0.0956277442900981,0.4419375228901308,0.4080203431425567,0.9433959399060472,0.3978444014053773,0.0597825889029611,0.0189813378158661,0.0014052128452077,0.4574615671676235,0.4118799585320848,0.4371951396583451,0.4406171962227139,0.2095949735212808,0.1450386001226853,0.168435698913624,0.5536106351589324,0.7478052686163122,0.9938581175848976,156.51030088486655,5389.451705352457,863449166.1814538,27678261854.90275,2819.4578483744535,30.726149859113427
60,43800498,0.5623181102511399,0.3131679827526522,0.4120050341115948,0.7163472501003518,0.2293639165586334,0.7946415839106883,0.8763560165777557,0.4378930499075019,0.90552932488587,0.8883918262172796,0.0459606471130038,0.2752605094105112,0.9251377474610248,0.0531932731130202,0.123037287748732,0.9495739005941312,0.3737536434903391,0.1410682761270416,0.3111900197814447,0.1015637524086891,0.4193102396715677,0.087202770811698,0.5864084065168074,0.354187089296685,0.1132792442161106,0.7555907425701794,0.6038430759669967,0.920714146328394,0.2331804136859241,0.8446135882014533,0.8049298308397207,0.1640367790714259,0.4907584892104092,0.2580606329816993,0.0887200685120521,0.3053307728625765,0.9334879753904456,0.323661471505654,0.7037921972648867,0.9241045662773352,0.5722356586079328,0.379800773809209,0.0193728845837409,0.6495716699025932,0.4639091092576718,0.6944358700346223,0.7853483751958216,0.2158288593640298,0.010460986376807,0.4074876232644374,0.8070654148774286,0.2182898907195868,0.1349215355732289,0.8809459653442352,0.0102058881900938,0.2900884223311687,0.4183699695628282,0.9638609319647656,0.4903582472258054,164.82508909416774,5503.779426355598,1009175872.1849073,24716618682.49209,2888.5599366330516,33.94666380851622
61,43800499,0.1163460513002435,0.3303762191874134,0.9520147223056774,0.8210689857288573,0.895591341067996,0.963483793535308,0.2681859331676365,0.4531764038032721,0.9608791774024956,0.2319735364017194,0.8411017301297544,0.0926505843946306,0.2128038343464706,0.0542872616001922,0.5578297755042574,0.8258211585460113,0.9787818679136692,0.7152300108355976,0.9432370780097186,0.4190163696846702,0.3398924478668167,0.0575495735143807,0.7606162002190531,0.9375192687235115,0.908909505007326,0.6042442605382228,0.8643747446047676,0.2322848065793798,0.2781295468056207,0.0163298155106327,0.885018551104346,0.5167377667476062,0.4883711201472929,0.2101211151154105,0.4672679194748231,0.0433182255303568,0.8024363116649099,0.2182071130637389,0.5770042016286787,0.2579023147463262,0.1514714445553028,0.1449093068229568,0.353808321648182,0.3444534565761615,0.9042072598687816,0.226367854589503,0.6186183359483046,0.3413089751808828,0.8207363807548925,0.8622046986680412,0.1126069431255403,0.2295226913096814,0.3307022303544598,0.3925602740798222,0.5146610715420535,0.4930594578078309,0.950840359298624,0.6274123994524583,0.4194691676212785,41.431666771773905,3778.557965768096,809852980.3743424,33168801589.299652,1791.4850336152206,35.4069292267167
62,43800500,0.2764980506866678,0.6341802846538883,0.120378552328583,0.562039128534453,0.2723711103844407,0.970496900211019,0.2076489863803448,0.3552808877341653,0.387431589858784,0.9640100767979544,0.481616720955225,0.4962387496863921,0.3701628993713963,0.2884356567027111,0.0775040806515788,0.6979923223201708,0.5947484331241071,0.389046722797384,0.2095132932580302,0.3043043986922075,0.7186191866424926,0.952291689462317,0.2819533273875371,0.9572387730334464,0.1001808409124002,0.1651100210871562,0.5574277898112979,0.2143795029763034,0.1232422652677019,0.5114475951229359,0.115558077666564,0.5452336615740138,0.727204521246728,0.3556821907450616,0.1745129301045899,0.1692998091317862,0.788986820985568,0.3057329141735629,0.0418015088407664,0.4084691021266436,0.8346771815781652,0.3662073572530944,0.3420885042339235,0.88878162978161,0.4240814176753755,0.5774152095994762,0.8532553891154696,0.4111857793403296,0.6871848018279997,0.1400819605812954,0.4548640633462999,0.758660283452283,0.4951341231675782,0.0565771524368354,0.7202357705556617,0.5832129988812117,0.1693206808103979,0.2904389456644996,0.5010863321072425,152.38050664164504,5344.544219214924,914569257.259128,29296446972.11523,2906.794384484789,30.517615607590102
63,43800501,0.9752951534348836,0.9553341045302768,0.2590170634470438,0.3307773509016028,0.5414102767813043,0.8742128232099947,0.0186403204673978,0.9966408176504722,0.3709507100667845,0.9697760331523904,0.2433115046443004,0.545881768206117,0.1890364505415264,0.6545241935910444,0.6056964092824451,0.0436177343592637,0.7426320647581911,0.5463980876023985,0.9490550614537588,0.9958309537515218,0.0161176176497831,0.7901769642140639,0.0552175067663314,0.1947694808705095,0.5769939982474867,0.4991874755474814,0.1530191072991076,0.5006467128593921,0.1035828528876633,0.0526325204509302,0.658844044407992,0.9734333683502716,0.4957029776884654,0.8738772356016588,0.279420167715101,0.01447127931709,0.306717612840069,0.2637937567795234,0.7283908401879542,0.511937199452394,0.4011333982261113,0.08329714508488,0.6198798148965983,0.3669654989762856,0.2865297296392926,0.7073179708730208,0.6514191777006862,0.552894712083669,0.5509464216079998,0.0110272356605205,0.6375610433758129,0.1157927147665658,0.9221613255784152,0.6476628926761351,0.393797787873588,0.1382888757997136,0.7959292742264197,0.4726178824160936,0.2925047679649974,185.45239271874527,5838.784574728993,995767354.591239,28151280338.73706,2282.0830800078465,22.068376193779567
64,43800502,0.6895000614616914,0.9442727385088484,0.035632502878047,0.3208829657871839,0.9666794748192504,0.9676451738754536,0.6041308649475694,0.9574763905128436,0.8317338328484039,0.6999918287841371,0.917476465789342,0.115000739731095,0.7836297939791049,0.0687110540906082,0.7240838747857712,0.5901758755851142,0.8673919054866536,0.259752812970869,0.2391409550923751,0.1099358011786133,0.9914844680367856,0.1173631556785661,0.1458101584399672,0.095187147799542,0.9565177456730468,0.2256134133210433,0.251432180394069,0.8768746533137962,0.0148576624870281,0.8643513476018356,0.8231466717928287,0.2511676222141011,0.0401330404824579,0.7998669148241612,0.3397186586097239,0.8601384163925979,0.6323968168217281,0.1652511672053838,0.8827358449465247,0.0238218881079251,0.9765257210608094,0.2630528113857676,0.0563474757726161,0.0486472993593937,0.2934643611411948,0.2826750121580443,0.6472730348451984,0.1125681212217519,0.5398230411074657,0.9595317033793684,0.4946551823938941,0.4005239828632891,0.7877496210528364,0.0471587960310318,0.590783663933375,0.0809822881168652,0.7698729179305669,0.065520893637201,0.4059254375057378,37.758826156404794,3704.551466100449,765608983.0773855,30516246414.645187,1706.4817270963133,33.529231020194615
65,43800503,0.4704754526030972,0.0926945068203022,0.7771666533671999,0.2622170527623937,0.6161873990361524,0.665505524331352,0.457255931978748,0.9322045375991292,0.0703485733893578,0.8145762834929374,0.391650772199171,0.3818037366120722,0.7165762673139633,0.67972336848042,0.9017956119939766,0.0862197511116754,0.6420552494013335,0.7829449735955899,0.9110258808732018,0.6769746475105983,0.6881973915670415,0.9120268117913386,0.5463345476434552,0.6605874122571685,0.9122018667733548,0.4263784601538146,0.6806224009128949,0.0199520594798983,0.1055431041566904,0.8443580757586074,0.98265491212893,0.4550145941071888,0.2069970377033521,0.2499106302750327,0.546782276871207,0.527804644856631,0.8068986040333366,0.7982073909773535,0.5273393621060315,0.0166289429376346,0.989029965247116,0.177093727044935,0.9074310534618116,0.5781009046376905,0.9207271007008124,0.4023971789844921,0.556817197463092,0.2212174987888065,0.1231857165875382,0.3099331819410865,0.4366182307371463,0.3161982956687796,0.9024902427687992,0.4936748021576434,0.8768009746133475,0.027352465308827,0.4760639374624388,0.3954104314762392,0.1926302712526035,137.23482512639336,5193.179522810008,986418845.5663437,26527094791.438164,2269.2622557827203,33.48906853855295
66,43800504,0.8467886869294948,0.892344186973261,0.6872621862596239,0.6566811055311584,0.484747545031855,0.2725986899985416,0.7854765750080624,0.4282672788789269,0.961772914539098,0.4109890792288302,0.0152426339133634,0.1863888756914153,0.4960390443828008,0.0309174473863489,0.0963578813734345,0.3277266094715785,0.5567424250989573,0.6565805220000979,0.390372113495638,0.9884088719108352,0.9026167709253098,0.841023113978609,0.9547692022718706,0.4332055954331573,0.5683021946211321,0.1532628165769081,0.1471090405748077,0.3367220156657472,0.8454928539103046,0.5080727996653326,0.6746403866869273,0.6767735993152674,0.3514813722625741,0.1951158084392665,0.0259482938280314,0.5840082916009016,0.8039632233691727,0.9159861919980492,0.8619473784161509,0.4625225833655602,0.943595388195572,0.1178026025893797,0.7774133642226478,0.0243408264001327,0.710231635724438,0.950610826506268,0.8709287204190628,0.9371897050740946,0.7035284667457792,0.5514238847210688,0.9256000018012308,0.2359085157448638,0.8122142798659675,0.0330870196616798,0.9961607801462024,0.8732551779186496,0.8908444457834587,0.1492880405040819,0.7792710105724546,292.706040621681,7208.526132620793,1088842533.074221,30308319630.653214,2866.686494273954,23.943628377732583
67,43800505,0.83692230735751,0.2044096169210187,0.6171956185064369,0.8668926651719705,0.9880744315539662,0.4212622115477393,0.5429627918258713,0.7417399168240678,0.7089187075812506,0.9272791709796376,0.0960517974686796,0.9974117415238812,0.7849534284424059,0.3016621924060454,0.7365773823043407,0.1925982353400464,0.6324343097079324,0.2215116450130802,0.3022722608537123,0.588979784992808,0.382748061980922,0.6527052791950928,0.6322252641383925,0.4659986165101498,0.7084517463165202,0.4824240479247547,0.0429140988009244,0.1671524189649296,0.0651079347162741,0.3133749451807184,0.9492702919825418,0.6495581330599689,0.136812679872544,0.3892563373822173,0.3963247411061176,0.0530252682837054,0.1265758564165358,0.8260369602358322,0.9999812836350566,0.1794395648944578,0.5829136283963718,0.4650927284497371,0.2466010908453466,0.9714237864097168,0.8599643637833936,0.5682362400354674,0.2802081329013469,0.0703839501936361,0.7478094208626601,0.092176906346365,0.1709313378789235,0.5947179964061723,0.961266452943274,0.4497792806622441,0.1432567844947936,0.4484895845849338,0.0696949902730145,0.9871813207646712,0.5153877088033215,177.63746109346712,5655.113875393475,996467909.8032341,27607301881.74344,1583.3157175367714,22.26583674685318
68,43800506,0.851118236072022,0.7837841846822413,0.2052629189652101,0.936464741291985,0.8569623995516712,0.8376372433614612,0.8651364066606655,0.8326774125727855,0.8109736643479957,0.8650891004531907,0.9214208510012264,0.4804117824144836,0.911594216407079,0.3343412412265814,0.3665064989407255,0.3436268780143999,0.6584944009097264,0.6460775583743918,0.887085104313195,0.1480284029656115,0.8192067124059594,0.0878410219588373,0.2221027436849269,0.2519330974655661,0.9873225233952596,0.7745752624551805,0.8946941656062791,0.5585714027440217,0.7353395213169934,0.6429184172797506,0.2901638065962317,0.5727116632421997,0.5928040459584342,0.1250277266725857,0.5041984240262399,0.3804866909321423,0.506577236353559,0.7687368476808436,0.7970061787252329,0.1411998906228585,0.3682668328896558,0.5956030725072122,0.678659517193741,0.7830054490987997,0.4101461096655474,0.0107273247340169,0.0467616263736333,0.0718493472627328,0.3973341100860131,0.7100107118765521,0.3992026125461375,0.8653422997582353,0.7233118194039666,0.4395090827174283,0.5872229352006467,0.5749026140144483,0.0476866445444784,0.8177809610269388,0.7332690381326211,15.691540796909674,3374.6733391311195,752872550.0112906,29375053876.092922,1685.8722749299782,31.701698897258318
69,43800507,0.7609539081933748,0.1574976577639147,0.24720415295238,0.4297010877722887,0.9474967709596324,0.1749695392774999,0.835757669321091,0.4220923125513232,0.977992625230111,0.0385118345584422,0.3318460814456752,0.4448650204541651,0.4511717920799007,0.5835930787885039,0.8497687629703039,0.061161041947178,0.898122240275804,0.0581653939436837,0.5156946808555288,0.4140309393734152,0.5340443937396999,0.745128078795605,0.2958297290771463,0.7062575829141897,0.4139165590960936,0.5584905776003483,0.6641364511994162,0.5469415836329828,0.1773740830741641,0.8413555801022153,0.469922113435833,0.6106316174609739,0.162974579107569,0.2933086154638137,0.0922689053084709,0.9019119532339924,0.0497222551870597,0.2998671567652487,0.088067789531067,0.1220607717770508,0.0307071789524913,0.5853294828570421,0.9010075761378776,0.3748294864474166,0.8184438493333391,0.2829409422935772,0.660802790826943,0.342719224430447,0.3339108845494011,0.7182194172930079,0.0040695939752766,0.8815872151204351,0.8477075423495708,0.930462815623192,0.0413751849527056,0.0231901365735294,0.5828934295481996,0.7123080505790683,0.0973722920289323,182.7270223094184,5681.94404971755,1001722100.9401554,29341200556.660183,1615.698835271279,12.23132388385249
70,43800508,0.8241999738469531,0.2919354455403346,0.8493734694716755,0.7374408598486416,0.2995439783157815,0.1211056988127388,0.0475333466571428,0.4332835878868452,0.6023699219345215,0.3337399740698346,0.6076366460700433,0.0352538391998895,0.0673322994483755,0.6049858441469587,0.7478173248090203,0.8369815971598974,0.536185793803389,0.5108051941489866,0.1260427001989084,0.9037165416444596,0.3508268336586373,0.2156466269076825,0.9954731701546252,0.9588742085386808,0.9208077260340488,0.7521134451741828,0.1986067287779135,0.4099429962594579,0.5026012132820208,0.5355268391748337,0.8128400650288747,0.9412570047888438,0.285307848720651,0.1957739714665639,0.0689922472206829,0.5730116094256092,0.2753868025311298,0.9034549084169758,0.2724413992866271,0.5717382403313217,0.8695706512118365,0.9702312738438116,0.548004694467501,0.1920379233087828,0.098215376356585,0.6679599362084284,0.2667093128715311,0.7114879277951082,0.1477927076692406,0.839777961247852,0.1143388573893007,0.5297780593453426,0.2507824006665902,0.8977616925315258,0.491232489414632,0.0440513567475101,0.0693596277940748,0.1486084854262037,0.9705055208405972,237.30018665159227,6401.7912282787565,926931854.3785661,29960487832.25082,3134.595439077231,16.80982667571268
71,43800509,0.3220083774100453,0.1986570346352855,0.2423981877942668,0.7214321117313545,0.166595311530556,0.2855881175493976,0.8216052901654581,0.8336118166271285,0.8576947701905193,0.869018239664906,0.6286517980689651,0.7208617509741707,0.3356122244095558,0.2528271992511661,0.5599121323099409,0.3439663485946659,0.570519650011819,0.7508987938479502,0.882520156046756,0.5876611267365641,0.5548444289390354,0.5796618971639086,0.9585338930422342,0.5694409958640015,0.6509345978917528,0.6634465165700488,0.4555053617881379,0.0874403825983057,0.7371672968991447,0.4305111187397751,0.4560330464817181,0.1716070949916622,0.3427722586555807,0.7941248257162348,0.5653318851716026,0.1912150099392097,0.1416820312241277,0.7499635351814474,0.1818448951572757,0.1051808982670476,0.4219367421227347,0.4977572485842911,0.347341763652846,0.4277665590755103,0.5170091690546665,0.9848176312789242,0.2955857379428571,0.3534965590256668,0.2881688723878753,0.4058276005266276,0.7652915044011293,0.2525965306747249,0.7829593763021534,0.4072558280814965,0.5118341675777194,0.7747630741741764,0.2648234685241684,0.2610809675447653,0.6837440252393037,217.6074198641238,6212.353811155621,840321975.516663,28263885365.7451,3497.1981157679666,19.081473377910434
72,43800510,0.027301473430291,0.142829555826401,0.7542367204567063,0.6846537874682558,0.9517239145659366,0.1563670920714322,0.2263458574147601,0.0919299387286047,0.9709703091095024,0.1700927393328667,0.8758638840394544,0.4099795817551012,0.4034920521855993,0.739787519384538,0.5923683519067164,0.5866563123517141,0.9270420667719924,0.5940941601131139,0.7342295917404995,0.9955294656531988,0.8864180891695763,0.1757231869783152,0.8727708849561173,0.8248202829049108,0.4237109064188961,0.5046795144410618,0.0241738841695107,0.444963027859838,0.9195310604000076,0.8310205273428761,0.4342111710829685,0.0601214386566,0.6767367660895575,0.4329156139982725,0.2567160205663518,0.0244683918788747,0.1057891329974419,0.4936200585353095,0.5025139672884833,0.0620627886328544,0.9981978349210604,0.0156496317631143,0.7868245630545606,0.1013040808166361,0.6790242069953712,0.6193269829603646,0.812577864402466,0.8860092721793429,0.97478195175951,0.7997411428570623,0.2002438095759701,0.4950286958796336,0.7729428559712186,0.910141753303836,0.843722232700894,0.0600706837000176,0.3771488682129252,0.8731489324522628,0.2745611347388788,212.51530876831868,6114.934619025523,808899487.3140186,35632664680.94423,2092.0183455946226,15.370262521685927
73,43800511,0.6350001216486851,0.1702389260222251,0.0193856200835595,0.5837683497044428,0.0401708789500795,0.2750557150394614,0.7005663714588921,0.6337992939684496,0.6562860365447349,0.5156078115221747,0.6976615255453544,0.7790902141510937,0.5575705278663278,0.4659663947858016,0.5239714402996986,0.1127054671491949,0.0874623168085958,0.6860005316775392,0.5076740190374704,0.8564993923268239,0.3714437417024416,0.7675685208675749,0.6717419365833834,0.9429912268708328,0.2749688957786688,0.942368848180631,0.6623046871836845,0.1914666049177518,0.6094967777696344,0.6009352205634585,0.4084186522675093,0.7912590169336271,0.8482968747077159,0.6699582755190723,0.168481212613341,0.040933781703029,0.0783108143274248,0.5871684374125864,0.1226437278943338,0.1827753989907477,0.1351493015107899,0.6407861546942232,0.7555778279408263,0.1814645967671709,0.1484729295951012,0.5229308161581246,0.6151787610389016,0.1109673083637929,0.1068231409701781,0.1423765466989563,0.8283699205555234,0.534451684311559,0.9096470077849488,0.5240409540447588,0.193917375564992,0.915689619972646,0.0794872168939788,0.5015829500979149,0.3350117517665791,170.83795155910568,5559.746619946574,854853807.7912858,28188792202.285652,3229.8982343126663,21.455430200262366
74,43800512,0.3439254732324954,0.522565480469188,0.0666854647877756,0.0885994008401982,0.6790548739311942,0.7616289053640658,0.6727646254343596,0.4084600237444897,0.212202008801546,0.5044461812650612,0.4466032620598121,0.2877254342842371,0.0322548400907261,0.7531997749081022,0.0508534433401116,0.4119298302665272,0.647622961451356,0.9573650242103764,0.87510515152266,0.805360682145694,0.5745889390678688,0.101355609886976,0.2971042636216475,0.0465779623800386,0.6309128720172685,0.5873009435912294,0.8675564809260528,0.1743816730177884,0.1405066174988934,0.9482440114321548,0.7848118142508937,0.4099478443687792,0.2169576581154565,0.802205911108495,0.4387812010892025,0.2732407836618659,0.6727298572424206,0.3554969611604667,0.2503398918456173,0.4577224705819646,0.6714150540759165,0.6214703453715302,0.6281501641070555,0.9365149569957733,0.0706028741400424,0.3592996970974317,0.0070046605479177,0.5711099341947462,0.262509564524675,0.1943652668595417,0.567599622717671,0.4987750022115192,0.998312331087813,0.8957168247953536,0.7017296085278667,0.1484190747566196,0.3252331135857005,0.6773025004394324,0.2507372799407937,143.4922087927865,5316.022854044682,997252168.6823794,28917794195.29789,2128.8963370198035,27.94941832815075
75,43800513,0.8918090806087933,0.4317157418877386,0.9112954931082502,0.6300904784560285,0.0188842113816876,0.5259701108837136,0.0925026140439644,0.1041388061847187,0.963837892269413,0.021763022145114,0.3089042237724062,0.9851104731815352,0.5557598738919374,0.7002586382161256,0.3411981443457877,0.8456868545304099,0.032747918807049,0.2513380115460302,0.1759731221534914,0.2484635308334947,0.2691146742556795,0.4137268824528964,0.2505918290303218,0.2513163433711708,0.9797688976777316,0.2547430545905397,0.8756818544543613,0.6187635342981946,0.7085360873022283,0.9131167792696964,0.8855980659515457,0.7790384454421893,0.7387979561289656,0.7381465476622019,0.8100872208362593,0.4211562446347549,0.1926298362729296,0.5390825266662955,0.8846564425034301,0.1477499958165723,0.3486725829871564,0.852702729644822,0.2896537202960001,0.763359445380754,0.3949301187820835,0.8558171495485557,0.588418850711637,0.5598878753108125,0.5123910433498201,0.0327631391459973,0.7838723447339077,0.6082563444639186,0.7932534987804717,0.8857556389190345,0.2038310610153492,0.3333089398313171,0.3797933180187444,0.9675362287525804,0.0016698765649519,208.57898496138492,6065.606105902439,1009313122.0860889,30358342364.00609,3356.2526128393274,25.473456440150066
76,43800514,0.8919609328334431,0.9299191207749822,0.5617079963605726,0.0938346732944152,0.0026263305225597,0.8489862831838625,0.0002819062407232,0.9462369885839028,0.8333865725656827,0.9712092892124168,0.4271851437189668,0.9354361680388988,0.6715964981392784,0.5209072138757682,0.3247251985538094,0.1994742321881363,0.4678987889874835,0.7355889924117521,0.7810773280368729,0.612572556635221,0.4824786015784609,0.2677868267138826,0.097713727593234,0.3892475134711137,0.5195154871350562,0.8835198761158406,0.2141040178621716,0.7513496559474212,0.6338347039245251,0.3197728651097533,0.4660242076475095,0.1669737737158503,0.5092611999122291,0.0058562250956965,0.6731931994947186,0.7619540927350138,0.4137161371970017,0.726828725133696,0.4069669730980935,0.1254665808539325,0.9137825113067372,0.0193653951264667,0.5381435021181651,0.5809119629412061,0.9547447810364296,0.32437595412446,0.3661415377091409,0.3467111417946055,0.2667582879018942,0.9844566539224628,0.2553066435390486,0.7510325009682143,0.2647278947915153,0.2439433554325078,0.1513345414766453,0.168543744740815,0.4699458053367552,0.7631185612356141,0.9190967219020184,129.5226336145543,4991.359417308543,898602798.2934154,27410165526.004177,2817.1516844542602,26.072338622137345
77,43800515,0.541134734676562,0.7819016284777874,0.1304392614318391,0.824999887506861,0.8447295372297524,0.2695672248806013,0.1823908837977143,0.8080596903631431,0.9707301542886932,0.6270973825704119,0.1528367430283664,0.9686975045031544,0.5349526993549473,0.2509838676107003,0.9591267150519353,0.1188580889369552,0.0451999633083743,0.0411758896047317,0.1712146707998326,0.8597068816139843,0.062437216817844,0.8162387508721822,0.5089408576512744,0.4193800189953365,0.1904682667745612,0.2385311469969203,0.5429798440586654,0.2923836053995244,0.6348280647577145,0.6168911965250534,0.5306202722942954,0.1244279866960663,0.668132279977861,0.6324708413541803,0.805032565402903,0.6483375362473415,0.6007113018804666,0.7016699232127357,0.962173672509524,0.4920708081953533,0.3621921035355024,0.9424413138781806,0.6056115583396446,0.7604097881023618,0.1318286923562785,0.3796203408476455,0.5680998237266086,0.3390412252307961,0.397936951713031,0.5049243475778249,0.6258592171545491,0.1879319761083873,0.7464677064107224,0.6900480359845685,0.1007080139013058,0.4241427780455999,0.8563661755991475,0.9425815954278258,0.99124587661034,186.88625358682344,5734.890414621207,1008318482.5848647,27689990312.60249,1837.7290196757067,30.22972137856966
78,43800516,0.105888044748826,0.752811175026583,0.4274217752983683,0.2441190165859268,0.6515614689721451,0.8526089903487625,0.736773486144466,0.0359572878930167,0.0982444180666928,0.0739722518235949,0.9124649938883812,0.8227046944638629,0.9914770815605872,0.8100923412945806,0.7750638880284758,0.4975113789659192,0.6934016112393948,0.2154668033826696,0.7712279982461901,0.9281539599280632,0.4331138344854651,0.0267923043237485,0.6024114086257628,0.5587913292624437,0.6607893234306237,0.5539914120049774,0.376344509760527,0.1650675734855144,0.3140476024422974,0.9517613128963937,0.5044282138757968,0.517360938849804,0.4523056192002218,0.9744406336404572,0.816986684556217,0.3600813452550342,0.0600498246526899,0.4871248927844683,0.8444073679793922,0.1736201992466633,0.7605868417648316,0.7405250065035927,0.4971704085505473,0.3959298594231016,0.7728870342812377,0.0052046450339612,0.3984554604352578,0.8962338284210231,0.1171777548075098,0.8287648231601237,0.2902515536489941,0.4297396790989414,0.1357457760370874,0.7596685130578289,0.3395085143586759,0.5697464716750346,0.8368286317847452,0.2469906017712886,0.382769545250355,46.25640708802119,3980.1589435746814,860916724.7822684,31712839656.410408,1939.8074235465506,19.385912461316437
79,43800517,0.4634019514792303,0.0486611886774044,0.2940206833943883,0.4902015156407761,0.6701681978189364,0.5323131686877123,0.292596161518457,0.4518189063686791,0.4749786313967207,0.3542648869872919,0.859390227414707,0.3985412658997596,0.2739179702012967,0.2445859365193096,0.9716400332933012,0.7482350274394041,0.0639931214099264,0.373129924233083,0.9407580995325708,0.2106774114644748,0.336682324022222,0.5755952804095493,0.0811372841333566,0.8134262415268433,0.0699879838757412,0.4679628911224013,0.2937038137176929,0.5203245712626892,0.3178565837021823,0.0081945194557134,0.8897612637187292,0.0979922933666632,0.2876473548601581,0.293352765822123,0.9649492676540506,0.023149841697775,0.3192042786284055,0.5277910916258833,0.8774428575930846,0.5344777666229266,0.9311450226654412,0.21035209679693,0.5051377593401317,0.261189021174345,0.1631035122218802,0.4643166820710653,0.3647064196458009,0.9700747446222172,0.8770321624333314,0.4634859161215723,0.6175398432771007,0.813442286779201,0.1586155257562886,0.6514042535579156,0.9775243833842568,0.9384032431887532,0.7917400812713978,0.6034042155674509,0.2450169391178227,135.93472369827384,5282.1109825016865,836729820.4882444,34645120289.9414,2374.600033622136,25.025738462895674
80,43800518,0.0653633278846355,0.4567272128799204,0.5181551777048125,0.1619897144038192,0.6568015006625813,0.1263119045559844,0.4932346441416456,0.1027635370261545,0.0578138550354275,0.5974368427861205,0.9695244756683322,0.66640904664639,0.6188693929341542,0.9602586496694568,0.6645092509935442,0.8688499628428906,0.1452711456800157,0.5873956704254293,0.4058931608725344,0.5440131342277175,0.7219664098268908,0.0616508929512625,0.851940869563366,0.1624968360733096,0.9775451548654518,0.847745502260177,0.2310951788395681,0.5367021582604948,0.9811442134592776,0.9691301283935582,0.9212569926777342,0.993339320049719,0.4492048493529203,0.6487095950227662,0.8300138197900782,0.6443228890246155,0.0750729910116772,0.9927356818126504,0.5705390868381607,0.1763294341690745,0.1202904716519842,0.7407022770712506,0.595454750083815,0.7997634709228467,0.0874722532676433,0.97404771496479,0.8143448553416199,0.9472369365586776,0.3188949968547121,0.3012952114752981,0.639923633237855,0.1152146456989399,0.5406176521311823,0.3453708309493496,0.9816816773874288,0.2959650980703218,0.2919447651794907,0.2355873099047694,0.4912452455537418,240.10637371112108,6586.770718110707,805426628.4493828,31418374465.962612,2941.5602626211,19.80017983863238
81,43800519,0.6610438159394403,0.0987339489798487,0.3644886281621367,0.8776296273381844,0.5856852347601706,0.0256515887137561,0.7637781203319101,0.0219131145983724,0.8361417049032204,0.8530830444029852,0.3622692124603417,0.4422029435387855,0.2314217871542772,0.1531548028440062,0.2039204503392026,0.2588353384763657,0.2746373427671649,0.7462602998490916,0.900564136901897,0.943466308992569,0.2967872359334909,0.0839482668316564,0.4463592074321826,0.6260912324459363,0.8761398523239255,0.4993080892726601,0.4035485360203294,0.9683841558954256,0.0097625898814987,0.2375859542805847,0.5979798559381211,0.928316869076654,0.7455845061764782,0.9462400317399526,0.0644183596624558,0.6537370582859535,0.282209780745002,0.2587840526106555,0.4296399470101898,0.1901748213023775,0.4558273207296236,0.3200486682326284,0.8188705361728142,0.7542145326275145,0.6297709255987894,0.562736150980826,0.7649401813711995,0.3323309111916622,0.6476331498616563,0.1008586645581508,0.3447913518071706,0.2506710316598918,0.5361321898517857,0.3817044577188783,0.2125364668204231,0.9562058883358552,0.0715561496613243,0.4846621706746897,0.0794264313774163,10419551.209138667,52102667.715164736,919632399.2066058,28849918990.153294,2401.1646206593505,22.95185281204854
82,43800520,0.1622352822998349,0.4038265612502136,0.4413260704035772,0.7527810488482103,0.9761359165711994,0.5680799806531543,0.692454190298073,0.0656351301123824,0.8758614707689006,0.8942464822153319,0.4774473393489294,0.7310733021394958,0.4433028523071773,0.9425995120053672,0.2226668849542584,0.371372549050059,0.0481684727192521,0.0062529899132288,0.1475392326223118,0.8482491851040445,0.1458771464993837,0.0810005020518506,0.2815191111995429,0.7672896205161059,0.4559350490185391,0.5724454908271617,0.9144175262658863,0.3962100949305063,0.3683368803587018,0.8038118805074325,0.3217648462406228,0.6202968883431436,0.0369805530853351,0.1244422764402804,0.8321240119944766,0.5649947725358325,0.0151597205902138,0.2253462200616514,0.2202704417691378,0.5176701502140763,0.0666143612847799,0.4457851193753862,0.2485838280782091,0.777000408951311,0.129379197654068,0.2255930429807332,0.2148151755100535,0.9476992800356304,0.9617387847373288,0.6884489320216574,0.7348319105132921,0.2435444934509751,0.8828579162598246,0.0142627752392151,0.8515451707434211,0.0752309188386377,0.5912076752790381,0.4904096129298611,0.7395748448456867,117.39829182723352,4914.973812394348,902552791.33171,32099260715.06257,1461.378835873982,8.088502737188504
83,43800521,0.3121686159896331,0.6046304285722709,0.7536176726977963,0.7570557067501497,0.7561830178055324,0.8531212470920914,0.1486218804153421,0.0114305021690363,0.0023676473378531,0.7460206145550063,0.856544592952368,0.6999280442620555,0.6633997363670774,0.0490602320561621,0.910286204980262,0.9533855628472055,0.0077259073960703,0.3450781766045559,0.6295339578015714,0.8091024934505135,0.0861399387034527,0.4163754389489669,0.4152110094040281,0.9647468010645012,0.8850739257957307,0.4071722862244251,0.5646530760038362,0.1283821007349904,0.7696399229448655,0.4814960134267282,0.016663422696064,0.0985671464418737,0.2322258625455512,0.0669463717899106,0.7119419258637435,0.0506399273316759,0.319883983086354,0.7820426290876508,0.764381000163249,0.1805514784017796,0.2033119050264922,0.8696660173305375,0.4706544212432608,0.1426778637469276,0.2827408528416524,0.1798055068267236,0.9112898511686846,0.7012481196669771,0.8572394256981265,0.0759729741037694,0.5387105857409176,0.4303488573478116,0.4767558062301072,0.9762997087322044,0.6051260030714201,0.0906328511993014,0.2419866041169536,0.4260581781831823,0.7086733705166458,83.70999259625252,4441.007632312324,837929409.9457482,32435454573.190777,1936.8678106402326,19.356321056419457
84,43800522,0.177308842441182,0.9661975491238504,0.3623010291531245,0.1333580781707722,0.4812172629387067,0.7503203732453743,0.6994167704707828,0.0884939112577963,0.0334377990509981,0.2933928860506831,0.4504372256194648,0.7284822551709933,0.8159254645047271,0.5424557415777772,0.7882280438095189,0.2691970151811872,0.2169526805194603,0.6615341963518622,0.8407228870387853,0.2163226384174085,0.7990510473539028,0.1389794908132564,0.7876866763071733,0.41479885223471,0.7375198734619031,0.96057600761896,0.7853910561718119,0.9887114270412296,0.5955389214633174,0.9211185525203304,0.7398280747960624,0.6650430442408646,0.4837883568584117,0.3832717500317233,0.3937873760616667,0.1087833681324624,0.4181266119737564,0.7593115921961239,0.205240408690773,0.6861203005138978,0.9725689713212718,0.0607794175840831,0.7705850798826,0.3688305495454316,0.0050456221260142,0.5234775139298529,0.2920222218091039,0.2807003111022214,0.2088528402491812,0.5940965577196826,0.5174346133786282,0.2775314504702172,0.4281539428276621,0.3398175809778789,0.5522443451942867,0.6120763020434157,0.293094989232693,0.3379389351594851,0.0029299233645676,159.22734787352144,5489.4329662112195,1042109380.0468612,28827044506.697712,2476.41763533582,25.12121025676014
85,43800523,0.6850201316597644,0.9434328271168442,0.9326893563339588,0.5479499729140161,0.3650720920196594,0.5276510191222011,0.0235891137642596,0.3101814075805028,0.0389007337909978,0.1641233767468021,0.588696868740202,0.2956068818145901,0.7846037713442084,0.463868368446645,0.9944535394969298,0.9165283565631188,0.7554794445095744,0.0170930217695199,0.5050266915085013,0.9668021443754776,0.9432286103386058,0.4737891809413968,0.7704099884430009,0.9907208297961962,0.285807972403269,0.6450172916453272,0.6478630687364106,0.253075723222705,0.5330610309429353,0.6958746276796314,0.0746643553924008,0.2093689895559278,0.8308004098073944,0.4372725402036028,0.1587801795157497,0.1816208415482528,0.6140812443888137,0.7961325055055238,0.1793968571099164,0.0429423568464983,0.3278104922867527,0.7077384190225229,0.6390733107064196,0.3514109286328702,0.1785635517715682,0.5444200937491042,0.1422286761127874,0.3323951348466635,0.8208099584775057,0.8268892143358169,0.2537517607726004,0.0371550546205493,0.9779732840380484,0.4183550555982519,0.6884621612433202,0.2150628521385068,0.93279355355596,0.4216607931890934,0.0263370138958422,182.03615989861723,5839.98862301141,999726582.040869,32372087845.302097,2948.450579073684,25.826388205644292
86,43800524,0.8167841925180144,0.4781378494642877,0.3643138093870585,0.7828113853384437,0.8202633381158552,0.3590739447274887,0.1840106041806266,0.7039379531552832,0.6286217422960175,0.4117968389649802,0.7275515128912564,0.3051701144782131,0.879493620631276,0.6943060532042322,0.8773459958103701,0.3945406587247712,0.2770906057283954,0.9834282769885748,0.7180602573561699,0.8713125979364791,0.5292667771177147,0.7335467907580411,0.6504401147672624,0.5518677701030998,0.6931181157368668,0.6809236052097535,0.1885214705268507,0.7103599851202694,0.5830501550567113,0.9057407213080084,0.4302181703682507,0.0008415129118123,0.3077496815032898,0.1784939150242582,0.5087038030189314,0.4934738772436831,0.6960381714860973,0.0238124225912281,0.085234449516891,0.9466607958239364,0.5490590575519926,0.1289594089322758,0.9497818693587116,0.9406750215862,0.1538101983413862,0.4148872068314376,0.5900835103024948,0.4464556828596447,0.6831748664440777,0.2325604917291001,0.0858549726700707,0.7027471088899533,0.3649695967960064,0.4304066277694268,0.822582575141674,0.882530310446276,0.8704858692281943,0.6394578746996926,0.588955442770059,156.69112446191644,5416.729174321331,860332405.3850775,31871329489.964924,2206.1199558691724,28.375275754843017
87,43800525,0.0700510937858261,0.2775304363329989,0.8439211533614575,0.7057970115854345,0.2314271300984197,0.4965075176649516,0.2781326022356671,0.1263007956675749,0.0004513097814195,0.7113083961321368,0.8405484245686247,0.73217555152402,0.1944043235409404,0.831260627952854,0.7927627965766683,0.0276171179689836,0.4432120019756398,0.4238729831853763,0.8967033706970915,0.0531113361534514,0.8844198004935556,0.7356114717039075,0.2929192581285493,0.5683792480450262,0.0574870748587728,0.0015577217584657,0.7294614954418577,0.8241310266287812,0.0759163180341184,0.1258592210388982,0.2469340947716386,0.0992185580742112,0.1200291520648558,0.3459265657622252,0.6727066512939424,0.2286564796862015,0.384844651023724,0.7381317493850672,0.3634098874064715,0.4280169954225212,0.8021805140102556,0.0209083317317537,0.4020215564845604,0.4605890863096713,0.170816632781581,0.6999984062569421,0.4843892847589515,0.7126535629990839,0.4313528776990837,0.0114924234602775,0.073860050873043,0.8107586301269482,0.9149750258059496,0.3158994059532437,0.6240060214709647,0.0381142944956257,0.6840764765333234,0.8601207611505479,0.165149258297771,184.50560615498577,5950.067008722427,845837068.0798539,30595019557.36043,3412.008651994528,19.894614432815075
88,43800526,0.1742365718992489,0.5665985017362046,0.5242994963481028,0.6990611555840966,0.0068903575434634,0.4869592232093211,0.1366155762931276,0.8483770661696468,0.353108773656096,0.0423158962808511,0.1393734496306643,0.3448082544505553,0.1418815508533099,0.4245938542759734,0.4993211357442306,0.7291680818060751,0.1288469595636726,0.4045446570050838,0.8803635514614876,0.4198807095227071,0.454359862164046,0.5077878875054292,0.5209680997803369,0.478456676511601,0.3362336368809961,0.1096626778500455,0.9417524680320954,0.4114110398961932,0.9950384186161992,0.7056730698293275,0.2746848338728535,0.9502071559214216,0.9896092666544608,0.7002583230079611,0.64574495654267,0.973040195436509,0.6302324029067424,0.3675143083054332,0.1794869422733409,0.0601547201697287,0.4018713254321294,0.5994780114519696,0.0777982764294708,0.0072081640939116,0.264671452484314,0.0624577587206651,0.3792142434536599,0.3526235475265912,0.1402201900082879,0.5233003203133102,0.5408016252976328,0.9885116940692324,0.393661566827588,0.6935245507174117,0.1104411113949188,0.0648985247745026,0.136558773920883,0.95884490901283,0.0241052944906529,169.36210755071278,5465.401398144637,1153761824.3173783,27982758975.254765,2583.9002293708213,28.950560198310846
89,43800527,0.971960453274045,0.366711206760822,0.5853841789683367,0.8561854022928941,0.9529762364817768,0.1145941837213873,0.69793243619215,0.3692078833369504,0.4682220084979997,0.6125115323801904,0.6697781550807343,0.774528489901758,0.831417205632479,0.2802148103811003,0.8686013242074244,0.5471829132506073,0.7401642946035962,0.962838317398958,0.7924028373990638,0.8931185887851496,0.9922804051697156,0.757538259769503,0.1380765154245166,0.4018968288414798,0.2905748943012607,0.1291939860780981,0.945550032301518,0.8437159344595905,0.2740410285221704,0.4590026831989878,0.7391422767944495,0.2195896428343005,0.7142973545422501,0.3733970550687301,0.6758816948831817,0.6698691825923975,0.9742639191495692,0.4949571105541541,0.018326557790942,0.0767796374546314,0.7685674649482357,0.3923197004439485,0.8936133135047528,0.7359713071659734,0.9810794954834104,0.8424186424528466,0.4322615696739088,0.5150118499150915,0.5552112254724273,0.561099385723994,0.0079200667284515,0.2601744090269554,0.7084895335746142,0.379499270737641,0.4130548097430328,0.9607070992414558,0.2708423401278372,0.4756940845853404,0.9540154549554276,218.77766583932916,6294.042695658126,877173359.5693455,30562260653.81155,2386.092228051357,35.79685952444324
90,43800528,0.8242660264812931,0.4616265064708407,0.8024519739104731,0.0276403064331694,0.5648979113287906,0.3095341154400014,0.5098896141604377,0.2859637638172983,0.7145202276508625,0.8162621104311867,0.95037585311826,0.6555861432357075,0.5170585338374005,0.3173693296488672,0.4369316508051872,0.2087860316161092,0.061163774476042,0.0695593673543179,0.2294497860082835,0.5096735455903316,0.7156347791615688,0.4473513650176552,0.8642619204830871,0.3239490612274225,0.632123248620062,0.5595307052556959,0.8320201258849785,0.930633992334248,0.1901134966192108,0.8713024890494552,0.5228819621975066,0.9751450965243412,0.5265014873141782,0.5651700320926647,0.2147449688535586,0.4665943436621645,0.7734409975517894,0.8114270686846278,0.0587786341870382,0.2128318801494809,0.1055974681886754,0.8229318296283631,0.2462075725341184,0.057181207885348,0.7153316481438389,0.233709750831412,0.7592899208226682,0.9646854977637078,0.6800356239627546,0.8784255527406806,0.8993244214616888,0.45336295351183,0.4612787100078591,0.0818200321183082,0.5094205232287977,0.3036354440114043,0.95172633531466,0.8432050601940605,0.7077168171370309,129.65927043929742,4959.866082789807,762086022.0802826,32571982305.678696,2591.639944403314,27.275779151120982
91,43800529,0.4176621232325857,0.8633722019766215,0.5167838951055812,0.2447997634950843,0.524831522635176,0.3905398552150525,0.8353515458779589,0.6353552666127041,0.5259635222673985,0.889908327613215,0.912794368006623,0.6566897657167643,0.7670942786659519,0.7386248070634662,0.7098444290223719,0.0751366853779232,0.2110819468615366,0.2031592428381005,0.0640942309438554,0.9057858188473752,0.9282684404865674,0.1162665763358316,0.2419544950778948,0.353390620924447,0.8642705244301172,0.952783986011686,0.4229266123292012,0.7175341927445894,0.5980392313377356,0.6086079894427914,0.8499058842748589,0.017934528698108,0.0795502059005249,0.4654873638636718,0.2322678666746134,0.7636117747742491,0.4014051055720096,0.9582420463493824,0.8030995066286316,0.4765465315296234,0.6294843247981154,0.9907719657506112,0.3939468009796241,0.1284772824316961,0.2275367674023554,0.4015086324400259,0.3883496879174351,0.8749984746555529,0.6965231385276545,0.2016460167140562,0.5007897949649931,0.4776427910776356,0.3315146337954595,0.4737882814280513,0.6885235120660174,0.5139924486260199,0.1156379553796861,0.6999617143410718,0.2706413661725896,131.62235993947496,5037.442259871093,775825766.8962476,31894272108.366024,2617.477958792596,21.94974181027631
92,43800530,0.6866679702166193,0.8067018166616621,0.8001102838843137,0.4630875370891058,0.4405233316292197,0.3376374124692968,0.8661755213342305,0.2156184897615212,0.8932938345883822,0.9021269705654792,0.7291663675948339,0.1451632497863652,0.2533099557478349,0.7691786040968848,0.1925730348859531,0.428545923260104,0.4556422998489689,0.1067007153071277,0.894268748585768,0.1753606445573837,0.2350670873535107,0.1581686209880334,0.1731014931797603,0.1274183413679087,0.7883279042979474,0.3067857310354677,0.7957961473394415,0.2130962737951994,0.1342109968824217,0.8972264179068827,0.6330455025056413,0.1603050917250037,0.1447050243345736,0.1298637142780614,0.1563361743895621,0.8060006197414057,0.4079977498264851,0.2062771367131451,0.0267207899149811,0.5637135790018729,0.7200670235213124,0.005632715324046,0.2870986194930439,0.1350174755522059,0.7707020294158659,0.126765169939348,0.0854713029777457,0.805166062842985,0.1624620763871816,0.3690450005008632,0.0872351836076302,0.4222547261322033,0.0332038299954003,0.5976956777058017,0.7510520335265186,0.1044848434416665,0.233324754872798,0.297354365774681,0.044265443967168,107.96760482516541,4657.6853859781495,807746367.9071826,28407352348.768948,2393.759106867357,18.893882590049675
93,43800531,0.9118550926368866,0.0028361486314027,0.5616917471224182,0.6703268596910127,0.2191757555316247,0.7303765467473812,0.0980937145434636,0.3044143284869333,0.4018866732384533,0.7718952968721254,0.2029901996598322,0.820156378840218,0.2848281070465294,0.1905743388997968,0.7583445601004029,0.1196136647532869,0.0990423460457824,0.5224705982836407,0.8145920749193881,0.2399094416097954,0.7735519700663263,0.619616684914143,0.0640763178769138,0.445079645834631,0.298958952738644,0.7974985102562141,0.9402686371239124,0.2332210564085591,0.4180669256518441,0.001683012502375,0.4056649641334384,0.7927857368425487,0.8256937897411352,0.1223330430032155,0.2425725969769983,0.7832955152686724,0.6005968479108138,0.1005772091422584,0.4059311087453915,0.8945803688253483,0.6993654332985658,0.4961492473997624,0.2425922452236261,0.5004458424811588,0.7723308869157219,0.2248773312786319,0.1867586849201709,0.8749401992510861,0.4404419636540043,0.0289003905139349,0.3404683027675898,0.6587804730539248,0.108495785282675,0.9125270893039604,0.5473988266688148,0.5154905045104891,0.7183321724619299,0.8254221312321361,0.3550390963804373,158.9871744492795,5407.069467889214,1027645589.0978919,28487303096.483646,2452.3566443866785,23.869031991252864
94,43800532,0.4183476172088758,0.8895698018737099,0.907509420230115,0.4577450730038228,0.6148643262734924,0.7592702276733252,0.7596095720987194,0.2406879063058676,0.7506389081069058,0.4200819870066851,0.6756822744229288,0.130130207938602,0.065508649562817,0.0085097206801251,0.3131480960959175,0.9159127155931948,0.7257162110677049,0.1983950177657102,0.8361456131597765,0.7147422118791251,0.16062034227969,0.154899791921474,0.2788177261927519,0.5869253893282383,0.4133870032623959,0.9808639935992528,0.6512285820204733,0.8021282007326522,0.5121403884858912,0.3213349498940717,0.0919809047884851,0.1844115814260264,0.3785802356668409,0.2001657462008394,0.4245934506235638,0.7226072659536803,0.4664963903367389,0.4692240906672081,0.7908821599723375,0.242562362325065,0.241504001254847,0.8833332804901876,0.0101436844524059,0.3731923484943222,0.1217016948965989,0.2312122117261642,0.2502014156083006,0.3667947255005186,0.1834383011756467,0.0917520540708248,0.7018034145799342,0.9639632035325756,0.3713590211648085,0.893121508727889,0.7494865189213378,0.8325431830102629,0.4398033355396774,0.772800445602734,0.8733720283337212,88.59677778391331,4450.119152806385,865091136.9541947,28947523405.701344,2125.2300202736633,25.250007005516608
95,43800533,0.0614696023032708,0.2317678642755386,0.128618570590581,0.7864032911636962,0.97118652433304,0.0521788448731971,0.107369139553832,0.3157201822343518,0.0439591111089311,0.8780629626768198,0.8719829839456813,0.2649375153158168,0.758042802906793,0.9765797578200294,0.304210597439616,0.5543159080065875,0.5657677972854913,0.716185494857571,0.6046087716442998,0.5918417906526858,0.6405874291006849,0.7170617757099058,0.8280641338815482,0.3051001556600347,0.8027660086665912,0.410791007583322,0.3035379615868678,0.7143288852127982,0.7035975686009568,0.5099375891240249,0.2859958720563319,0.4315459282446392,0.8612285369201377,0.9060862484763152,0.8532800591913905,0.1236040838723882,0.4225009215613271,0.5211242437381169,0.1814544318455887,0.8848292622528253,0.6945633647818714,0.8687731720959445,0.3441147745854678,0.9680612231855936,0.3797962125589782,0.7013765308065393,0.875143902691395,0.4928297567083733,0.4916036110013374,0.0946726851343906,0.8153779827964073,0.9755329737735984,0.6694116021165598,0.9348528266617592,0.361034934404575,0.0740039002514267,0.5037798833743664,0.9497901338101992,0.7639637936739231,211.48552445694003,6133.301567113447,816279087.415441,30197575923.16063,2242.132365690405,26.88710204888875
96,43800534,0.6696349123055426,0.1399119120624124,0.3489672740913434,0.5754970790351317,0.1475753354244336,0.3167105145278369,0.5686614281327882,0.3359242931760677,0.9648053642176632,0.7152166087482323,0.6716262801904868,0.7476235134827257,0.4393715262826766,0.654640899817557,0.8226970592650299,0.1278080167935968,0.9445641622446408,0.4705440194166287,0.4994355359115159,0.1144075207968191,0.695193977494426,0.9117617553856096,0.0736437734352094,0.2845900616835038,0.2687902948156497,0.2605854680674448,0.4311328232348189,0.1737527328636053,0.1299706151111563,0.5705820079061245,0.4886587354444416,0.3017051201079573,0.8330478925977196,0.605138563687347,0.3779074127904699,0.1550670925465858,0.233504519594831,0.6751096192649162,0.3665110363667095,0.7458895240225711,0.4725721739548973,0.7023402872017488,0.1324669851039795,0.3769173889320986,0.3373903427600073,0.4060000918074714,0.2160269926075974,0.2523849203656573,0.260476535182836,0.1212228822137248,0.2761226464665239,0.9109452487150144,0.3651681008514226,0.4331504529007488,0.0960003794350556,0.6606779928197384,0.4519326431732299,0.7307683092753474,0.0645010909773489,152.5179174094253,5263.771339322347,827263187.5064443,28455571010.54175,2945.481578686318,25.593726979941138
97,43800535,0.9960833701146976,0.2803560074447435,0.6157947034081809,0.4665254542899054,0.8567184375362246,0.8227114434791204,0.955154304721937,0.7445321044777639,0.532000586854743,0.4483574932429357,0.514065359607965,0.4419020621301243,0.5813943918807984,0.9808475098570928,0.5268012874006102,0.0352676828210927,0.4721546038106385,0.2154991720399317,0.9867618180085312,0.4203711816134573,0.796001878339561,0.001365723721844,0.2743486511768174,0.9506991264240032,0.5802032466368678,0.0371225989765473,0.3472908752703072,0.4782538548187417,0.7987770131797567,0.8598492587157555,0.7954715619350281,0.2218887053363085,0.7673592666924726,0.3235543720087395,0.0235176415355237,0.3328777486684815,0.9408248347853788,0.7193009949075808,0.7374188552611631,0.3190399794423152,0.5643019341558478,0.6419633515699874,0.1438653096247436,0.5747839327135978,0.2089638229854916,0.1978576220381956,0.1186145501631945,0.5895305225541239,0.6348715928676306,0.2558941418502186,0.3155656874298075,0.406856209922733,0.99030716666648,0.9267703857106168,0.6077201520358377,0.5829018369679964,0.1768033569384363,0.6150054278395073,0.7303190041357948,94.10045522545094,4532.2131895066495,944949677.4677329,30888038321.93897,1798.5560759566433,33.7515499295987
98,43800536,0.0054195125125494,0.3547051316462736,0.7998088973434201,0.9170321052036404,0.8867060312973906,0.2947629418403383,0.7125210258581646,0.5948080935920231,0.2725233752485874,0.984962266554474,0.7439758024736731,0.3487185185832982,0.9591526568445145,0.3472824598496078,0.1395687779003502,0.8714482751345815,0.795264978931321,0.7048230967074286,0.4946769255324902,0.6099213173540808,0.2669248481807217,0.1771406328110783,0.5471791586404339,0.6767602674947176,0.2162998060002753,0.3199698885035942,0.6474439441499681,0.0298910274524168,0.6181924416293797,0.977562996268237,0.91502137816091,0.0618986485836243,0.7260282240926708,0.7236063103016854,0.5510280022847336,0.7612573305395868,0.8993928873636478,0.0408851841668057,0.2270146495981789,0.0885217619998512,0.1279878034983314,0.7909279156854062,0.5984041588049244,0.1744677946366163,0.9588008829030812,0.1831029322165986,0.2339373683316691,0.880538488894893,0.6430323215449109,0.4012985331606743,0.1447360875512348,0.735333378199456,0.1867957876681346,0.4700638662440969,0.6063150471353165,0.1719168945000464,0.0478134146666409,0.4133893154367602,0.4447027947874666,119.79869062086607,4939.8218483855135,840662931.0973191,30902102698.106873,2014.811224576437,34.84183557843972
99,43800537,0.6161328241774956,0.5099146290772143,0.8458071891468517,0.4839464068203831,0.991786920570248,0.604011836953894,0.6858122849913789,0.699545112086555,0.2789344296335792,0.5620791741857722,0.9678135424532288,0.4644878435263906,0.4317579446066911,0.8384082524811993,0.2636008429000032,0.9888539584107058,0.9926923191492892,0.3710628304935918,0.7286935432730777,0.6724843400098158,0.4894452355932819,0.3550716911954497,0.3082177067167366,0.869614981164678,0.8635359808781181,0.8162315666327841,0.6586282230198748,0.3186064724355288,0.3744040300424068,0.399430230192409,0.2762533028768579,0.5199923639353121,0.4005424858226578,0.2135438979292569,0.5716985696222991,0.0991962089494465,0.0324718141186214,0.7348531963719843,0.3608450938591747,0.8305219797235214,0.9157354248964412,0.5954365361107856,0.1877407329947254,0.803763511590192,0.8562985943808623,0.449971634101738,0.2157829328189677,0.6105089506478563,0.3867637360958076,0.6143513818275663,0.4217899268962502,0.2591688602027597,0.1671829066211906,0.9877440730263676,0.4468749954876371,0.3785704295485813,0.4116526327322256,0.9778884955350812,0.3604251046171337,104.66882681797833,4744.73033423871,788366840.109012,31077308903.248474,1800.7624145761613,14.162979172048201
100,43800538,0.1299954329887099,0.640515815703296,0.95630288282029,0.0006012416197183,0.9100738887907766,0.7477577419099934,0.880179689356184,0.6651161740121587,0.019666132789879,0.7536977529122968,0.3255974033056316,0.9198365867961814,0.9041276833275064,0.7070977472496824,0.0169258531225842,0.8823337759148777,0.2978617906144748,0.6054871985069437,0.4658996047430473,0.8215074821753996,0.2963854952084823,0.6696159065908336,0.9677171762722953,0.5999056812107588,0.8821719006187537,0.9575095960434824,0.9594543605674508,0.6056477372868508,0.2818722838270733,0.3788233919186568,0.1934691178633892,0.9713685725822953,0.372780077366975,0.2342089233835855,0.762812244362446,0.4921088412040516,0.8254543503066271,0.9393003440786252,0.6795014655881088,0.0098983695845961,0.995596167695679,0.8738264949041861,0.0319934904192472,0.4986381793901466,0.9245601570107204,0.1264128037723646,0.7737997501238744,0.3719419750982546,0.8793003850336523,0.2250755515466069,0.727541922880847,0.3961374254145948,0.1470996628872926,0.9339071641418648,0.0346613395723812,0.8410099364963719,0.4845720731443962,0.4120757118094292,0.0855318298489984,99.05070110033215,4670.337664155213,1025839095.986819,30011989442.4235,1612.6016398832007,31.960166154030226
101,43800539,0.6687351143371082,0.2704003634383692,0.1191609782912235,0.9266124085828648,0.4954079163519798,0.6885840376922544,0.4671792222778398,0.0185464448686833,0.5071952498996648,0.5231370894066402,0.7879890297566671,0.2629144082034692,0.3443737526624105,0.337733808003554,0.7335970555324961,0.1727870548750361,0.241541342762695,0.7162322075713575,0.2814466002240648,0.5777877914277294,0.9007619833087476,0.678912256365458,0.0641629815123132,0.1024229867839998,0.3657208144852752,0.3398392173493914,0.194408718110503,0.3860486048977951,0.5174906912518293,0.7683931476859202,0.8002977410226813,0.3014150492588403,0.3625004690801957,0.4044076685182675,0.7463861292813745,0.0743541111158258,0.9389163048255864,0.570020928064873,0.3965132529907431,0.8164489084653492,0.4956687487609992,0.9963963902892604,0.1629783651361382,0.4988723904573182,0.9063018454679131,0.5090415983787705,0.215746830080822,0.0868118356995557,0.2352976190356344,0.1877162170015127,0.1416508651991568,0.4713911890969295,0.4589295040579865,0.7425139557775798,0.9821094237155036,0.5025272128941787,0.694676167920791,0.0892674850180631,0.8987177479405003,98.70591065615262,4695.881218053902,828522864.9133186,28792145314.426434,2789.6213848375473,38.999605917588354
102,43800540,0.3443126613673865,0.3717036281382166,0.122600623098374,0.1019683168631409,0.375217547430353,0.8170293067685718,0.4445213784074976,0.4674079882694986,0.7120877228958763,0.0659516766714288,0.0111741149158751,0.1058130127250334,0.8813914844027766,0.1413665805048048,0.4251819885263156,0.0399576068697866,0.2886703682522455,0.0160728437820874,0.2285976529855741,0.1180754319099803,0.5326740502010435,0.0287700864493365,0.5548291765333888,0.5704953513217419,0.3601853709442215,0.9789613699860142,0.3060136032884595,0.0115836793618949,0.7883118206101596,0.0205075306661446,0.6305613709749125,0.8219282059989849,0.9826480008671076,0.5974930701023694,0.6936506097650298,0.7829745986285915,0.3995923780425349,0.927592575673533,0.5829810417194575,0.9114889500890692,0.8710836038314106,0.8382333952550018,0.4485124911685665,0.7141582151626944,0.760442135632803,0.8201010876091989,0.4217524973328189,0.0246056668330769,0.9640810251873176,0.9095148066443554,0.5011426246274775,0.563115966994363,0.3452036160339667,0.2040536155419505,0.3652877502230826,0.992407206439306,0.4165351793278276,0.4214884814389342,0.9807158280449468,213.2657216904106,6151.281635167822,1143801912.389708,30226840459.526546,2541.594571886345,29.278497510001273
103,43800541,0.9018315112872533,0.2510115056900584,0.6014813389542891,0.1343246882381385,0.8597327158092675,0.158834155621531,0.7182204332929275,0.062156248900312,0.7337824481567574,0.0982067397756162,0.3214455593386595,0.3359583447023734,0.1387192611292748,0.7115520275465959,0.3447562673595603,0.0344489227921559,0.6344797724352789,0.219909535524325,0.5723649485541772,0.0412184855097357,0.5455004009039348,0.3229671960315708,0.5416798909299184,0.3020817938346166,0.0585306520296848,0.4593643671085159,0.2983414940067413,0.8515154116978011,0.6664130781806924,0.9742132693093188,0.5188754809599258,0.6489322912920128,0.5029149376739677,0.8829210948685877,0.2060358547705762,0.1199054083572897,0.6932839885920156,0.5287997766039143,0.8139528608042905,0.8940970193037793,0.1921797187015851,0.559786107102948,0.918157539793135,0.4190870059962243,0.3380276852278107,0.8325144898785866,0.3338435765830404,0.4550019501131561,0.7456750289674288,0.957102812248578,0.6725523028545838,0.5086457537811147,0.6583030789319605,0.4367714668798372,0.9678556416153232,0.2802077029613823,0.5663861989825719,0.741020643823605,0.5906340773257133,282.91238727109646,7056.204013839463,1040774411.3110522,31675654164.42075,2299.072956934716,27.810754086822403
104,43800542,0.2747258396618904,0.8314448417358846,0.8685493410178321,0.7683189124033539,0.96866958506944,0.7061195635243516,0.3750062739689154,0.2372718848352999,0.0678208732255037,0.1155088378780772,0.5571163398858465,0.4783313696432009,0.5866591743039871,0.3871562034846849,0.74888771884701,0.0519315847441926,0.3708843602191541,0.7279578438304461,0.4731164538128613,0.4440076887894756,0.3143367205440147,0.1128935349816435,0.8170165944012406,0.3576768763434988,0.3837436158914196,0.3682438029010536,0.8776869791358566,0.7412200542683497,0.0556383866353049,0.4911090040285018,0.5344938820780375,0.1153609174621158,0.771719935543795,0.1973763521975937,0.6243658124323507,0.950383789979602,0.5843583368974734,0.5237726846803106,0.6681557281838814,0.6347237312072819,0.5690309985562568,0.4062496001514741,0.7374943097929727,0.6597570436349105,0.1106394023383188,0.1211532865541675,0.5356004202242466,0.1835700702997973,0.2030640947863376,0.100129258539542,0.896571282171113,0.1489036915293753,0.9763236127601188,0.2160900690978522,0.4895126193128791,0.7880083244276708,0.389923368617494,0.9542318066693252,0.6538916928658762,97.07358495908238,4695.649725491644,997962256.6323206,29176560674.512993,1589.98526894022,30.336669929364074
105,43800543,0.0018360608797594,0.627334016486193,0.1577983249545438,0.7915767506636894,0.1742872695071468,0.6939381584513254,0.686428361794743,0.1878090129883766,0.2859485655726826,0.7135617305224404,0.889153376265276,0.007148757547743,0.3094391543873141,0.6598325605875414,0.8698517299198755,0.2915281257504126,0.1164373689215962,0.3061480928620347,0.758812571311956,0.2789486070648786,0.793892796515043,0.3897220030166063,0.714909566539229,0.3253864623402058,0.7239365566315317,0.8020461660937138,0.2755046452880407,0.1182163209823313,0.6105615961365894,0.699168298586598,0.4846768417987099,0.4088364429057942,0.8068443475390438,0.3390648829620921,0.4004858297918949,0.5582926187149442,0.3041921672874343,0.5061815623917493,0.5420619421029182,0.0440687492817746,0.1478453550049631,0.4514141809494226,0.5110245030522996,0.6473033989653542,0.9889522912253776,0.657946738393966,0.3940174238038229,0.5987436126973699,0.807095571257955,0.2227418698258348,0.4840128951843436,0.6790101097588158,0.2059097154680051,0.4922053021156665,0.6196803052532469,0.99672105659486,0.8005401646557552,0.2334654719757732,0.1328009073721906,125.9149806349155,4996.1620229421405,802574820.1223431,32083577763.765064,3300.938744228511,25.390834066025967
106,43800544,0.1193761131004851,0.9727284727264972,0.2479765321953327,0.4746796077408547,0.9040183044408804,0.3086700659727445,0.3169330342383363,0.5811606801325937,0.6055001858255896,0.2308638994593453,0.6030817611647646,0.8781387611687087,0.0920074159872626,0.9063893394133368,0.908895685500455,0.4137272026356645,0.2669058406273852,0.2325169691234629,0.0152010625594286,0.3543537873841085,0.5050961242863352,0.5846213701924023,0.4054392558422769,0.237077257184512,0.0139626473974606,0.1702652701319815,0.0782098246995218,0.3132284550431485,0.0297727539615103,0.6469378324087085,0.9298684848645415,0.4355193627945437,0.6569817885782417,0.0574047952982641,0.3051444101478027,0.7550489935553231,0.6235330385333906,0.8128285401683958,0.0822470450470307,0.4192574582509449,0.420715740429362,0.5109050934226325,0.7145198943030102,0.7083269359879525,0.7015201603831158,0.3416132320024829,0.4824448725025984,0.5945204948330973,0.3359739793914179,0.9623131751988888,0.8338318861605997,0.8169391047149835,0.4273615347969935,0.9118413297338956,0.2455592104129763,0.733197222998666,0.8321384378163146,0.2842394947393536,0.3769063970252224,178.1292155900867,5673.522929845951,930836518.6219821,30681483037.292183,1956.8467730046257,28.703030435683885
107,43800545,0.9057921696533656,0.9849069292201263,0.2886848870286093,0.1361103475998397,0.9872244663648724,0.1778422072874935,0.9352218348253174,0.3214119575341071,0.3388953655015262,0.2867597716502024,0.955336505692166,0.5397784274647898,0.8198572977888083,0.8813115933430111,0.8954523472705953,0.8781646532510932,0.2383756524070827,0.9851218366208656,0.7289963390029571,0.9694959977430868,0.5665378393354756,0.0410182816214023,0.4075179735448301,0.5256474109165123,0.8389427701688316,0.5081991604408478,0.957061127818464,0.1476245171022611,0.2229012615623793,0.9369299954638528,0.4292170317916987,0.3507028868819482,0.5688872779254711,0.8027149093429056,0.8431674888518361,0.1968447120484194,0.597652256566259,0.9352589161718412,0.4427278515228512,0.1057126170343167,0.1713861064316155,0.5611785686200532,0.2142880808815983,0.1166999132832286,0.6841281525607149,0.8104737982961698,0.0428403197856375,0.2599733814071892,0.8935058699195347,0.4330446548779079,0.4377626104629836,0.8038224932439771,0.5082280022445135,0.6815874225167399,0.5553045224997698,0.5253998448784183,0.6500856362554511,0.743121567753284,0.7759794433105317,181.33987583979186,5799.801729362227,800504214.4787912,33456652760.66236,2320.8891501370445,32.087970082307095
108,43800546,0.454999749605803,0.048195275663608,0.8194764545299752,0.7746565670154795,0.2217892120721225,0.7279877048746766,0.8981354595199976,0.7932936658834469,0.6241917037174852,0.6128674599172496,0.1973772029687041,0.4085511220730181,0.4494435677755451,0.1400771873311163,0.0831634830749636,0.8104599888256454,0.8900640263571485,0.7544389805519318,0.8692148455008637,0.5159207250631206,0.0713072722150463,0.128589015842533,0.2627677370810335,0.684985065902356,0.8525596393525253,0.4468800427495314,0.4274922313697735,0.0301286704645074,0.3586345840491606,0.5250280369462462,0.5358291701523178,0.7905444741812848,0.5959461123498084,0.4330640002311833,0.5895405464070769,0.5225516658044879,0.0814722755051763,0.3265949906442854,0.2810626927057891,0.2551421304390865,0.0141634518579597,0.2440914085774738,0.9551491086595746,0.388912525296689,0.9831464289626344,0.7642015517483393,0.6318960791051018,0.5446122762832671,0.8559825711477538,0.3650828117136356,0.5240787730643941,0.2441529587224861,0.5428762118866018,0.3528737523707855,0.0852390780679316,0.1363921983119763,0.6395736578910048,0.3173810439928373,0.8962199683422571,185.84087127450871,5825.399383944323,1023195746.2559313,30265018770.011383,2756.5510660477366,16.880342428814746
109,43800547,0.0554512319340561,0.8731014932318939,0.5988953439044258,0.0936938805879992,0.0560013779287751,0.6448139068186495,0.8063294500180855,0.0941024833150279,0.1422125976664342,0.0297383893573597,0.7395393166534319,0.9054371112221726,0.3633960435031426,0.6120757189929421,0.6802474334541567,0.1434931841675761,0.9923226205012936,0.8843249189180347,0.6523096854778572,0.7270101649442249,0.8897750349732599,0.7468024334639133,0.2175787121507053,0.0067423709803428,0.7161879474833894,0.2602762865616038,0.5066469027680597,0.3100312795191655,0.0789661636646928,0.6961050788371423,0.3038580886887563,0.6320200573931666,0.0522465023968544,0.1238654309028379,0.5693205341295238,0.5060531172892903,0.6764890762191885,0.6659361202070281,0.150914388102117,0.5577981414739442,0.5783658874909727,0.5648490592540385,0.8667066339986592,0.990269271376006,0.5608448828567809,0.839290898349521,0.1897188317850863,0.2190136403706047,0.798321256714395,0.8781793536050655,0.2415430203427641,0.5955195698394611,0.9060379643136948,0.4530775990768141,0.6812404119553069,0.2344852577867417,0.0596925171491692,0.3337419588267833,0.8774717166836311,203.52474006560806,6120.328245358585,927829724.4320853,33146989485.19266,3940.1271986043353,27.518093256678313
110,43800548,0.9661040977001836,0.6166373959406106,0.662312258205244,0.4235898248685215,0.978586886829586,0.5401698612516967,0.9499544674395096,0.9285828554540092,0.8446213901827224,0.8568016454002138,0.687139989458954,0.8754616905849528,0.1062499875002307,0.5943069929815525,0.2854533976252713,0.310201358107692,0.6436453913498565,0.279908650618035,0.1180935866077124,0.045948139580151,0.9334957665316764,0.410087984991887,0.2632686036137128,0.0071744029823438,0.8440331961174304,0.4421113888544385,0.8207866817858576,0.6087443996569011,0.2347898757970764,0.9355623638822408,0.466130396780503,0.3220311030306759,0.0609012106621022,0.1504062084996288,0.2323286818211222,0.8489659224002201,0.921982192539948,0.7085982083929784,0.6720274877026332,0.4879299509586256,0.0116170433019521,0.5110666301462179,0.8221357093626387,0.6440896664365267,0.6770736643338844,0.8497860351563722,0.3734287640760037,0.6683530547283131,0.5230119183073217,0.4051790731701458,0.6869186112583835,0.0551866814116655,0.6409010199633762,0.0366390820361167,0.3988031453931272,0.8868624519825975,0.728517727635247,0.7844479139106578,0.3157235299419054,167.76254955793087,5605.613427560687,827569447.6264648,30000461175.845406,2175.1801931192317,29.170928454390822
111,43800549,0.1470948879303487,0.8979798861667466,0.959004009569683,0.8942395906462997,0.4546931990456803,0.3954934342626698,0.1108521690683915,0.046252591124602,0.0249356461866741,0.2171257958477101,0.3589321243083949,0.1395198816033285,0.2787143810874331,0.7548753302263791,0.452062479563681,0.0382674756463215,0.8230893169897432,0.5575754222141857,0.6716363894889681,0.0744814655315625,0.6752142809277887,0.1204633252520072,0.1392136840346994,0.2017456456263035,0.9833091728903908,0.6675061477782152,0.620432666483776,0.3804833347367694,0.8241838590842344,0.7408569267693752,0.94724885915268,0.7558898559688405,0.5229023244408654,0.9573827896904256,0.6232696410663666,0.8430149058605388,0.3482597692424511,0.5144156511608573,0.7344118142295837,0.5462243686296554,0.3744323255446634,0.6781633323531854,0.8476150246305596,0.0142573740425485,0.3881551969996343,0.0678703269912924,0.8345726659771288,0.7714606783386749,0.7599903421154433,0.5060695823988195,0.6982455620108076,0.853546163342798,0.776249408544527,0.4510613458302556,0.72873420980249,0.100498101788671,0.7686599193248702,0.2004237216227097,0.2846811771194057,149.04674629590198,5294.55069370468,1096721001.630433,32107723344.997913,2134.4220477428,24.345103169931576
112,43800550,0.2086946150172755,0.2611408300817956,0.9695182115006876,0.2168747869303707,0.8917885605092798,0.892291546955729,0.049305459150507,0.2663725135406215,0.5135929121776066,0.681468035053123,0.7793896834274983,0.526032897878058,0.2585658559573195,0.710848004774401,0.2167465003968605,0.4866948475214618,0.5424970643547602,0.3879616197668609,0.6425080470639688,0.8813449779165705,0.8720281839365107,0.9598957652543912,0.5054717279236,0.5450943411265107,0.4298417568089444,0.2225665191927008,0.2430111016856082,0.0982110250557263,0.8271996126549804,0.6138698809961398,0.7941865788130663,0.0288315400146551,0.0478598057217496,0.139632475165252,0.6424855819488738,0.1407322148842661,0.4289371290345391,0.6956448692673025,0.0967199524493614,0.0994842209502191,0.6532393194126223,0.9464878159083486,0.7713568389291379,0.454107879002542,0.4575437730412319,0.1224658414226984,0.1527136265476268,0.7080926643418993,0.8942437682098919,0.8158902569680252,0.4856934275234356,0.9757554966433138,0.8461878130039915,0.0727359889823867,0.0556491451509121,0.6194798201286571,0.1143378772656627,0.1404042923979563,0.537323022118158,89.24513915113232,4511.513109928407,840441829.6638265,33069058720.751324,1667.8042421408863,23.920649877807705
113,43800551,0.8855029982366727,0.7959828988261983,0.0586826553412116,0.7473356596421171,0.9076734567722592,0.162587133035304,0.4507484522442143,0.4981601744680436,0.3627715219875846,0.8004909544591967,0.709628221361573,0.2468098574749664,0.9842398691337716,0.7956601575084685,0.0822038029496459,0.2510748652856305,0.312983131880039,0.1628963103297098,0.3091235172085098,0.2019352205972865,0.3134422752241944,0.4767265117906039,0.6132884607230752,0.8793431097371344,0.1791824758330233,0.934535818984708,0.2437416547396385,0.498045880479508,0.618505765296886,0.0481467542750322,0.1914636048465061,0.3221487072678071,0.6282233847854846,0.4021718193644793,0.1508220203718149,0.7785455969574605,0.7178323629231517,0.998720424304562,0.7624364058175125,0.6995858686917362,0.739286749400934,0.0324204513892615,0.9062236377081636,0.1010762712513939,0.5446987799207965,0.7682798678219539,0.6699975076211028,0.6429148505021474,0.48459079737025,0.5117551144093551,0.3483779216401357,0.5269947923605329,0.0458473611686328,0.8315336854848007,0.026956013070449,0.1612227549004541,0.9405995703246588,0.1471920397200698,0.035020279980218,214.8363763340057,6228.893395927778,861508463.1888758,30042036083.37115,2361.5705980848843,28.33193284825179
114,43800552,0.9538834659531348,0.2379478016784471,0.4086156008370242,0.7272421802630767,0.3140631584172221,0.4038121926215718,0.390850970083237,0.8936909359010127,0.3836040803912688,0.7968281467851788,0.6646656584068611,0.5529410582945966,0.0862596905407755,0.2606933622552247,0.6264580266882156,0.5404158485396149,0.2247530322184773,0.823785673823698,0.99868324869833,0.3246297512394633,0.9333256393000896,0.0918743686127242,0.3995492869446982,0.2960023258770239,0.5631469864774745,0.6204581424943783,0.2165633845321324,0.6329346022678838,0.1115704360628359,0.0768943580675015,0.2945108071133236,0.9172403790760124,0.2070227616370849,0.90384784501414,0.9551468193918574,0.7458686115805704,0.2726952003867275,0.9345769418666292,0.3916815019394066,0.6633474168308473,0.0200237538397627,0.6461433308838157,0.1531369122904873,0.2545892504744808,0.3770816914484495,0.8482977636939013,0.1591074017711273,0.9935090165331908,0.4172018066257307,0.5061007928522789,0.1486780164697783,0.0485988112666196,0.8043369554881272,0.1334070410772203,0.717898934897472,0.328922913293794,0.0562216435756232,0.3744414581295699,0.8483145265372756,225.38837680464516,6392.8531078744645,882891389.8746889,30460837989.98468,3233.6385727943625,16.966562338257887
115,43800553,0.3918701040449318,0.6657860177527386,0.7994946583441203,0.784797012152142,0.3978673508927407,0.0660772749643189,0.1709045621783571,0.9534575762701843,0.5671833232567601,0.8817213088153895,0.2679428200793965,0.9838172543985592,0.0691441282144202,0.2222583902658194,0.673211372772085,0.179462552691954,0.8103229668114189,0.3067986075676199,0.0022082418088818,0.7668334381675904,0.0947069874626253,0.1346648632835909,0.9810311237329796,0.5106959557270656,0.8192203259787547,0.5848401560873464,0.9061796803805896,0.9172373800181414,0.2199093045347825,0.1910950896876733,0.9213491755663082,0.7646274752352508,0.68929890787722,0.5991433074757371,0.7766672610694173,0.2988788775329337,0.4375325482738745,0.9555436414758688,0.3503645782567682,0.8105280155917922,0.9408398007263444,0.084599508902238,0.5046889778980824,0.040987701410789,0.5178604601431268,0.311542252066362,0.7783822354390322,0.1501291579740225,0.6551396894853013,0.1361853272681705,0.0170526025835234,0.5696974408178057,0.7665039591020824,0.5265511019813036,0.4020403096027414,0.3138105838593828,0.3163643049153165,0.8062702552120324,0.1031707241751469,166.0626820307135,5451.989054090886,969104756.6070677,28121376555.690197,2422.7179453333843,29.724879699214256
116,43800554,0.1047779660599323,0.4168297148049895,0.5642572444158238,0.0147896852324526,0.8399246989725119,0.2884478350687365,0.9660224725547903,0.1146654620607256,0.7011630542313256,0.5746419029136202,0.2019275911574208,0.1764930757750686,0.4637775679490523,0.442897822976152,0.4049905851585099,0.153457108670716,0.9133642021292614,0.1852811192370751,0.0992265220681214,0.5433520020350358,0.0068608544085672,0.6965719648403639,0.61112505331881,0.6691174936275454,0.8881800245829178,0.785856072340194,0.1644475072939931,0.3801004615921125,0.4662301393793999,0.9672311959807792,0.6226772978790203,0.8440144277418106,0.0951204231335252,0.9383562989177542,0.5939156124605129,0.4937031813370519,0.6687498213220183,0.2662397277571186,0.6765076634010987,0.2983322998683572,0.4643878590370034,0.1160358684591958,0.4910463164133006,0.067026254536062,0.2022611381285635,0.2011340130088063,0.7617623710288779,0.709224630641142,0.1595110432419385,0.1471568708505257,0.022296837829015,0.3525707561620718,0.6792263329179937,0.0273230716996695,0.3620059198892162,0.3441428198193806,0.3590020581422669,0.8953335534371397,0.1816230364782272,160.34935471555315,5400.24071588204,1024516161.3519286,27377406560.847115,1785.8898466210267,26.300070365376733
117,43800555,0.4039827675390808,0.9677822443976972,0.1479283601795793,0.1318160994661594,0.5340735292555028,0.4394871096305319,0.8162123483253834,0.0270409487124038,0.9070840118378852,0.9690002977847624,0.6115843353691771,0.1558762235275339,0.608920881314654,0.5830899458168632,0.8653081921085414,0.2396915683864473,0.9521014913788308,0.0493418149000609,0.7818286508707588,0.7428893031349308,0.6112595846123312,0.2146106601602517,0.3101201386729398,0.0001112850727762,0.9013518126293064,0.9753368556481716,0.0615965138105569,0.1974996811064205,0.2218674766734446,0.5491146170267682,0.6637408945300018,0.7451969582600424,0.4846328857974314,0.1374329878144866,0.8329918536892681,0.3335473568089483,0.1750611795973989,0.5915348444641697,0.1496467948243166,0.3902788706944194,0.2127611428505536,0.5055306782432801,0.1937731661202231,0.9075743217583726,0.117676382597027,0.0362468185262759,0.4264440570129604,0.3287110875326685,0.0549094258336885,0.392675235197598,0.4824910523521186,0.6115754031334466,0.7732622241468513,0.9083781683991818,0.1398337326991998,0.265921783887035,0.5324642106018391,0.8386698029847797,0.2133384705717209,80.71243879485664,4259.874427100133,836508624.4400637,26753456321.21147,1966.7902914495508,23.36278681115947
118,43800556,0.5851431426401322,0.2655204447981947,0.9832765782386904,0.7142341032061763,0.3513467843292105,0.1936413133083445,0.986041747630804,0.0724680303735582,0.3817633516626939,0.8232854203751604,0.6437421043177142,0.8170120272588952,0.4655819052579272,0.1110491453456678,0.9806076262042728,0.7573584792870767,0.5937455364403067,0.0845229688722228,0.9408846321923314,0.1098525822488258,0.452105967554432,0.7203401415215889,0.6878678870108093,0.5377322897392204,0.9274568576752203,0.2443889743379868,0.5330375958369276,0.3975777846440188,0.6406452345936813,0.1745851264794333,0.8915368683521288,0.8320651374449359,0.4044951760463567,0.3978064036132376,0.0729196530975675,0.2463080274071888,0.9207013684102536,0.5607401816392414,0.0600084135088706,0.0011827880709123,0.8999699004067259,0.6784007105987427,0.2962754442764444,0.7067224008743375,0.3324340809553581,0.2885786257373732,0.8126720520286924,0.7666769971939863,0.6544424021767755,0.4307993974823599,0.7888936519853493,0.4138654085025666,0.4998558813251111,0.4972330412801159,0.4944939502615326,0.3666080080563191,0.9407812425793668,0.1972155425806674,0.496002887351584,136.46028545789335,5089.057729304603,884027719.1956214,30778779239.261375,2922.0010898126475,31.19821530153883
119,43800557,0.31953226304256,0.1115887905833572,0.9639274990778358,0.4865095647353728,0.3480648092076259,0.1454012065686112,0.1331936546500004,0.1533661108205252,0.7743514201132874,0.1664997125598254,0.5271457692810235,0.7183793377054757,0.5947837013694618,0.277935170918849,0.4179381610362218,0.5624947609293618,0.6359565580943959,0.937097099973922,0.951354167770174,0.1756126768670064,0.6824218826863161,0.0595021516981491,0.2391563226557995,0.4365886365960859,0.0247853646775432,0.5531354576433728,0.7783498914510381,0.9990718129570814,0.2500712201039755,0.4639738595745419,0.3853592055437285,0.5607524327825891,0.009010817699673,0.4490410005517549,0.388785488129268,0.4003871081608389,0.9574492609803328,0.8828381493121505,0.9804395611953628,0.6264250037990425,0.4323135563127088,0.259222091131398,0.0849637798147563,0.0393566274305414,0.7971036110241075,0.5144700608909462,0.3855523880323155,0.0305390839079522,0.7432314015885471,0.1761810389820591,0.6939412867744625,0.2760703074981066,0.0633065549398474,0.1990878909894916,0.287324262502286,0.3999724060067437,0.9761146088096838,0.4227074000974842,0.5853959220804924,214.65931003622455,6183.792939033578,925852355.6410025,30861994962.969254,3083.324149792239,34.33082290291231
120,43800558,0.245460031747841,0.7974328780654864,0.8959207619413151,0.5782312530033605,0.3519734700053402,0.2132526748748253,0.748219560232048,0.8480326950260823,0.9265578730009584,0.200436493774937,0.9379853993663296,0.5130160983819755,0.1915946497741272,0.8028452252490614,0.7787650082510904,0.7107581483824637,0.5173363300239946,0.5876421099811918,0.9462613018712878,0.5995313909957303,0.7100778712351031,0.5005228341135874,0.7137594318588375,0.7419257990772723,0.386719630550157,0.0253756783232241,0.0812229045828926,0.7669476690365445,0.5260166171961653,0.0797549925724909,0.1969143732544005,0.4287549258352193,0.7391484891910652,0.2173671824170751,0.8690280163139564,0.2379732394348794,0.396555675801541,0.1842712593229024,0.7074923061149399,0.5480631495315241,0.2290114804185503,0.7147021143334819,0.6413333824207682,0.5415119481855915,0.9512278817166196,0.4765672497408117,0.6140205502555647,0.6162551776992176,0.9732578706816812,0.4797664170554278,0.1459093432682217,0.8186453235318202,0.1021173527456987,0.5649523287109081,0.9839561861689432,0.3862987566169489,0.2444305115670146,0.826397039367941,0.1813539138156445,161.76637942554308,5449.52889642505,778433958.8658723,34741782422.799034,3047.100135689677,26.92960754533704
121,43800559,0.1851023411284783,0.4337510854252844,0.8699308784130014,0.3435515355617568,0.8956030385311201,0.628437359471658,0.6779276714291397,0.1417379272065032,0.298528487635922,0.5940488583026601,0.5976070189948441,0.0333694573185699,0.9171195709697116,0.0268359901229456,0.2421186861351769,0.0440303660465059,0.8590381017072085,0.055923431079291,0.9037813631432002,0.4738803532444118,0.4942974003178081,0.3358720286585927,0.8232722503364723,0.1983295456204653,0.6472204221221786,0.0011908270783785,0.4806181140126754,0.2089378901175268,0.7389745375911169,0.3135965845253804,0.9752557285584356,0.4851431168058622,0.5151816666470949,0.6109567388791817,0.1053784882644979,0.8337899604705002,0.6175514771597266,0.9997667566377256,0.9703890839086624,0.3953076703608907,0.0846098499520834,0.1858850037489851,0.4322239565575608,0.5724577054575931,0.187071811699401,0.0522519085702852,0.7744039111220922,0.5019898204812712,0.7190851355514585,0.6389603536344541,0.9872980810438678,0.6884672063236752,0.0640719307000465,0.4973727619713683,0.4597336633540378,0.7477416829585459,0.6003725025684067,0.8144568198846652,0.2883652301089999,85.03214229725896,4459.558403239537,928429223.6595846,31165830583.752605,1658.904878796341,30.241518953493458
122,43800560,0.9208787032706104,0.9370381404563451,0.4067618967698979,0.3619993825590595,0.4367681153176798,0.9949254773040028,0.8746078241089497,0.3846460756274962,0.515872477625044,0.1092472313684407,0.7783251805751765,0.3136372573582643,0.6618118226286334,0.6017461374841125,0.734225454737847,0.2684495308312904,0.7725623357066947,0.0717386941283231,0.2127652908112174,0.332706512824475,0.5542383764629089,0.5817765680155331,0.8204911502627192,0.4626193246109649,0.0602428854937099,0.5326626580180621,0.4211781396445198,0.9335006642307928,0.6531890123465159,0.9465569530716312,0.5046688333804742,0.3432593132856893,0.2550198307170677,0.4711184112254158,0.2729237426838889,0.5840865768708285,0.0597624065003374,0.3637728000554644,0.3993925569299006,0.9636139281975034,0.1030626417987324,0.8694459406627254,0.7795980339354265,0.9983938467842268,0.7372577863812507,0.5995128315219043,0.24356688491699,0.4027764987654298,0.1851736797191989,0.2344485589213462,0.7937431314897874,0.1425807057468947,0.9754790662704554,0.1989624580464616,0.4690779591923742,0.3644560073961799,0.720375803700774,0.054204405772074,0.9819268281770042,128.45528523185803,5030.8001489792605,865623169.1589452,30017348685.083534,2573.984064805223,16.22350122806655
123,43800561,0.4345266967557037,0.1785520177438317,0.945925761414969,0.1204798777144127,0.1802306158340717,0.5644549920528029,0.8110217771214431,0.0212790494169109,0.5710351703018197,0.5773007387057049,0.5016232224121203,0.1238294683675595,0.5851754450001218,0.3502932155265115,0.4738542354313754,0.3964811670702031,0.9026218739146912,0.8090457322821543,0.5228041420753188,0.1610740590380477,0.9494453248423816,0.6686162528695835,0.5237882360222728,0.892067179726831,0.7548609080133346,0.5474225355001752,0.2848347306003113,0.5735623740267851,0.1889549292166528,0.5302502641257779,0.7714764865510221,0.3151078902836314,0.2873592990552328,0.2676853208638263,0.8695866784537799,0.2732529947253514,0.4828635697646403,0.5606035993307987,0.703613372499991,0.0119393508285404,0.7884696248576292,0.2031179561133383,0.5563943553245739,0.1396028919847347,0.4141964658266608,0.38932996050979,0.7116296612391017,0.9365336510353712,0.9060749754997222,0.940874402210141,0.794736994070319,0.5153138342654342,0.5416664164288573,0.7852867709673969,0.0665515506074495,0.4031933501554339,0.3604425918654377,0.1229076573029072,0.7496637911331747,161.85905211956307,5482.8846195834985,952628167.6688173,33104255477.73401,2872.4543561096043,25.163509837569855
124,43800562,0.4786451975552299,0.0574916733478626,0.2647165942666992,0.8821940458881349,0.2295880543836709,0.5952000507054882,0.0617900161822684,0.9277722575681688,0.0019374740410384,0.6834367189204664,0.9505689762497028,0.987655136487635,0.1937411321866742,0.2555066631616486,0.7949408036545419,0.8737348121788626,0.0822948360051197,0.7830453172064789,0.5935990275700523,0.767815316364527,0.7260598517657199,0.689072976841573,0.7678994699971786,0.5678236753634294,0.6106538854206718,0.3259485741266405,0.0067791678272371,0.5449171208705786,0.8601433798655369,0.1815683162448415,0.8337435118241313,0.4351102066085657,0.659319985964048,0.4372199366574816,0.7382090352075649,0.5287675086863562,0.1779488255428957,0.3614285821503501,0.9173402537876596,0.8399264346467776,0.0499850055827616,0.6129449358069177,0.5893799993491646,0.0767511685771412,0.4462799309293013,0.3371724795275692,0.1773519034243542,0.335693965325624,0.9311322824882152,0.4358655939857115,0.9151873187740314,0.6313396388493113,0.6424304754886069,0.1496897028772394,0.4187673846601605,0.7720116043757658,0.9769617300229464,0.1821317448673369,0.027967056684195,94.80801469398887,4696.059917662705,804802789.8022816,32788047692.90852,2949.5800098255895,28.526017996250147
125,43800563,0.4366825774640853,0.9240118889460912,0.067742144003668,0.8852847779511319,0.2826281291631603,0.3202927265162009,0.5337063487723435,0.9435186288735016,0.1359813220647855,0.5222282234650345,0.5677338901261737,0.954051707692784,0.406042239069659,0.6469307669638854,0.8921519013193984,0.4759748406011516,0.3358876878113997,0.1201225500608872,0.0729161023370969,0.7119602784396366,0.1866087621193361,0.3707370931912471,0.2554847802700413,0.59291811634595,0.9884672036382254,0.8850573743956128,0.974988238118763,0.0369476657258057,0.6762784172031437,0.9931696984542046,0.4108188932722829,0.53957132634045,0.1023678721345309,0.4986694587144837,0.4999176135739961,0.252511012658413,0.5276364391301988,0.5621789255003617,0.2348779848411527,0.0920803265517083,0.1269271080932228,0.2555578136377243,0.3265505122517743,0.2008408015286869,0.98666898755641,0.3127452687964366,0.454738400848717,0.1112233225442333,0.6813130373730726,0.8681123583378002,0.0240219247667936,0.8447648346642693,0.916262208476574,0.2677571217170391,0.945661276741127,0.8882187053024511,0.7375776695197968,0.2738738917018788,0.9327076267873248,133.7286759474012,5062.953212555625,949041132.1127988,30083233830.632668,2811.251070149735,25.94340074491443
126,43800564,0.5010423041228694,0.3991618982525154,0.9506816069352078,0.3277576421760678,0.7981261107317166,0.5160862700278972,0.0243415589581033,0.5677182528077088,0.9925243933081525,0.9056313088922436,0.9966005647167808,0.0159258813514203,0.2880381533640387,0.834557829304198,0.166458168108378,0.2639634421803519,0.8880789842015159,0.4861470656570048,0.358044263863976,0.2047976166798429,0.7030180376376752,0.972434606131807,0.0824404707316177,0.792441456619071,0.7598128857295412,0.7585139915360416,0.2725190092890936,0.2433500045449481,0.3856541281424983,0.0439313887862527,0.060771535042944,0.1418629288029285,0.0748304606943664,0.2830303874146256,0.0044822352347988,0.9411113110746792,0.0103544249762087,0.8214945290459302,0.5968903967204903,0.5233058867930667,0.8111497190426246,0.219653568595173,0.6522058427370246,0.7416091915530353,0.2672325632447105,0.9743546761038588,0.7471934189499363,0.7377987724888804,0.8482962047572659,0.8710283235988213,0.990371997809863,0.4612844470347924,0.308943505304536,0.3619260092176927,0.4436581820719616,0.6016419271476153,0.0414672433552389,0.4077965369466937,0.3877312768274127,230.99449652947578,6284.102652887048,728332704.8181849,33080233316.59933,2444.2631890259354,7.568973003022283
127,43800565,0.6182407313929213,0.4800474572061669,0.0520384066929738,0.6998917150908348,0.1536525252413825,0.0496761782278418,0.9638644292380176,0.8041815051993165,0.4320412497098796,0.6718225984840814,0.4526069461985622,0.643085814045032,0.8285160294507693,0.7421840640971032,0.2009309124993369,0.4870382782589705,0.7238126922928091,0.6292031553737591,0.2982756044376942,0.5814236379534152,0.3796380159659243,0.3663523648732895,0.3948020193974735,0.9716619444353324,0.6570851783415428,0.3256096149011161,0.08255850612925,0.6400417514943546,0.7152804881977674,0.0303189478667515,0.8558569739471747,0.6971014611984356,0.2756089898579563,0.0746913805278605,0.0421333117601577,0.7066854020445514,0.2445408460225672,0.0890081429971785,0.9886998357682012,0.4116845911646398,0.0899728812322229,0.2523949575103079,0.9541910466296072,0.7213760329866612,0.1793208908084935,0.2714172717660173,0.7391354061228469,0.665223692000785,0.3026537714016002,0.0907530369367144,0.5841211034024039,0.5833241672197274,0.3230271990722682,0.1118639529416885,0.0821554322001862,0.8250555102225623,0.9675547952802792,0.1442903156413496,0.7784587577469765,195.33076654177646,5858.716947176336,953404192.7211536,28709864081.07973,2779.3891751956753,18.340218000191197
128,43800566,0.124368701461848,0.3777344506330269,0.7213151792548824,0.7703543268627724,0.3539996370742051,0.499262644256788,0.135608381430871,0.0649363921434396,0.1843774078017886,0.995740189803251,0.8632533686698523,0.7877669535346851,0.8657856950901955,0.5628114129636254,0.4180755314509368,0.8157543354708531,0.5431294079851763,0.4681853800647727,0.3931136297585327,0.7432860940188715,0.9318544142215875,0.8385950240018123,0.3920665775565961,0.5816353087846121,0.86664332250353,0.7906950902876029,0.4207558256937125,0.2568425103759709,0.0309321418209918,0.7594296237210482,0.1915042457834227,0.6435029495014284,0.8437872582198355,0.5158264466839964,0.8363866598565077,0.2093781921733491,0.9386420386370028,0.997292299393478,0.2395136420035395,0.5362692323957965,0.6005370352559488,0.7027552527957387,0.1436031297853465,0.187546973287003,0.813295039857102,0.5214495191464887,0.7897678099252862,0.9774829746965308,0.8407403747037524,0.1731227709190609,0.5718159580490456,0.0694277475956987,0.1669347374328866,0.9908996824398276,0.3149789919316935,0.6885346372805651,0.2056660435887648,0.4656809704272207,0.0209970147591493,136.49354524190306,5166.323001521627,805387080.1668197,32210268359.15167,3203.0097922154114,34.90714910749453
129,43800567,0.2925077068677709,0.3472894943766875,0.2980356900728991,0.243877348089927,0.0998347801325385,0.7903509926459333,0.5194575227424694,0.8552066500421324,0.3616355686190349,0.3630247670540082,0.898075796923675,0.8945275475259882,0.5834064891755556,0.7781077953225719,0.268291955891852,0.1783762536841623,0.7970151493619465,0.678506611632155,0.5069302690907939,0.4345364787641698,0.0244460696972515,0.6194265283310219,0.1790415227849527,0.0706397641567254,0.574121583706776,0.6029167701274128,0.8437611197993534,0.2747434944383048,0.6006794886538672,0.6073869730064932,0.0204266231178712,0.7117576735218346,0.2776798038000289,0.8475041855531751,0.3604697417701753,0.4114396031047824,0.4510676448191474,0.8889299781935416,0.330685847639875,0.5994676666264149,0.5018348606693559,0.0734627471829253,0.7044065043509486,0.9009664943076272,0.7170030528495093,0.487061313165838,0.1279239234568104,0.3844292509652079,0.3750480224484918,0.5439763029881656,0.9662795344547688,0.2712395956423684,0.4571059755959868,0.2756983214545316,0.2274028652263948,0.8917489837467321,0.2778002457849299,0.7798442049688838,0.0016134380124927,136.12527532131566,5111.842711659551,818483272.7130255,31018643355.48324,3353.7881467172165,23.186004605027634
130,43800568,0.8989805730672682,0.7821477037419128,0.9697952769854816,0.7021893424092742,0.7778848944588455,0.9599091928112378,0.934273859175566,0.5410048174381786,0.7215281984973712,0.5211460392693105,0.9442482053026046,0.7613795528352232,0.612928173377744,0.2255257057901622,0.7944532269381012,0.507830385433337,0.7613739727879366,0.7028851041122228,0.5753514967556811,0.973067645120789,0.0575542385778877,0.7199213953325595,0.0783754184407188,0.1577417276317203,0.7590046128268544,0.9941806318358216,0.3190950417461968,0.012334329075249,0.8721679347407317,0.7900727376699981,0.1504446609017539,0.0352556291451005,0.1385467440908854,0.9511645261432556,0.293897936110799,0.6758618868545943,0.041700123855993,0.188619594457804,0.8543323052511399,0.8839468488535025,0.2295576668682138,0.373865656412251,0.7087731126568674,0.1221917026552138,0.4939393215713445,0.1209885016360048,0.2115611675315518,0.3810987208890761,0.3959694717048105,0.2323458831329316,0.4976090151741922,0.3553657574497669,0.4266607189835913,0.8465863827177271,0.622242523934696,0.6038087281928259,0.7568204976373205,0.1006146817330082,0.4261917191479543,42.53609086338983,3793.9144464934966,768381158.7813265,30692392927.85957,1738.261089964866,17.415386689008407
131,43800569,0.1105090290700884,0.6068597304858419,0.5797506052496199,0.1106082949235769,0.4027733829777601,0.0505012098704418,0.0251695613764632,0.021416228869303,0.5752262780323822,0.7299484845138797,0.0402022119093518,0.929931127047862,0.9016888936563092,0.4285720925617982,0.3462579986678856,0.6111544755087206,0.7005233818749176,0.2793446189886145,0.4934488017397347,0.5866284523888387,0.849727453893035,0.1779586343934468,0.9434801517626612,0.375329773824705,0.113313235703342,0.667062961208825,0.1323746675178922,0.8845288973690048,0.028504331691528,0.4557704000150404,0.9024715147962392,0.806646794125135,0.0826480683519984,0.1024378032231026,0.1684189936261946,0.0841713671945847,0.0344873626328848,0.7787288771695342,0.48164598653703,0.2723452199746516,0.595483811249111,0.9906734023537764,0.335795167584754,0.3882258200025738,0.3541868108023547,0.6178946195978298,0.2823790516266244,0.115742013890628,0.6871643982642278,0.9816254925776242,0.4812166801887618,0.0220924220917579,0.926554535092848,0.9707959093438906,0.145444575865685,0.6659662551316233,0.1665887432226962,0.4496273281328184,0.1926273951873363,288.1369655565307,7115.22152192759,1078382336.2513845,28115744558.078266,2427.61572550693,15.296086703613902
132,43800570,0.0645669374274307,0.339035707301862,0.4422237530174682,0.5237503054056027,0.5023480913364395,0.5529770231064441,0.1308368842844814,0.1482775336582291,0.963045610666834,0.4803211954709932,0.5094722541079245,0.4593893813747389,0.8288466814038066,0.5490366035702263,0.862937529827753,0.0380507335279918,0.8482741212752106,0.1328258448540807,0.7700072826836564,0.7219515920712946,0.0950604947574463,0.4527462760908086,0.6857679191665044,0.1249998501829805,0.5161094070240734,0.9234701897944112,0.2932485536219055,0.2115155661833661,0.7979359419350012,0.5589480267176687,0.4558340364304359,0.0615499361239516,0.5019049955194812,0.2776997646687224,0.9863414489298596,0.9889768001599166,0.746828270918007,0.6582147483009966,0.5171284723918186,0.4226085164465812,0.1536398319268517,0.0340449140889973,0.3409020616337476,0.5400161749224517,0.9080120817568226,0.343083377322809,0.5339144641678877,0.7580863112570678,0.3337406232358545,0.1086540234429594,0.5750901392099961,0.2356674079728524,0.6617694197271645,0.0873214505948993,0.3752940195893662,0.5898482077443022,0.8292543108026017,0.5831540443850864,0.2908648522513166,128.07416547244665,5039.388926920018,898797556.3726857,29343298114.173584,2447.163246179837,31.697933847757476
133,43800571,0.3725266066917352,0.960538079853654,0.143434658867074,0.3875048315826848,0.154016364397879,0.0687074790691619,0.859165898396218,0.4349272894725537,0.943874701447899,0.3514181646811089,0.5663204628543108,0.4948616052037505,0.7605199769107684,0.6915557573167728,0.4770431433531631,0.2236563461055119,0.8203041475469299,0.6163446322012716,0.8940894476300872,0.8216744496514694,0.2935368548261227,0.2871281733055532,0.5145495173596253,0.7811488314332001,0.7217313740843283,0.9568674398984872,0.3150021836915086,0.6965712969287005,0.9299601257656122,0.7061823535921994,0.4683676898000299,0.6922762166435634,0.3610034306299328,0.9786600866304214,0.9229484858137628,0.4711753774036686,0.9224018615325617,0.1463118500818063,0.9736855888903592,0.5909943928677148,0.0218547646221065,0.5421802675343,0.405206634907673,0.6474600230422278,0.3282893027853046,0.8471724269740575,0.2320674171948244,0.2133140463882334,0.7683310666030304,0.8216460622144067,0.9506829765952264,0.9611009608846318,0.4156988577214132,0.9652403665784216,0.9000943259463006,0.958401442377058,0.5330935733379248,0.1194028071214968,0.90988977976716,222.04428162991067,6237.519767339887,899394936.5527579,31512298704.13425,3744.457244003061,37.94983755566717
134,43800572,0.8502075049633543,0.94308255583414,0.6276522322332732,0.6432008199731587,0.2548939710043328,0.8701599420329919,0.30172613436458,0.1446447380580331,0.4533340786218788,0.9803047554520572,0.882906790265083,0.9205692000309308,0.2190408472170972,0.6759410080999791,0.6456707408871794,0.770874165672452,0.9171399502462568,0.5083656902042549,0.5431918922420756,0.8148035988163769,0.1167503669898747,0.94431257080548,0.3141003636407023,0.2067567729931116,0.763484415499911,0.2546838889689242,0.0703627264792139,0.4869544977599609,0.6581004563824121,0.577879256326913,0.3327649220109729,0.70939103675621,0.1998296959746814,0.293316824046047,0.4334372171465993,0.6687332131592048,0.2221753306173629,0.7127239436526797,0.7380736678440545,0.8659344110666096,0.537552808934317,0.7489546316704383,0.895781091896337,0.979688187749486,0.1550059642656452,0.1968402716385551,0.3466691039256149,0.9102493241697424,0.3765325890959662,0.5010724215812681,0.8529285348307022,0.444222078941838,0.7337424416615216,0.9708418176539984,0.3932766980941946,0.5539562936916361,0.0324424123132479,0.0496685805726575,0.3206588848787284,91.4592186888715,4485.45766144572,788584859.370632,30333717415.559074,2590.1304590988875,17.370825481513823
135,43800573,0.823589317924442,0.2397154905079318,0.6894500953410776,0.8117916337105142,0.0376571081304437,0.2394982957434846,0.0443004674339036,0.61303308752965,0.6500221818269672,0.3206415849283565,0.4089837256461885,0.5498470486128941,0.1592784774442163,0.7710308239309812,0.255341545699318,0.02499614996837,0.9793524247963934,0.2591554387092064,0.094255843002975,0.8296600679356058,0.95230861465282,0.2433446619671344,0.6736765438667015,0.4216748144556386,0.5743803237111781,0.6339697799975351,0.8040597934830657,0.7721319851054128,0.0658317604087591,0.8276641083464261,0.3336052402907018,0.1163836028760022,0.6437824066060767,0.5085665375971989,0.5049306620336608,0.0922092075588534,0.3006258235175048,0.3783273607123585,0.7636219325047888,0.2427249508135166,0.1965055766516679,0.3157660208807457,0.497493101517233,0.4866193591135318,0.5867273838395503,0.1390858627167546,0.0711452273716498,0.1364730145772592,0.6119059871384442,0.7703976578019556,0.0467358014865686,0.9913157202465576,0.431816872495355,0.2501969669021491,0.2807910400866701,0.4815292041954159,0.6025445630367883,0.6035757960888279,0.1210612980163404,151.90466541266585,5234.8981246467665,978306866.9552538,29993187409.824074,2715.2026691063156,25.7135753723771
136,43800574,0.0756023314685705,0.825894912080811,0.4428833526667821,0.9468765376891508,0.7114947155192752,0.9159037454656376,0.4470672935622332,0.9810139162763226,0.6185452389128289,0.2741454087830374,0.2188655226954017,0.1887566234263651,0.3368912523011407,0.6317039865234716,0.7928528566383264,0.7677513867727624,0.9602815515435577,0.9855821844375008,0.2557471352023437,0.5301805427957292,0.7089242151758196,0.1414871210745302,0.438348547472178,0.8489859487952189,0.3888193216670945,0.0237686588593291,0.2057234610085021,0.0712508112651662,0.9707923342472908,0.7560217069702905,0.9767019134870396,0.3882344642526978,0.3563325472839435,0.1472713742405848,0.7844310989285349,0.8928051670175213,0.1192297238078273,0.8850716365198772,0.8348162531592404,0.4336049576599349,0.695169389942985,0.6902089336852918,0.8386342564878749,0.4914460982076652,0.6436326816844449,0.8185439579854126,0.496460300373732,0.7759521837118075,0.6636034022778381,0.1590337145418711,0.8777206313435177,0.5315923315985629,0.7138937431053294,0.6260178240289666,0.6825771681622056,0.593310447864203,0.3238394690691904,0.7692315763731117,0.5888851813217145,184.68439669029038,5933.9804971981575,1057536739.9328067,30669897421.79246,2037.2334102560947,19.431737375424134
137,43800575,0.1214496086263706,0.162097137626972,0.864261403608807,0.7555642459815236,0.2481057077040875,0.0790447255513316,0.4141942417220128,0.3196156830919304,0.9592456014975476,0.3855718378313286,0.0370241581055725,0.4919078963999643,0.6500412040933142,0.5728253026709863,0.7422682939860609,0.6435001489423144,0.3238748848719087,0.6732334804013121,0.5294600332054975,0.4659525159794416,0.51744441765079,0.7961861318939056,0.9550598476308626,0.6276502060761378,0.7913851999558037,0.4694982888634696,0.695595580833307,0.4683682511473556,0.9295510095111252,0.8318575648178177,0.7268940109378614,0.1660793902051066,0.1134104557825352,0.4798924239163201,0.7748147054687607,0.6958335249069978,0.7825928372600489,0.3725905932429805,0.7856785419125777,0.5389596420271812,0.0985514051453951,0.057893628454772,0.2924503766426279,0.5805719436971799,0.9793811497189806,0.5651506621961437,0.5849906213817212,0.5895537387176759,0.2407535993344355,0.3301477368179634,0.0224128665831821,0.3469364962143851,0.6600709789347606,0.918148960081178,0.5784592517498942,0.5989325882779538,0.1706552194405581,0.0649628646269431,0.3552493426922001,232.75342728493206,6378.753518681052,1065127190.4657438,27404862061.729496,2906.2738581976246,29.79715554408505
138,43800576,0.5774956030627983,0.7656958804583084,0.0272869716274305,0.938404364744188,0.4390915759410393,0.0225722886903237,0.986386573425129,0.5099921504359429,0.3684600086738034,0.8007700797332957,0.5657965731333255,0.5835003171701908,0.836759953269025,0.3048885470358849,0.6634666746037029,0.1796704332208121,0.2248501386312681,0.3997352674689069,0.8445458822479823,0.771736214430327,0.5000395041781295,0.6283598507582714,0.2685510234778475,0.7174676636397926,0.6891093624607716,0.7986690509863125,0.8268781643041482,0.3400144871262031,0.9683358496078076,0.7467181923389784,0.1882127435063194,0.7360467152814039,0.7053036854405449,0.5138505082086996,0.7288914056084612,0.0003636810848811,0.1928736132611121,0.6730130402179465,0.1913331405822486,0.6692073226263203,0.7676183868593142,0.5244388427732114,0.335222613038426,0.8938845291298807,0.501970283555939,0.1002143603135865,0.2093220032760342,0.7507356522539301,0.9619801322415776,0.0590303371954415,0.136811052292844,0.273618418139312,0.2772339492485322,0.0966983210764145,0.7430215461228568,0.0706251695038392,0.9382482673972586,0.8183510139803483,0.2473570474179904,140.38363973228292,5139.941740148859,906626564.6806415,31883076808.687912,2312.2872773809977,16.821720849403057
139,43800577,0.7788495420436602,0.475459673492271,0.8637638111270377,0.5117974932963383,0.638343210283728,0.5537957410421579,0.1008105622838223,0.8962713061492245,0.2594343609930084,0.3230886972983992,0.887034092838311,0.0586968288482952,0.0981294333968902,0.8962545953713061,0.8151019009298012,0.2886963890744365,0.456776099082492,0.9580809044359434,0.5115494741610448,0.9499432668833702,0.956588415134707,0.1106066070623343,0.9906926599997448,0.1624877472911454,0.1190063922578582,0.2083594447124912,0.6000506336620463,0.9984867436388802,0.3962379936685273,0.5245148002542285,0.6630942213221858,0.7591168766288544,0.3699434511307691,0.4136242219688016,0.2485270225604271,0.9764848889983186,0.967568226039612,0.2836928682295488,0.4747622707208513,0.520921996877978,0.3759260613485002,0.817742082081946,0.5530884962225453,0.918195593185608,0.6003089595610733,0.8257254191202184,0.9420978731469162,0.8324551288723103,0.3744836721525955,0.664903038988992,0.8742573309497101,0.1491304521473658,0.2402031425763389,0.3501277988315046,0.1093722430150776,0.8105159946664631,0.0683624224927188,0.3862866681967784,0.3294325232746694,198.9505668884377,6125.826979573183,841332549.7849413,32125448401.938816,2999.663003469372,32.25096385934182
140,43800578,0.6788978205534293,0.2275140286761077,0.7505460971974764,0.8763415545931824,0.5438271287757874,0.5191291694584359,0.237318741195029,0.0356137735487428,0.9984097821847306,0.6322565216557392,0.145681476402387,0.6608240211049184,0.5772486536809497,0.6378454856980003,0.5212280485149721,0.3120719085357857,0.2416059806667019,0.4628022685103526,0.0294531957844711,0.8559039704838554,0.9988196510937436,0.3072394220868286,0.3174163182549782,0.5181298379988553,0.1426851593973203,0.8888659282218264,0.3874392838692449,0.0942516592116705,0.0446781650886563,0.42761702683171,0.6772612992669697,0.7444112663941116,0.6762448380623612,0.9923675177525656,0.3973394344131827,0.2808816543030408,0.114872292768862,0.264433101425695,0.3013921786825804,0.0232162911329377,0.411475226888662,0.4480099391934206,0.9123267529616992,0.187167884607058,0.4295493381780733,0.5242239069703409,0.3941694832000839,0.073200667215672,0.9526561614301412,0.4966683924100995,0.9731971301239896,0.3615019108157942,0.9620350999740338,0.8563370752209722,0.5855685557878663,0.8517789888520801,0.8505713704172395,0.2448987876265781,0.7210677188926525,184.3742700215942,5752.446072087407,997863164.6801267,29618253436.012875,2116.0086439467186,22.764323753045996
143,43800581,0.0580356857780289,0.483261578203038,0.3988803032833312,0.7878067171345484,0.0756522805153005,0.8791414165658921,0.3250654542546242,0.8242641896526293,0.1168140224748786,0.4744874806808907,0.5478933894959116,0.3991417582024651,0.8724285328229627,0.9023908467034898,0.0596177361572603,0.1496884042796785,0.6544652072806133,0.7830202587791322,0.2054425495903678,0.4677414440674717,0.5092521986729133,0.9638082799070284,0.9709225157740562,0.5176003422674555,0.813162429327444,0.988645431396036,0.1066400757036061,0.2415887419937331,0.7660988225379805,0.0590965595288509,0.6840256735848254,0.1681868417680905,0.9409537436373608,0.3962567476025933,0.1784029050479761,0.1201259602842397,0.3317863801188537,0.8015607564531575,0.976094874399582,0.4481461808705822,0.863833979648083,0.640559400765453,0.1801426015090093,0.5939284981602244,0.3676851376087137,0.3608826608612556,0.2287829411638026,0.1616142641748519,0.6631975206380518,0.5681442062453197,0.8219391192908091,0.1581756837166389,0.25471861091207,0.8120533232159097,0.0305162134298277,0.7342112754781902,0.4790876509617035,0.1813180755631208,0.5884025606326262,106.87974497234612,4762.351241775577,967392208.7207711,30383272529.88665,2865.997207814013,28.043160134230494
144,43800582,0.0198980445357499,0.6522404218592994,0.8766731158546794,0.0255184368716333,0.395381114989968,0.5096169139953124,0.2226732690407706,0.9000971651098323,0.7578257594546811,0.3782859402261337,0.9824071029799843,0.3863809866691154,0.7461326535992977,0.8723334571209366,0.7423995725230879,0.023095671935245,0.8238431344090543,0.3846156690752433,0.0649568244858504,0.5959149412707584,0.414784052164214,0.8346901560784856,0.6215463200123189,0.297948224561307,0.4611639685996961,0.6400503951488883,0.9792325174827988,0.6258251778678781,0.8624644956079134,0.6378507496903028,0.3310044234855692,0.6939825415048789,0.4453018596388949,0.59777120231069,0.0869093215942637,0.3882324008474918,0.5846217628993426,0.2006973128507557,0.3009117147406953,0.979554088757027,0.0524154350229594,0.3757336097795534,0.4686657308719716,0.4920435951417714,0.2591481309805296,0.3618211165643823,0.6686033233960661,0.2471444172379561,0.1671714348928246,0.8746648958625544,0.5516091035457552,0.0215616238681774,0.6192089246417778,0.6529646280474499,0.7378629792910617,0.2905191552083973,0.175318173877942,0.5349108304888474,0.7109312695316823,136.55327489487644,5036.955711190898,765685662.8715206,30320078258.61334,2871.417714885748,27.041575464604044
145,43800583,0.0277660664590276,0.6511365741258104,0.5868518062013539,0.8875093712657687,0.6049419508793376,0.7166864771459517,0.7896957832783542,0.6060945815525078,0.8265710485563761,0.7023149132200305,0.0611656564167823,0.5534656028438358,0.867021744072181,0.5098657241812826,0.0872437717600831,0.6443762745219516,0.3660538387781805,0.7752392830738498,0.9351151568490916,0.1647993348008247,0.4196713415837416,0.2419447152153692,0.902283857794316,0.8581942161847584,0.752177741018329,0.434047614439086,0.9781857803621744,0.4481272005637879,0.609912770249361,0.8786569413267358,0.727616831618492,0.8518739670573583,0.4678323018693727,0.6083660183335882,0.1307809969411793,0.7078902648865375,0.2422139824543782,0.0476495345702367,0.895696720253256,0.5502108319815187,0.8924664487965978,0.2749522898716191,0.1864202214685858,0.1567918074735381,0.3974972352362293,0.097355716292233,0.5130552836933594,0.7789823727896587,0.9218420408336016,0.6420519732519946,0.7231404537502415,0.2679013999716841,0.6530075976155112,0.3616052167154738,0.0924663439364783,0.1127873603989761,0.1990381871285114,0.85442777241879,0.4817021458293213,121.50564666479252,4866.646704657051,1056249121.7104101,30687227383.99199,1645.8645581428286,17.781242978395785
146,43800584,0.5169484851814252,0.5450957190450736,0.4385718141726848,0.4911770461239773,0.5903595255832856,0.4707573409457089,0.4250514665429961,0.8558357887987904,0.1321756055081324,0.0220150958958404,0.8609406630357402,0.457820661886873,0.4557606738472507,0.4038820300930497,0.3224342298513517,0.7895134986808189,0.1081351406559401,0.7112305980256427,0.7401482080041966,0.5618715604971003,0.7590595141078528,0.5577695879748971,0.8850888103855654,0.7237783588066228,0.4700295855605723,0.0644940927750219,0.4017843797498523,0.9231817505969052,0.3264768957850069,0.5329462579413409,0.1488171146657515,0.013794358159909,0.5402909782341414,0.2332365529782728,0.1045125000855419,0.1216870829360663,0.752673165463077,0.0132214912050541,0.3729969572631351,0.2725377770152001,0.1254654066194883,0.6643686172233887,0.5812539189229123,0.9469689067676283,0.6261260858372388,0.4610983400568019,0.8334722353862268,0.6792186234899075,0.1306835901021486,0.9611215780671526,0.0924191488452877,0.8190907449931414,0.298885634300961,0.46029019181999,0.7180398926935062,0.7385796938358327,0.9090209551941536,0.1025033741358453,0.2556547790580696,158.47966764869201,5556.61230345872,884092066.7407768,31643848483.702667,2750.85688057432,27.142674141349854
147,43800585,0.5653915821244107,0.7832157401935796,0.2949710360086024,0.3419214094569219,0.2967789371715753,0.0040296750169116,0.672037636431306,0.3818220603837348,0.7077091010929182,0.3193689218172741,0.1991572536380718,0.3148488584546003,0.7915326711785714,0.4336817706890024,0.4735448568540417,0.4070079154321947,0.2405434040746792,0.9233729926604004,0.0410485097341743,0.7110972717223275,0.8615066270186948,0.2816308575442924,0.0024457040902559,0.0328908010153629,0.8766482514758306,0.1793163602200203,0.9849228382402256,0.5409295835312897,0.9117000884653096,0.0818169022586488,0.7765274609486716,0.9659548124341364,0.4107550835080183,0.6656597327693057,0.400240415706051,0.1384787862140771,0.6173078264175537,0.2622502359776335,0.7484515508171395,0.604416081416164,0.268894652822487,0.5111284700783615,0.4302647069424105,0.9321549930373744,0.6004764817083084,0.7680388579657205,0.7733230713201223,0.4945022074059293,0.4035162782560761,0.5935603159700201,0.1700035096287545,0.9445269123894284,0.5293407623218073,0.9226057661720812,0.1677063463337304,0.6696298598424486,0.0356992901912518,0.5345797196488453,0.7612240358535455,264.4590688821565,6837.138969831179,1053442483.9515336,29072011945.09984,3071.5062559506964,27.659269343426747
148,43800586,0.2373408427714536,0.851054725110255,0.7859811414428437,0.3131087961794442,0.5699841804508351,0.0684371464891996,0.8838023004419482,0.8506258075456548,0.2910552505492513,0.9629383356205764,0.0501855497153389,0.9916013840487926,0.2242499890262909,0.8771869884967537,0.5736208203575933,0.2588221363470735,0.5907731419656045,0.6886597791089143,0.2554093254627206,0.2084813199556618,0.4711888990923645,0.1897379458803838,0.2999579379365318,0.458490049353103,0.4110160218538674,0.667297735098575,0.0282140239111563,0.5536802233664909,0.6673096397980885,0.5682000491606919,0.0955639465219597,0.1511505781655828,0.1398622278871135,0.7122221766186253,0.9396380149309927,0.8814689622545293,0.4029965607998648,0.7184384102424964,0.5225488368232588,0.7781204371160748,0.0043048413762791,0.97787483028722,0.7019971453092183,0.6945347714388829,0.326450793463415,0.2829578940065651,0.9717336694957251,0.7658976027499435,0.3203374067495945,0.7504139276304543,0.4705925228590986,0.9334169367697254,0.7453728698212355,0.2611368071995425,0.9579242001334878,0.1524585276348481,0.8235146789255348,0.8027822460951545,0.4553910424464516,240.10365964855174,6495.078661776332,1092960920.6071386,27280953464.21643,2095.1142844890483,18.198863354943967
149,43800587,0.7313458798459568,0.7446938636166097,0.3757019644863703,0.1625106612578584,0.9545893625736276,0.4891049356690153,0.6422083225566428,0.0843427579772642,0.6638138357535893,0.4983463636726913,0.0993517646168155,0.9588645719804016,0.3221036324245388,0.8023771082824069,0.8510038954955772,0.0337353452549892,0.4805713776279829,0.9378476739931983,0.9763530596752076,0.062362872325978,0.6905325798958739,0.609907643865646,0.9517204632158268,0.9036937276607402,0.6373265747618904,0.4943831039751798,0.5573728144967659,0.0920034971146238,0.7213595416830983,0.6080628837872464,0.1587841964056626,0.6718537469561431,0.415791077709556,0.4344879425196765,0.7663217736730572,0.919572191483772,0.2654839309942579,0.7753522828187597,0.3396009700861953,0.16756727661564,0.4933645549218981,0.9281807440902216,0.3659631432166269,0.8286413998896481,0.4993987600961494,0.2501149332269397,0.810893083098639,0.3092242513768956,0.050948286690033,0.4784295810336344,0.2534842649496497,0.4568388917290609,0.7106273122123248,0.3946225248847163,0.7059248351672842,0.7239252890435919,0.1225074134711253,0.0367867229931482,0.5605037599191156,169.58387366622503,5535.139571336328,1067366061.3818619,26262131704.653423,1447.2709257140586,20.147583938354213
150,43800588,0.1699147960357253,0.8242351484607661,0.0908903534837644,0.6451700397048012,0.0909810930643517,0.963384126667746,0.0632188031739699,0.3186151710573231,0.8127778807593894,0.8574551321740157,0.2081976783165932,0.2741660047624498,0.3143227567794845,0.386557452963486,0.1890956891068601,0.3274550524643579,0.698682165843214,0.094874007925591,0.2136584772678147,0.9586589354307776,0.3096587844612835,0.1023714034789458,0.2671530445581457,0.01362907351104,0.1022225563862799,0.7739635395624447,0.3775668388371515,0.3016444590350005,0.7987376451334314,0.9399542680503774,0.1000173180748219,0.6776663468340334,0.4868592855217432,0.1345998555245256,0.2693281654919553,0.3793771647233968,0.0870569776003305,0.7780071307847742,0.6238076742502033,0.8812829230912846,0.7701150970441605,0.2761718383475171,0.5747087945611812,0.2357948588265889,0.1207408178834714,0.0473206917846505,0.8769238042261521,0.7484782195854512,0.6785856383180877,0.2370489579082306,0.6911285275018293,0.5365471678967915,0.077963334964006,0.8466810923823475,0.0485460325158256,0.4650289235856391,0.5166794423468746,0.7411158725584991,0.1585387712345339,117.81568686626841,4823.788753615845,984144147.535204,29316561026.071583,2073.946767902416,12.201926736649934
151,43800589,0.3070964392576288,0.1603780867908414,0.4820111592107185,0.6603721478762741,0.3382022968168497,0.5354256687341976,0.5162240541650363,0.3435600876320815,0.0365140242994737,0.117143366634853,0.8867247928514611,0.6271028192594497,0.6254466019071104,0.1594459175785476,0.8628968175294184,0.3202941787259458,0.3631765082593078,0.0470814867313168,0.5618435819217664,0.0663310870398595,0.9763835367897336,0.0365411951310271,0.1764381046364091,0.2246542201914714,0.2500142307437498,0.1954645045674454,0.6489927895568969,0.8886092199634292,0.902249776368105,0.5928203909400658,0.9560611096973408,0.7942604916143088,0.6741478321509047,0.1937406624546298,0.96972929716962,0.5871360853303742,0.6047126653398234,0.1723613028456724,0.4232320503539785,0.1145369454415136,0.0439833656805472,0.2907119068699952,0.3785436407453593,0.9016133114746032,0.4443204917482746,0.973265031453267,0.6426052371173797,0.5389299247683935,0.6432805480370788,0.4586868130278556,0.5841059745239205,0.8859874608546007,0.5427461314093746,0.5544499001249292,0.3778939726621882,0.2841205473122261,0.6784632462566106,0.3532194927782892,0.521456696445949,173.71520390027698,5830.821813989993,867088793.9639634,33015189063.224895,3606.723664540843,33.478317849819206
152,43800590,0.9295209897414528,0.5108665749342413,0.1422511309984739,0.2013164979961423,0.8655443837259367,0.1707935410935393,0.5809613949533013,0.5600742121820235,0.1198247727575705,0.4337630844403575,0.5542923423073536,0.9927081067780702,0.5871546324326404,0.1795493768261355,0.5100630632081455,0.2146230050938854,0.1680421109020209,0.4777334417804063,0.2095000556293431,0.9017567725239282,0.7535611504725139,0.1814509168453869,0.7956109946111543,0.0312592192879974,0.8760450102283557,0.762140224507444,0.8648936857043971,0.8404782870228983,0.8866063799604728,0.4941767847338354,0.2514385750257601,0.6932451705173159,0.2029939637970378,0.5248777671591869,0.3770043612277822,0.2758531340989513,0.8943041449719359,0.2735938884035881,0.985786446686442,0.8777713417779861,0.6287802791382081,0.5978718267850154,0.6774502664985256,0.0678971988200941,0.4326428600778086,0.2143892977194673,0.7220719385471744,0.0816970780841958,0.1852158504938901,0.4757492900466099,0.9274045996613192,0.2570049227027998,0.6387415458457629,0.0992097664386429,0.3175299574055509,0.9850760950021938,0.804400288437788,0.4155206295890978,0.3189349189032029,151.8233713540965,5319.241314801377,963662640.312823,28194567694.23464,2023.8968198530301,33.19125943730872
153,43800591,0.7248851061697995,0.3687511721155217,0.6404097402318816,0.5981032893525292,0.4374017407624203,0.9755453237100428,0.6283715104283623,0.9461786051941304,0.0622885606464851,0.8207500696586695,0.8557567073929175,0.3999842419033447,0.4080444931109932,0.7763819324177589,0.5067041187163183,0.3237827901434608,0.5043953809203037,0.0287298055762347,0.5844183954344389,0.979917800840249,0.412832064729931,0.2246590776123684,0.2584064616876051,0.1664989867751336,0.684439773141688,0.3051849199760056,0.0230842517162838,0.8357162365612626,0.0739385811580904,0.1605917008295236,0.6366792364052168,0.8450207056280769,0.3051664804552206,0.8848132966053964,0.8781872786098339,0.9221635752038324,0.2928366142438987,0.3296447533335296,0.3039377467935533,0.3979953340046533,0.3670727535677361,0.2722044086044478,0.7501167612851761,0.5728575446043974,0.4192625017554969,7.594447900231117e-05,0.9824952696245892,0.2461264490979768,0.8736726976725788,0.822710332717913,0.3219455543091579,0.9593513148539972,0.1422055604495717,0.2675137538817747,0.5937321198132902,0.8776528886186846,0.1586317843873558,0.6691604182094187,0.9744392946138484,21.537321012291443,3588.1774531549368,829854823.4895927,31517242318.999504,2165.1176321807543,26.974271635522577
154,43800592,0.689541539877913,0.1592470431351823,0.912909953314564,0.5707425717516597,0.0754430724959418,0.3742539545960656,0.3566673243350397,0.0164102337548354,0.8412103341183501,0.952635920916448,0.5858145926035488,0.9500454825417596,0.1501680746196526,0.9563961691417596,0.0065916315084602,0.9312978644227016,0.4682348772732274,0.4834119627252656,0.4138310186240565,0.4126930899318173,0.1452176564145557,0.4197061943091771,0.2022335232711013,0.3065393085770369,0.5019673780732392,0.1456842635160277,0.4959280257937405,0.2108529921764821,0.5927389209115057,0.93921003610151,0.6433209350543619,0.7799688298543312,0.9893823788564036,0.2093403890403148,0.2911739270040741,0.5067350115046979,0.9468445094195485,0.1810067254999929,0.7375692786339305,0.7928590095966015,0.3609392111602675,0.9902062436766396,0.0966425127382808,0.989673120526658,0.9694101208927016,0.8571840193637028,0.9691568716812708,0.0512823535878025,0.6354931867990607,0.5627128953849575,0.4458120515195891,0.2568272944379045,0.0394648623077041,0.4374443424520351,0.025129874692234,0.0039175220441072,0.4454323797642164,0.6890758720332124,0.3459679428897852,200.16416968995046,5911.013719576169,842086340.3016769,28746598823.740887,3756.991979766542,38.481943015132245
155,43800593,0.1257792548710013,0.1580409463871543,0.3443951318543605,0.7432873236076869,0.9790106186483022,0.7601329895443738,0.3786584626206044,0.6963972421227217,0.5454220363287284,0.2201808929797198,0.8594285149687443,0.0529488163680314,0.8430891816749078,0.1594933120875099,0.932708146267324,0.6202647342886481,0.8877271989622484,0.3203040969560194,0.4214217757870997,0.3342086668236887,0.607593293128526,0.32430303792153,0.4360239997738282,0.2222387396201633,0.2291207009792578,0.0637952744890501,0.3140232189977121,0.7509028026517413,0.1266658601206012,0.5070068754835656,0.2452519018519937,0.2005118028922283,0.7158758078127918,0.4972970555775951,0.0703618782805916,0.2830888448286594,0.9121358183915428,0.4710225084788277,0.226530120494275,0.4692082151211947,0.6728075190928393,0.5825831892242329,0.1980953416604462,0.7280901927372864,0.1379602313824407,0.8957166794838942,0.8712503211088868,0.4533779406170969,0.2095149545404455,0.0852146029002359,0.4301949801563677,0.6155034328494396,0.011959738385434,0.916577267069522,0.7908844212211164,0.2201304717085913,0.2297731855726953,0.3366426899255403,0.622697307462966,161.8427197412678,5524.072956011081,828488714.2982448,30498465786.270435,2231.2781423549272,33.591364152870604
156,43800594,0.9058587176385692,0.7752208501645188,0.0309411927275439,0.5873165530871595,0.0268003088438508,0.562591081744182,0.6308163069966937,0.2818348759250242,0.2354425279056678,0.6347767007618569,0.992854582733549,0.6620488114755511,0.2952905948385189,0.2124569148389177,0.7522678354321803,0.8828149275335737,0.3734694924924432,0.6093354650167914,0.9731052092116024,0.3223732244680839,0.3125012277549884,0.2772852499434377,0.8293572660164755,0.0124715146271432,0.6325106795984331,0.6152999223408764,0.7770477887296707,0.7893256295352915,0.9287923505988784,0.6352493585424266,0.9227718079969852,0.1571137895774081,0.9604056368478752,0.8780709405553797,0.1124800271563258,0.2905785261817496,0.695157724331742,0.0528248155856001,0.7522824077032599,0.8248866588022888,0.7294252482909073,0.695625404065911,0.9774211303933692,0.7099172160279879,0.6348007440127672,0.1965831380613459,0.8211106228372094,0.734350576546258,0.2385974963070103,0.7563024157057521,0.4864689503597235,0.0487345682376433,0.4552549978478027,0.2718967893679823,0.8737570730266226,0.8003997000868681,0.3425363967457192,0.6000142748069535,0.0429720487519324,82.40700864430997,4404.3379987065,781694269.5221531,30722441804.60699,3344.03529185343,33.266286263500504
157,43800595,0.3888436273665864,0.3074873321411783,0.6134895034105402,0.6983627410639949,0.6325850583873435,0.3741752977616204,0.0694656359579491,0.828324290417581,0.9282162390790892,0.40341245012706,0.6349257467353648,0.7315946192869127,0.772978484521905,0.2283708627378109,0.4639650143090437,0.5249660325088564,0.3114201194577376,0.2293582515107279,0.1892051610309044,0.2141053826395229,0.0415832403068404,0.9418361004704708,0.3215128286888437,0.6519113976905876,0.4645761061402222,0.6819079216513103,0.0627284785203799,0.5460865952082278,0.9810265604874352,0.6680284153809294,0.4404710189641551,0.585595227700615,0.3300590594356393,0.9498197247312228,0.7356058665987439,0.8988641174269761,0.5020277013754934,0.6312105594868199,0.4452696102367304,0.5214676836120069,0.8780531119999022,0.9420161892917996,0.7000813104707577,0.8217134398743926,0.9347242028808104,0.8745091833703351,0.7168920429031829,0.519026046051298,0.0924839844633194,0.8835506196511388,0.5839355692343089,0.5788616691799305,0.5291720926855046,0.2908557395284987,0.741893992404161,0.063353489219159,0.7848793917632839,0.0757714737285864,0.6353517066950126,211.95496383929367,6113.9541716119975,873543825.7043791,28924508718.61446,2748.624715776834,27.03469946706895
158,43800596,0.4120523659095884,0.7250628627233313,0.6012170813272532,0.1947348025609464,0.4251506018596673,0.6291156530813388,0.7509469063194002,0.6047634013257032,0.5627086435957692,0.3726568488477667,0.8977168110205438,0.3101035870345335,0.4244952328505774,0.3889638192027578,0.5102526375343842,0.7011173495484845,0.0457043951307888,0.5110247439944355,0.9530013112169472,0.6727956207173827,0.6623804046117203,0.5585994593852116,0.5710536031889644,0.3034582634487109,0.52307472061392,0.973246709384129,0.5100396610299189,0.3439254123042578,0.6129760551230643,0.8632647397103538,0.2252979556058287,0.3594646892474623,0.9262730077660882,0.6844995104320856,0.0294026409212122,0.9324761391306108,0.4054276791569591,0.2563368301945274,0.2929877632063341,0.3910168767982289,0.4076459501330542,0.3564157244173118,0.7437410667928926,0.2310198321834694,0.3808282834882365,0.6293917822816154,0.6169927340852496,0.1436018668768018,0.4214897968127751,0.1997123103631406,0.0553983507092483,0.369183691981428,0.2912767458294859,0.5767321527259226,0.4671909545572796,0.6394213731906472,0.5932995415728312,0.5999445843678279,0.9570766777736108,140.65166375145535,5157.16113305566,800577501.3700001,30566155538.203655,2920.572677459885,26.657248152238626
159,43800597,0.5280139009264369,0.7871329936023075,0.205074295054126,0.4647621019753938,0.4816012352854503,0.8258225037235063,0.4768660950663728,0.7101901665108756,0.8773734702935204,0.5549443542734072,0.3520168912038836,0.7086434847615488,0.9731055880299284,0.2281814580748414,0.2008422253910869,0.7332778249433747,0.276353451618013,0.3041711858112553,0.4834634548865727,0.288073607281012,0.922098014776873,0.2735391606140491,0.4198311631133286,0.198391349854703,0.139259545831989,0.2362502942788776,0.2393068291013018,0.5802094903366175,0.2388262509720327,0.9978463196574676,0.9352713043724534,0.0240468571598808,0.5439536225041518,0.7244310849173292,0.0003846685850039,0.1366536575408449,0.477597514749139,0.5521534129474063,0.1682564536390845,0.1263494587224867,0.5652594597299284,0.3295281106325959,0.7401484038176336,0.7766524158348755,0.8223379646195483,0.6357624709509233,0.939631231061334,0.1954389665600285,0.3534922633154657,0.8379910057613428,0.1515075658972602,0.0330707157802297,0.6558268590054483,0.0442992137935519,0.5232870438153291,0.8762845353055607,0.8986907054620328,0.1673141284741124,0.5470829124313148,158.49593215833215,5409.60336012326,954616988.5186635,28101909691.66749,2432.142064815264,27.197134141531034
160,43800598,0.0632252193834948,0.4773044645161309,0.6032529384441517,0.1586216618611587,0.6382949229034154,0.0830811197461929,0.5540250765977527,0.124948175564407,0.4391068265228471,0.8272957543295923,0.845491546212465,0.3602249608379969,0.2448143309255156,0.610854936041265,0.9089201224757444,0.6922859526598933,0.6632592195357012,0.3018630733688323,0.9756677595300643,0.709984158541177,0.6301720901847259,0.3886558240935122,0.3168099432556225,0.0328701661362711,0.9871854214183736,0.3745567413422786,0.3964159441882571,0.4967740712176602,0.4390136770696259,0.8156013140795549,0.8950480359425564,0.0373058375469493,0.5889368981423383,0.8197209303596554,0.070929219554821,0.8514496736654378,0.8830904028288614,0.7420814083103586,0.8249804954710317,0.0649050544734048,0.0027244591207338,0.6462643971039531,0.1678963569609759,0.3830816084941593,0.8694839499186836,0.9891522532198094,0.7303153722950106,0.2576712637256256,0.8858007478091902,0.1391746088700031,0.858542164776267,0.3912245632444387,0.582686389817698,0.9055390752994578,0.3931753945168911,0.1265397938462795,0.7564289612650806,0.9854909060319008,0.4113944792808597,231.2525792443715,6344.289004312317,796905874.5122433,31223875787.634323,3108.9823812003806,35.601247747117625
161,43800599,0.4829506601739349,0.6955931644224438,0.8806465191581014,0.3478470556367521,0.6702879706563182,0.0368512277687272,0.001832372398741,0.7856033493298583,0.491450583506492,0.1469757993951533,0.0115005907621987,0.4032080938548433,0.7962826111173359,0.7719707313356436,0.2307329939841267,0.0882359927897924,0.2521740134072093,0.0088279070177929,0.4176839313924681,0.5293580261532792,0.2333565192543469,0.5893227180184529,0.4403124903483149,0.284059009011431,0.3854144890918318,0.8924817017744298,0.0899807276899118,0.1581679298762199,0.267856000904346,0.3899375200119213,0.5929702485460522,0.1691468496763438,0.2009517329706252,0.996859373990936,0.0400816763893028,0.388282878981838,0.7288414723647518,0.4864942298727035,0.8798115855490514,0.0499546633792571,0.4932667469106486,0.0772856482910269,0.5784294182630422,0.1666575469901058,0.7416383656439678,0.8690526443225723,0.0608503622095776,0.5721614509199578,0.8964766305041832,0.9710931892610808,0.666099703827068,0.3658186274635081,0.8859495169002937,0.9210144497725564,0.4719988133911426,0.8786011780108957,0.1896538271408187,0.2306935394039417,0.0830441047179326,330.4978562838818,7701.428213184707,1187096985.9852312,31090842680.1434,2540.3897923340764,24.89075247415119
162,43800600,0.2244734684001251,0.1097211097418566,0.0724860583312719,0.0951893386332064,0.3686785467562838,0.397003140887485,0.5014104315209472,0.4583904474630568,0.2614235213523761,0.2592009524667992,0.0664968735274219,0.2374242817655051,0.3472108759570571,0.488269067899104,0.9194498241824158,0.7713947917047821,0.707821091023582,0.317125784017369,0.8856336250560978,0.8618447020239919,0.8445331569864186,0.5771322062160638,0.2343017043949904,0.5064131256040436,0.1141647551886929,0.9494106574943332,0.8695932271599153,0.953689026663778,0.0569359272499536,0.3017985385989218,0.6824053932934123,0.8098702895293652,0.5074793073803119,0.0252494139239594,0.7545508492891955,0.3945934423047321,0.1983015809240086,0.974420221225788,0.4136707912767138,0.088038361186134,0.3951290372632333,0.2918018459851858,0.4139572895399208,0.5888273627073343,0.0807749799928723,0.9888112486630444,0.2819890176511344,0.7715778655361049,0.0464517623116922,0.9743534676954414,0.4248707309071944,0.6332228889736652,0.4890852234704491,0.98660820715239,0.6976169773374219,0.6954196830221513,0.0175761783335044,0.2829275488027822,0.9782480913617648,326.3037764269011,7624.603127956308,1200846517.7383149,27774551641.379948,2839.440528720802,16.70074682546742
163,43800601,0.2013096281172202,0.8620812394315379,0.3508311627151511,0.6199702954446419,0.1596733456101924,0.8756024563909375,0.5188514004507039,0.8256816078891389,0.3579103168455063,0.0769217961527695,0.9107192308146338,0.2999488832559787,0.8942790174545785,0.0631632897933284,0.0454994303117136,0.267356702869286,0.1197983178268055,0.1191812844738402,0.4866984759980645,0.656844691855106,0.9682091596726388,0.0891336905393451,0.0192495435605984,0.0908281080443246,0.630381988181998,0.4842424107561415,0.8858026928758969,0.7259794417870614,0.8462248283001194,0.7883804836390766,0.8963432798970339,0.1510555576532614,0.9571986209242554,0.1534633923100579,0.2623104439017266,0.4928164125025234,0.9951459632378248,0.282734486923211,0.8501265857350117,0.4816562098412569,0.994131528895062,0.6930088991258061,0.8515092638084261,0.5872508257840114,0.9800310276958172,0.1894150389947656,0.553592814787886,0.7072925713631499,0.5617783827364732,0.1476322531393525,0.1606756609170916,0.55674529744818,0.1612343446356984,0.1017055684398355,0.990997469045206,0.3530302657107074,0.0488431566078576,0.1727305576642482,0.2462205898882934,60.606076069530175,4082.996131411219,828396764.6863936,32817851830.30132,3131.621309130717,38.75288426132971
164,43800602,0.9924659849283856,0.9374723568520484,0.5078628818861111,0.7881668443243531,0.1988761113001003,0.1098150550827195,0.4726106063180001,0.8638229838201845,0.4291995311175481,0.5471063646323943,0.7320062325629098,0.4189773253175546,0.4375701820507737,0.2510420929324481,0.8981589494924797,0.4907211751594411,0.4247044622279094,0.6835235295264432,0.0792843652139939,0.2072811771117832,0.521728747248176,0.6496747716374192,0.0378973929312333,0.4578305608183745,0.6483212087668253,0.2727841947836757,0.7829176613836972,0.765530820491722,0.3226399055013312,0.1247591397135972,0.3067881463156358,0.367350991557097,0.2115032311499365,0.4192319180586022,0.0271116851432156,0.4443625596863308,0.2047584397757685,0.51372049891002,0.5515655825986063,0.9922313422135872,0.3297970460588511,0.6180582413397557,0.7224196896558124,0.9748398780620164,0.8725375081202102,0.6647222836442807,0.8160794608427321,0.1611669097954282,0.3684231477701868,0.529604752914427,0.9148335850912016,0.3669302832134256,0.5606111541387276,0.7497121000042931,0.6979350910111937,0.5629403351829935,0.1989211239580861,0.0662515825428182,0.5663523214321512,206.60809600624412,6064.091959087203,857584484.8606398,29347084435.32001,3307.072499506602,18.447812811371215
165,43800603,0.6972712673273583,0.622448589260156,0.2416453358842106,0.1939909699387519,0.381537404045831,0.1877849538203287,0.3891300908850517,0.3396956907726559,0.0066876274790176,0.942398538590974,0.9902416855836308,0.6305968034405394,0.2554128043255868,0.7399704654864673,0.532558720803417,0.2018238889177833,0.4042085570383446,0.02020506981861,0.1536716886009646,0.400717121366201,0.4037272137177681,0.3492184105902741,0.9669760230975958,0.8347766961207399,0.3906106277482163,0.0724524046071438,0.7159740240374768,0.9254344487168016,0.356546269525022,0.8750131717045604,0.0813170421915989,0.3488318905883318,0.5601930972671656,0.465116340768011,0.8728737465266124,0.5601874542455864,0.970611982641455,0.9229937380295058,0.3160795555121675,0.6654254171192604,0.6699537331267619,0.9837573027211192,0.0088914975017463,0.949362552464194,0.3593261444275379,0.2608340732729425,0.6692158184952957,0.9019044262259462,0.8128222309933657,0.4754158404309936,0.1344455040610974,0.5371089177080273,0.1298150441089849,0.3647423713717455,0.5132605975119714,0.9004558348563021,0.4528240784949061,0.4005811647303302,0.915390238186023,139.84935821174707,5208.591779536817,780696270.4293222,32628256654.071636,3144.0585730733656,34.59890933205436
166,43800604,0.8225802905908193,0.1507048750441206,0.0992071757787322,0.9558426728007154,0.0068067297539019,0.9083491429022597,0.1185792928949656,0.5446227091678519,0.987895538788885,0.725458104785028,0.2624604526774086,0.2471764015762884,0.9423818699113125,0.8865069723050458,0.0053408690927731,0.8574298831127211,0.004279287286416,0.3297165596919363,0.7320356701642465,0.6745119693659024,0.141474612670847,0.8447220052569856,0.3501269546063527,0.0257707476152375,0.1195248647103839,0.6439251554612762,0.7227616983960824,0.2685480184759514,0.2444717681412587,0.8078842237407869,0.8599866091035242,0.5546008544113907,0.6345385798709929,0.8206403107616713,0.3675199758983447,0.5002089488951604,0.1070073595762378,0.3166355943255092,0.3786621888260533,0.0386172421869593,0.2418493960996544,0.9024470381676712,0.3462164565292027,0.3852008300489537,0.3324873860446338,0.9671184912425675,0.7812052845678977,0.4537286915342717,0.189424861098279,0.3866407159589714,0.4638763088815748,0.0884485140212335,0.6881115555294968,0.6640016843980526,0.4353090939064231,0.4816241654563682,0.9423099180553434,0.542655912762508,0.6040393162099624,204.19439953768307,5974.632432877061,959144515.4059609,27083579306.985245,3287.158943837051,20.960709539194852
167,43800605,0.7511480099761311,0.199611269987057,0.83293326107208,0.3324962904086851,0.659540966253868,0.1425245719136723,0.6775665175121997,0.7424424441624623,0.6047871638868431,0.7232818254027926,0.8607996529495296,0.7780262853850072,0.4946469964971944,0.681371659445022,0.1332491005486221,0.8798837165266187,0.3228017410208227,0.0623772341172571,0.2118443255368981,0.8048295709505918,0.3587697425059997,0.3997889214694322,0.4776388319925693,0.6829503304691278,0.8641469280436339,0.1833944382759249,0.7590382489703005,0.3694652007259914,0.5295199377538898,0.917552972305566,0.5231896122088345,0.8381844159816424,0.3322497047522491,0.8915739595528867,0.4996000596961402,0.2747318272521994,0.9335495872813452,0.7038619734357634,0.491890211710154,0.8225862020190947,0.0438533955278737,0.3881047548114847,0.6374685487178654,0.2327958832372649,0.1001411911019519,0.5968966751429319,0.8793865169036196,0.8608934472460827,0.083746668840784,0.6969498264758509,0.6444254494349603,0.749394054602476,0.2945173604012253,0.364914418479845,0.4922105737033521,0.7562980266332803,0.0736776546726737,0.4541068810979438,0.5118658589194987,172.5982675060717,5578.74742879807,804478428.1487366,29428068608.755615,2806.048682773121,33.350935334030865
168,43800606,0.3722076548865743,0.9208932824453496,0.2698110842007939,0.3333779121247793,0.2445488891146578,0.0768163868995486,0.650026179635594,0.4203635314234512,0.925635679751535,0.4136130860238391,0.8086679362104898,0.7304555308844473,0.7235565608324177,0.3153344281121785,0.9946036816780284,0.3891214501932762,0.9070827675604236,0.004809382678799,0.5927848472502459,0.5509914661332213,0.0773484765210058,0.555899572418247,0.8194485429871886,0.4222277797938046,0.1121373142060785,0.5346594910586687,0.8610202700805172,0.0260013680015189,0.6688853606516618,0.5792400493118457,0.4014697175732693,0.1172064081021486,0.8725864315775319,0.6584539907465361,0.3250692382461033,0.7729871015788633,0.9141486175009532,0.6949419205244004,0.9107162804040456,0.8227622817325946,0.720152050974063,0.6512061808065707,0.0616159414561951,0.6806780516951066,0.785430756611363,0.2440313557369297,0.5124697980291657,0.8155475747980016,0.7327546944662189,0.1268950409008743,0.955218373640898,0.9768361842865144,0.1322162947076408,0.4562720299823117,0.7336790424290376,0.372629221281785,0.5523827391649476,0.6147319470656342,0.1031878341761593,135.39674954176112,5085.670445422464,809251513.0484942,32509365417.75373,3112.9642566111424,35.4906228411727
169,43800607,0.9074339048321972,0.4090743793600893,0.642983636844344,0.6011998774451965,0.8090090741369559,0.3791877237797501,0.4382025334411806,0.6625713819075669,0.2576608387399617,0.0317670361541157,0.3539182458270168,0.4375444880693643,0.0231558050861269,0.0431461486588861,0.8860808291368844,0.5194209288678029,0.2738982242277718,0.5435493633644238,0.2400207122180613,0.3891534851114475,0.2843506786000318,0.8188264506756183,0.8564748035294643,0.8985135054897645,0.6485892237969815,0.6059223220611466,0.9372430731913448,0.8269941317017137,0.4417586616044243,0.9469780810885802,0.6292769464923184,0.922042079811946,0.4774846108364753,0.837627441105238,0.463096750370859,0.924936077604371,0.0434677838137834,0.3633600904182366,0.2881759698189641,0.2525287915572838,0.1126557836429084,0.0896838911098731,0.1520254385621936,0.6606153090165449,0.3599426259171443,0.41403843073933,0.4872352846726594,0.6640345631357941,0.4503182480976537,0.969365341837465,0.1625871016621792,0.5220392346039988,0.8480677950780862,0.4757156976447115,0.9380334939478664,0.8507539689497259,0.7890462587484783,0.5583406087457217,0.2322001031572387,198.0344610931707,5951.388349026864,1098672691.6877625,31121455096.18139,1856.6635736389455,14.576256278572652
170,43800608,0.6637087710080171,0.2216515457483411,0.6364316374056499,0.4226546357740835,0.5524791990086217,0.8201767466474613,0.2584999904193972,0.6856706114474975,0.538251404562669,0.1503976210208891,0.6494452165784744,0.0461005019789184,0.1582324799745461,0.7558625388462825,0.0789222948496246,0.8989104917893416,0.6549875876355831,0.1737507702559118,0.0282403641533237,0.590524967885264,0.5939915675464204,0.4947348041954648,0.4210311217244416,0.7983087922623753,0.3505611014754702,0.935812406661412,0.4171337108000492,0.9501878953822986,0.206325487565218,0.8195731317534314,0.3127634649245208,0.7455909346309241,0.4583486140305887,0.5109505221305007,0.8276629527824817,0.0307899200913097,0.4660975482617197,0.6987944896357452,0.8124581150121454,0.4354837019414042,0.6787985159503022,0.1230648831498999,0.4978407969810069,0.2864498707425618,0.3947619749222186,0.2595483948058356,0.2344939305318337,0.5422238648774272,0.7116093246950811,0.6790064226560206,0.8488445026988785,0.4789083779348402,0.8104378660455261,0.3102958802322123,0.6373578172128773,0.9951472382733936,0.6903468157100863,0.0880855768448503,0.975743601079474,99.96566671691093,4665.473441320083,923461091.1646298,32574915098.293068,2227.043843446702,27.106678395965602
171,43800609,0.1133423436578099,0.9801650586688484,0.1364218018407149,0.3144380763470757,0.3251499003565294,0.2667798480344832,0.7176829235514025,0.7288090382825813,0.6568067140118584,0.2096158761276769,0.587605575509701,0.0966533232979855,0.9990761556159552,0.1106581215241909,0.3101177594390477,0.3208190422897733,0.9163771770207024,0.2114691850623529,0.1188994926915329,0.7786528404491702,0.9177267336928694,0.8178353611010203,0.7400634439644272,0.2242788901022117,0.3249851969335989,0.6670990483857967,0.2390830538876641,0.9894549115354606,0.6685432270819395,0.2130856337304293,0.9355566630878654,0.1141522926346172,0.2289518523408421,0.7125562032060951,0.7458640651119897,0.0340657326036136,0.3924974938511945,0.4857883805066905,0.4854069175487401,0.8177046925440191,0.1437367915612696,0.7461649906237136,0.5474736154661128,0.1839880484946595,0.5586597538816358,0.2478820600087356,0.1931446586222608,0.6456363983885418,0.8762575463900906,0.8544854112690765,0.4591375147222003,0.3093703527609431,0.4935171442423665,0.1334602065616709,0.8161387940738268,0.2192898147424827,0.5195010001235097,0.974151244060385,0.0043300868071144,158.93346769505428,5419.468968216875,935937973.8749322,33284705445.409492,2640.7860830212844,24.666691982359758
172,43800610,0.2416353705918165,0.7617558190711543,0.9969035063972386,0.9796323905788508,0.7839923839378504,0.897463375643842,0.9104370432167576,0.7188707867091497,0.5026875557760593,0.0930306570754557,0.6559092208760203,0.3420210206531482,0.9149861110817894,0.8463426930294666,0.8917517000235972,0.123456944906054,0.2139439222349897,0.2713601308859819,0.4512825356538196,0.8004814653598914,0.3843581261119834,0.1636904032529819,0.8814838827515538,0.4244479977067057,0.8031985869718262,0.1985100832327355,0.6089004198154391,0.3003100344795704,0.404278721394278,0.0699116022628923,0.96449287368915,0.5021851627336751,0.16194667700714,0.1127185719920543,0.2363001331728039,0.9029028472032103,0.6290687459649529,0.5036895663663784,0.4199934082622175,0.835775404298608,0.8414961272484307,0.3700247448130818,0.6752583536720539,0.1102299579146641,0.2545008220425829,0.6366187420990589,0.654231146151824,0.2066207076138783,0.3756875977395328,0.8797502386079987,0.0992858456382291,0.7215950914424677,0.7998780670128633,0.3368230763673857,0.3551060808381874,0.5830034948631707,0.3716864710841376,0.1289029155449456,0.2915521768759671,100.34975888728863,4715.338369184626,925647795.106921,30747886424.94281,2202.209560150055,30.50445594532243
173,43800611,0.4845544304326966,0.7610875036523361,0.980257993569404,0.5761637788955343,0.66413275179215,0.998816667076005,0.831356965305216,0.2569460293296121,0.0840183859135654,0.7051152922338929,0.7568200086970048,0.9703855414620376,0.525810041143626,0.8591658185049768,0.2304641846724092,0.6451103782447327,0.2286505944996682,0.7133121281972751,0.6792491895075412,0.3629780510859813,0.9809389079170812,0.1743985430013865,0.94033965854735,0.8759755215874716,0.684444484295856,0.4483342612349005,0.736259299216209,0.4278640031536931,0.8935560107770915,0.4031439948830201,0.2262471575515722,0.6543223421218578,0.6828397138599254,0.0501387996999792,0.5434714735367308,0.3764799754891155,0.8233678585379187,0.3579277979910039,0.0269911635005097,0.2204122104537713,0.0285678237334384,0.8885511324931269,0.0709113688092625,0.460709480436045,0.8958380273834413,0.198337684460013,0.8048759117957657,0.6179577170936585,0.9497820440061544,0.8256671602765375,0.0826489413036932,0.3826546539824645,0.5429088579205681,0.6658476988946809,0.8881393233342538,0.4801739707043706,0.645768279259898,0.5405413523941601,0.977643020780524,61.536279387594654,4168.773857719751,877193923.7798547,32803736297.735825,2144.088864107701,30.378455669678466
174,43800612,0.2035250571498353,0.5545658633999526,0.2446619316726546,0.7203137879730188,0.5252693279357397,0.5035811399813725,0.5391148569338544,0.1742834047715765,0.4608769261703812,0.915901860659772,0.4001746781644133,0.6111006999781938,0.82904526409335,0.3392930768708075,0.3439774282216493,0.3927012020315793,0.5140226142004279,0.22966995216264,0.1244782499113215,0.3405586186593837,0.5459233005744016,0.551817283735807,0.3007809541908658,0.1633171038362855,0.6581521291116404,0.256469706156151,0.6485544779215536,0.9689108062212932,0.9038836032371728,0.6887742678098951,0.4366566379472231,0.5398793289592347,0.2762246625411321,0.6001320624782754,0.3286119520852006,0.9683530323564395,0.5322327395862634,0.0824556545977151,0.7254930589209969,0.0897459285704551,0.8770492480854931,0.9340287212223702,0.8063897288401246,0.098824330778567,0.8957967143623828,0.4405866257841707,0.372299264705616,0.8030000294563967,0.9307024080943688,0.4610331357582464,0.6633041198428147,0.0719224982492598,0.6644290762014727,0.8173516394539154,0.6429210608304068,0.8509784722654937,0.1796132411724299,0.617338792715963,0.0574070465319939,163.2795314902881,5500.706801971512,948090498.3097578,31090259481.617973,2407.094763919181,22.22247848197114
175,43800613,0.7831774979701761,0.7808200754784803,0.2827678629528056,0.2666851164880623,0.9559740515361748,0.8300964154615942,0.989825413596596,0.0531367959455187,0.6765783012192751,0.0034211810389566,0.3619358007302244,0.78957804104398,0.9272266953922016,0.7579140494061338,0.974676121818869,0.2210381192125536,0.0895647054993642,0.803235649949223,0.9632679581395224,0.050732881056358,0.3848700543457577,0.9789318103645276,0.1895026706361256,0.2034876340801241,0.8090258248992694,0.9603609042919165,0.6409230799601926,0.8941410812352291,0.9394610369701856,0.639364532162676,0.6179548135661227,0.3635163623963035,0.9396329651786702,0.5428089149785869,0.4557255536339177,0.4725860516159919,0.1400193005285161,0.4185198111197982,0.1478651697651134,0.9653888885074084,0.3950989323645477,0.2675127565448841,0.7612449228867416,0.1383262755871279,0.9605464096455462,0.1717818823505194,0.7693519866117137,0.9041266595213596,0.7685699324758298,0.423530169108829,0.7285491555832962,0.7382766951116957,0.5104264170369837,0.8502305116811304,0.9665163865317256,0.0636991742752306,0.7927905462162644,0.6001149641345658,0.539665200479674,109.05633346816369,4758.209951394759,1030631504.8938047,32753116488.996235,1377.6325618174446,17.92714120927005
176,43800614,0.6078764337521381,0.9582309748095188,0.2566192791348938,0.7419489143657232,0.5985494892407441,0.4131192073342385,0.0493324231876431,0.8867163821655558,0.5997124937657923,0.5086287461798525,0.102663122538757,0.3066347361814957,0.6172727018881929,0.9751146007174272,0.7260616794319941,0.739655568167919,0.3662184883558732,0.7768424084614475,0.681940329221566,0.0757721382649547,0.105908460043947,0.9128555611031428,0.702458626099624,0.6984815289019993,0.6776332683650286,0.4916834815902661,0.8673277403974575,0.3451159411283205,0.3328315919654563,0.9687981002747102,0.4906619997826791,0.6419608233197764,0.923478982713144,0.8067077125693002,0.8328242644717804,0.3621141922353044,0.0815751519035476,0.9548946953292584,0.6309888490200771,0.3030857837091447,0.6041092712089654,0.4055032308149387,0.2693790299130177,0.1986469544592425,0.8701115565034413,0.5064055680575623,0.0055022280205681,0.3882845119419241,0.8717903192939594,0.6645474814594192,0.4685911280677072,0.1247901728746771,0.1626467449329821,0.2449284693173097,0.6633762022116318,0.651935012462423,0.28015431349845,0.9014687957991246,0.9944620331547358,201.49872532171113,5960.7471320531085,1075817458.4379985,30017302960.949406,2039.278677752206,20.511080463001083
177,43800615,0.7877613768744198,0.1268214284819914,0.547443015636986,0.374228929649511,0.4666965054478126,0.398343145581164,0.238002862810132,0.9981253809069384,0.3183149969891632,0.4620639955883725,0.1605528600691295,0.3937755404868829,0.9253927424260178,0.6357788073524013,0.9608694933676138,0.2772683393660943,0.0515321891445108,0.0215783443364156,0.9889331707435745,0.8325206128213558,0.1304127753892687,0.457924088429073,0.471304114478774,0.1187003259614661,0.8754327415104001,0.1558234748767935,0.4012236982635738,0.8778273814119759,0.2379853242631734,0.5796196920650504,0.3248291550304119,0.0511684348756761,0.4808566945023693,0.0278184697410635,0.4140888699110945,0.7404366619614492,0.0160643652716312,0.5202296024888952,0.7462653229571632,0.4010255993171109,0.4056730444756103,0.4459358993989329,0.8583987867091252,0.2366375823790902,0.998293746806534,0.6499743361363473,0.2810005908661268,0.7210826252663901,0.7232248456407175,0.1862958612399858,0.6562762853271328,0.878094258428131,0.4772613697387756,0.0349084791814697,0.7847501947177209,0.5042578374009777,0.3636929170419857,0.0514923357768047,0.7926602105408233,236.42145353694622,6462.182113827553,1088057696.0199115,29883464059.38195,2368.2807452733414,12.405327381567629
178,43800616,0.7231454722044787,0.0844596991840876,0.2997633003092324,0.0605019779448871,0.9768741528352572,0.6637775892932449,0.733125834318665,0.8669419483852631,0.1709698544262182,0.7392608306907302,0.5575873001388452,0.0543518949820374,0.7259478342809869,0.4222421808036776,0.3948280139665435,0.3260510896470159,0.8821085031741419,0.8306960094894829,0.6655715940328968,0.9058985329211624,0.1475480080779457,0.0515081788900131,0.1128475088622194,0.1441563274543357,0.9165840373721428,0.5712883455262495,0.3964601697606805,0.3680096223747642,0.8267912442082548,0.2393024318763575,0.408002089318995,0.2109744069805644,0.945806102441338,0.2623537948619909,0.2812160729701961,0.8781254948127427,0.1709340971980216,0.1970265585574416,0.5226620620495341,0.6266858517792624,0.293733564447996,0.7307522027020553,0.4544568150259196,0.8357813526162536,0.1125336602978452,0.4699951526147216,0.4923623664255807,0.1582478760178443,0.142502995532804,0.5433548457972934,0.0085925049820159,0.7378779971361672,0.3431915884501531,0.3119102117751275,0.8483176605583913,0.3559200061580961,0.2260134287113679,0.7769607083265874,0.5009318023662299,145.73330766917672,5254.7946365085845,933976365.001945,27656360875.58482,1679.891440302883,23.660868445074215
179,43800617,0.2458971916748454,0.4892805312577397,0.3174488541324264,0.1384827057909582,0.9962527894426824,0.9667823824806884,0.4282920413990317,0.9091730642022392,0.9166932958913492,0.1514090058318667,0.4903489438003762,0.9084763499621284,0.2234065638450301,0.6509868132092737,0.1493585417536156,0.9247995357075278,0.9216055744339212,0.4158820785477188,0.7761041659773925,0.9088875098876604,0.4332578495388173,0.9909611732093556,0.3698666191230398,0.7405918829352292,0.3649383826326925,0.5444208356601683,0.9993698761005436,0.4719564424378251,0.7140445543742655,0.2534941716654555,0.4980062549075726,0.2917799380201133,0.646550422184887,0.5049933511605141,0.6695125359253555,0.7294433450444575,0.1119250804145651,0.6208661961311507,0.5889834539635518,0.2098342113706486,0.6052292520806711,0.1718891402919184,0.1624186638748064,0.1084267011921018,0.3048913400578281,0.4751812675002086,0.2358189943356271,0.645019670555452,0.4492585776244853,0.1564493267381482,0.4101377965477054,0.2411152985099317,0.981888189319582,0.3977058347049935,0.8026387902138457,0.9138377929781464,0.1094441159872692,0.6562801192608617,0.3758090466955704,132.45867511506083,5057.444462059704,942318976.7033691,30715681145.816906,1500.6196020268367,19.83769480506444
180,43800618,0.8923142440118907,0.1501240114405504,0.1606398767646179,0.4193117781191182,0.8226243853582821,0.2132340269529277,0.7069923456597158,0.4003994351906443,0.2283039994445608,0.8606499649952771,0.3276484116331566,0.2838826034389322,0.6602693601844828,0.411924137944761,0.4328307350619464,0.4062614336353695,0.3159143670144431,0.3117817111491676,0.7743870051698295,0.8270144143306313,0.577571607684134,0.4276044616110505,0.9995779416149272,0.3177423048475734,0.9677367055256092,0.8055819405388139,0.3777025425272597,0.814737694700096,0.313286147750819,0.432597509911503,0.6026769086029131,0.4929681590368208,0.0529058667025383,0.8265112928863435,0.0903398726481675,0.3951228715704509,0.4431776723428166,0.9161798665484993,0.2038798520874319,0.2671658263281333,0.1431129952253423,0.796435397466676,0.3163727894931827,0.7900006857895312,0.9160455232109124,0.3962638852130117,0.6703079148923584,0.5977515089443477,0.0955390227585398,0.803279259589671,0.7637388071519906,0.7505235951408349,0.8199318883315324,0.25883233767488,0.7232229884557331,0.9366680219414608,0.5431295883554028,0.7129263985736829,0.723992857216472,193.23268926528516,5835.048897151973,1003949484.2869277,26873664702.57841,1954.2744727584038,18.126479584687374
181,43800619,0.2441413287905173,0.7224520057041254,0.1076412795409302,0.1210114285276031,0.7379328559525714,0.4743390091910066,0.9169507708052322,0.8556818848295643,0.3693649627112115,0.724233400604383,0.6465318331662825,0.4713335355945576,0.8518002232986984,0.2878047832276546,0.4505666125346619,0.2664708971945393,0.6088199837296014,0.9787331539796378,0.0874236802528327,0.7157728386598053,0.7074473866987497,0.0628383261929737,0.2221158014296142,0.4756451140077538,0.5003667167401353,0.0534141646534629,0.1807373878331676,0.063670956565192,0.3026322413219847,0.4713965022414806,0.84153659239659,0.7589926514497041,0.3788223618490619,0.3830157589186684,0.6114009731703465,0.9546605466331078,0.4582659855673623,0.3141458704721509,0.3557744185950753,0.2626545466769789,0.8167155819217171,0.8942372651214368,0.5110817795977546,0.3811666543832979,0.6617214493258,0.6860110630709287,0.1832858815438094,0.4792032078365734,0.5411513616831707,0.7640123182249162,0.3800897801659769,0.5646215072259632,0.0539773108967228,0.873925925762883,0.1261669841919773,0.121435651436135,0.213452316622237,0.8364624097822714,0.3189589312384361,177.6328017423156,5774.158593244254,889605184.9528638,30277577217.558838,2394.1790414374104,26.721659993466943
182,43800620,0.7388504262508007,0.7462914229926375,0.8247356546796399,0.0450364274279299,0.3733386648674062,0.659495497335877,0.4614360911779238,0.3243851803158151,0.8895408424477003,0.3278119504968093,0.7703555703951577,0.2325859512265185,0.3490401721801305,0.5864507641929912,0.0092699157142175,0.998016991883073,0.962753988998371,0.7648531488314658,0.093703802892125,0.7185517810741644,0.0330788800541404,0.1748428312490401,0.5364551019285377,0.4412291446211089,0.0641887599844294,0.3544934622171036,0.5359370269935045,0.0766006935782849,0.5583897969325629,0.624790351113307,0.6825054712615324,0.8633038049752495,0.882526596508247,0.0676931382361226,0.828130730142768,0.7621502146968675,0.5313183086813171,0.5901224334855416,0.1355656666412574,0.7275048407577837,0.5117751875742639,0.5919769882300774,0.8758881267200203,0.3825280123506269,0.4153088353204962,0.9933147945974964,0.7704968885389212,0.0474543416272815,0.2443431169574542,0.1492235057437926,0.9440083730193825,0.7416872519964041,0.020089049393139,0.1909739106871301,0.6306458117159708,0.5859017917699104,0.6642677672394641,0.1081131422373182,0.0356017894057948,191.80213535689106,5890.721152780372,823777233.9921511,29326833063.223946,3265.5564069145375,34.25817407832888
183,43800621,0.9796218714349284,0.6917973097418876,0.8044058233527216,0.0459317482913275,0.3321864025786685,0.1495577120785613,0.7840424955545156,0.7342587564266975,0.3727730488565005,0.0862808018963011,0.0587920432727403,0.90659591943354,0.1411480371697396,0.2193810525203103,0.9687313480648552,0.9298428174604436,0.2200662012589867,0.5714676646590338,0.6992430017400777,0.620588898619326,0.2734426009295905,0.1807449180879956,0.2255131950944043,0.9622447851931072,0.9490442596221688,0.5170660470835153,0.7440617566504424,0.0523182718965497,0.3082804029391994,0.501738471768464,0.7919744870385991,0.3350393560395984,0.1492189050377692,0.1624395467103779,0.6267033887687019,0.1209682640543631,0.8600088170489432,0.4358804683246859,0.5228711909002998,0.3577758793519912,0.8549222154398799,0.9335901466709166,0.4268333647922644,0.3698380385268763,0.2833637757084487,0.1423220774082662,0.1369474732769467,0.9537009716476724,0.0903545920846056,0.207675872802642,0.3209947935597129,0.4782636731346392,0.3480290008591197,0.6475075506457446,0.7625936028470076,0.1168455569592531,0.5133817933330774,0.4394842337055757,0.5963186340888149,204.4548751145248,5991.143194701712,1185844095.8101723,28101848697.057713,2432.702124771897,26.969464614019927
184,43800622,0.9781452545161822,0.0448264985481478,0.7765617647374871,0.8840578803640198,0.4706823233311789,0.5570153893938552,0.607390077979233,0.1492375685739313,0.5464919052205216,0.1999059566919606,0.0726423656689054,0.8645877102041,0.3996964336252406,0.4913956335972053,0.6263140882012057,0.3672463971702827,0.1673791490937899,0.8743617398383565,0.2032216103865396,0.5486618042041151,0.4436550787145243,0.5947748949015482,0.5273373719218899,0.1779117976346752,0.0998505795943728,0.671894966054025,0.6341152080519964,0.9055482873300258,0.7169534618202981,0.9229861837608152,0.4419774179726897,0.9961457372782966,0.6370920867181669,0.6708454874342664,0.3972004987965911,0.5396178492461444,0.616575857149217,0.0628311304090016,0.1391562788433228,0.2805598743474951,0.1687747182613432,0.2426892962221213,0.9325677043753106,0.5582942586583818,0.8532227902804959,0.3013855139586633,0.1594077647757837,0.4854564039343948,0.1016809621660254,0.2777762623459215,0.8982906926958263,0.3027786874742109,0.6440195164985536,0.6553121673511291,0.2740479479180867,0.6968502171888057,0.9525709398712164,0.5768764855399502,0.5126630108238349,187.5025719105431,5826.9803174831195,1122520474.7570384,27181671997.673958,2178.5884466325524,25.083031337104536
185,43800623,0.2677338362162307,0.3966149283115013,0.6831606230723974,0.2221595935860042,0.3617186832728131,0.7990529378933116,0.6870085113349702,0.588179708042252,0.6761057920287028,0.5946128300558386,0.5189013832599351,0.3635651704891466,0.7125894976268076,0.6644032288785943,0.630083179396034,0.9598779756360428,0.9282092235831686,0.2948217962416417,0.2217809920597643,0.7261849648090551,0.8665000270000701,0.6711739770740751,0.3972126495551467,0.6437408293557217,0.2368690843832472,0.5608319905377755,0.8185792665806313,0.9613937438209644,0.7730980658336365,0.7042730837066793,0.2991356328138934,0.7590857153156835,0.1440567159299399,0.3114246150730302,0.8672021913748357,0.5678774081396728,0.8268005081709194,0.8120442737186188,0.6813472062491529,0.1270746597718133,0.2634050560494265,0.4611083168841481,0.316113133275262,0.7795214551913521,0.7148239216983417,0.5420768042763736,0.606831231534261,0.6019904701019146,0.9985488322537656,0.4454443853713086,0.9238931476937452,0.739628990286801,0.1504239426862872,0.9514038613685072,0.3314866153875841,0.5495054234097729,0.3071823571633463,0.247765081932986,0.2717122211584781,138.80758327590726,5231.689380683227,915757750.3305023,32238708285.43702,2825.5442068939446,32.52729534417906
186,43800624,0.7164888609839786,0.1011550738248446,0.1814116879758722,0.0529284151546366,0.9268086230664164,0.8748526735257893,0.915183409251752,0.4357832553637375,0.6826164078644869,0.1103032430787539,0.1271790801509763,0.7570503524644732,0.0620062453315162,0.3136047796549965,0.8199685437747618,0.4979814054969657,0.6259577647392218,0.3034256770224303,0.2611517629647981,0.2784729875970783,0.8444933528359727,0.3611192426051444,0.6659899689164318,0.7584397632114636,0.5839682136247867,0.7496375894344249,0.058404840575179,0.2792455848464542,0.9135081206621024,0.7993564420534961,0.5430287651994524,0.3548572114235704,0.5435263564883349,0.7376042673584254,0.8093248005881313,0.4878312433155339,0.518506774134766,0.833580049965697,0.0693530633253125,0.0209125616276075,0.4873469636251218,0.460175125741259,0.4388468794734518,0.3607269975730899,0.0918980595457576,0.4554192510301024,0.0330292907020846,0.2703396321472188,0.6548411333742504,0.4661698173142679,0.492937551814731,0.94220016594628,0.1273055025026975,0.2837664275240317,0.2438006920405893,0.924942586095748,0.5384764132549998,0.1311446054200414,0.4060544755065579,148.22811983654114,5282.611217834615,1105878689.9415123,29931967522.0431,1573.9054788435012,28.186573532621384
187,43800625,0.1494122714861878,0.0928666515761428,0.32314958937538,0.5487355900215891,0.0443268182440724,0.0145760512880921,0.2170072890241064,0.2836277333727427,0.6071520341696983,0.5249722116572717,0.3929526923854355,0.4463671623410653,0.1256370885119315,0.8584120480490827,0.4858247661809495,0.3091333842278758,0.4267230142486219,0.8865985413985098,0.4340159696663862,0.1074927826766364,0.8657384378455661,0.1312122749550617,0.8969146149646025,0.6331235523189604,0.9893421212918642,0.789681360978454,0.3212322605971845,0.3791893409025103,0.4655734759315691,0.9070977642277102,0.0284115380659489,0.2210157479828192,0.5937855852661528,0.2439030481580092,0.0575923457250211,0.1514093113642394,0.8250802481371363,0.4472397797432912,0.4793543747271182,0.0175263153176808,0.671777473077985,0.4599842205221289,0.8922076540398942,0.3499859344727801,0.2009320385730477,0.1767887481492528,0.8387060153710986,0.3033745655614419,0.8463564112931107,0.9394094593201288,0.4787312069403713,0.943557502173708,0.0028238340104851,0.4950720004990345,0.336791221570278,0.6437990561100888,0.3595800444651064,0.9125892209714964,0.836199182741844,192.6560564168125,5788.562248490128,980618358.7726837,31213720996.39651,3067.423078570723,28.958217867366994
188,43800626,0.7612485656342239,0.839904966367157,0.4376277962940824,0.7206307482804019,0.7041086701019323,0.7864144324586805,0.9210432188858056,0.2915184470535878,0.8447350119670874,0.4275169590778301,0.5553901106358471,0.8710773863503767,0.6159384380710368,0.7881539288195099,0.5598004338550379,0.1829690745163898,0.6913315043234668,0.0763085456207024,0.5219755385395108,0.905880054629275,0.7284608520062021,0.952779020755782,0.2490035897423982,0.6746454714970568,0.313053391959558,0.2204733549344162,0.9692052630821102,0.2777831374487,0.2388735572940589,0.3037490107830942,0.530645138605105,0.6489451616555135,0.558617882938768,0.4559043008616648,0.4735961486034823,0.4417160379999425,0.764275679395136,0.7739035887069426,0.147655246730728,0.7484803553197105,0.2828244288348481,0.7679001887824368,0.3296174019146142,0.8427347547979479,0.7822724287971328,0.1352468619518301,0.4118961023119236,0.4620411709712276,0.7204580575683777,0.3337119652579123,0.3284782147094591,0.4865621503503576,0.3574490715141533,0.9040748145923514,0.1994176245093762,0.7692444263970553,0.8748567771476506,0.2188162458727949,0.1273624924902134,61.627327499214616,4123.013683792719,898276849.2161306,30996197535.327312,1940.6744274903388,32.13294447028537
189,43800627,0.2872720201335115,0.7473419976835315,0.0194712025344518,0.286376742368249,0.753269351404329,0.7653923179784256,0.6636226743491151,0.988097481586156,0.0201932467221614,0.5380784475151671,0.6009605776416435,0.958123826446162,0.8324282811402104,0.4571190271737631,0.2449839207107839,0.3200168965865163,0.3950979530912215,0.7166142085736779,0.9229824687771258,0.27378917157911,0.7383224076487828,0.3469402999549096,0.6863775243888375,0.0820336350889384,0.0678929181101722,0.912645776963794,0.7975481049533456,0.0613686747525096,0.2047773174037751,0.5853773538410915,0.0116339132339708,0.1647699347827151,0.5059154714055476,0.4841252875042049,0.6657105024489788,0.225496197136963,0.339732431830579,0.3928464052672276,0.9479013373958598,0.1039015920930833,0.7431994043062029,0.766272996429281,0.587650804225879,0.1222619442011997,0.2308474212016859,0.5594016330180089,0.7221999764524774,0.7730964242134426,0.0851528475476054,0.9503397986287284,0.5104758972089277,0.4651564540910756,0.4759931810890056,0.073637169340832,0.7527537320064558,0.9700588017177124,0.0170892907518506,0.2615112565269676,0.0278212419197941,169.98223422061602,5713.201672999767,971360889.8242539,29273624427.648174,2138.220968548656,21.229652060378015
190,43800628,0.8479812344370407,0.95941227031222,0.079156904483344,0.0189755414574152,0.1854466845070918,0.2167961144927173,0.2822228347043755,0.4918460981615467,0.1044287156424962,0.9450118301673348,0.331738220246306,0.6593374718828166,0.6287638775992057,0.6418988695577967,0.7560846843741016,0.3256453730909519,0.7672323281316977,0.2491829302912174,0.027116636502551,0.2700333295002163,0.3414928853495443,0.632358403443594,0.6175688677221759,0.2501240439711504,0.2000476662637423,0.2017775500883822,0.5303868163977529,0.5092716610441439,0.7162959636251338,0.937507796069904,0.049717934802645,0.3180502051025702,0.6401979147477,0.1650208293053983,0.1108669191381397,0.8546563914001017,0.1260404795440022,0.9991133205146504,0.4730452848694865,0.5365395990227236,0.0852834252156947,0.085964770107846,0.5412602663818691,0.1719401019149067,0.0919079414986752,0.3467855558098848,0.2142124146782467,0.2221251845716955,0.1196315520102313,0.6011209475731167,0.5807746717856572,0.2176977940542784,0.3989949559488806,0.3616776385513528,0.188212491541779,0.8031773308468894,0.7034008326163163,0.7948187501194531,0.6241660148870461,226.06292618360158,6275.634278810112,1004559630.7862155,26210278322.209637,2624.9940562865822,14.919089648708955
191,43800629,0.11510064593749,0.601811413951849,0.4292818947289935,0.9302661060791352,0.5249351859186202,0.1938269986551432,0.0897408636243377,0.4678431351081,0.4331141918783202,0.8372154221013964,0.6109759939792548,0.3088270145213829,0.2836383108098582,0.3406745293945168,0.6974228447418636,0.889932529345522,0.5963919199194905,0.990488550389474,0.0557459325639884,0.3803751134628115,0.7285589759998821,0.957477652375795,0.8504520206926477,0.1917179487472269,0.1365372603314211,0.6227754488175544,0.452753999683739,0.4691266120525753,0.0918081352050474,0.6702368831055607,0.5832310802788483,0.3662391605286146,0.7095476169966426,0.5040444459175818,0.2771370417833395,0.9537645898912512,0.1239694530478901,0.2499377337284571,0.8770492016905892,0.3064625362227677,0.6677043851840758,0.711951832734026,0.1714585153277053,0.8943808195020216,0.8853433182676932,0.5650971358920056,0.687055130833823,0.775053668307922,0.1185781228209521,0.9546798150477832,0.5611307353479206,0.7584539303650941,0.3457222375225222,0.7841570016499564,0.7595076465182831,0.5416422225076007,0.4398436941953046,0.591512852795289,0.5381476945956049,211.29416313441834,6163.641731743969,892795188.7972778,28526866029.344784,2559.605322145494,19.04777412053901
192,43800630,0.4983568481689633,0.8723679258223813,0.2718924683665694,0.8700369262709396,0.9242222437935526,0.3522264232997981,0.3474029987333293,0.990676482607406,0.7224324294775989,0.1535287881994269,0.6346880485353327,0.4019386875109352,0.5414920683239565,0.5178510004554159,0.0748042672615702,0.3866476835526611,0.8380495835113122,0.0096226251869178,0.972913795541139,0.2283936706273585,0.5985542667645697,0.8313761914528235,0.3415763257013887,0.7632429530404874,0.9041256399983272,0.5850746337487448,0.6400446976709434,0.6576471135950827,0.3062514068057497,0.2689221025150067,0.8976796604185499,0.2618801980040808,0.3612377881295785,0.5618948644950282,0.8053255145383111,0.7617581307577853,0.8820115828055142,0.4370109939852711,0.8048652438628766,0.3255259890840797,0.3333559647935517,0.2508940356701534,0.7828535373412318,0.5154635243642075,0.7780494771921287,0.0411141126772416,0.1780573059539077,0.1908148318310037,0.6680023247574747,0.9830219599484472,0.6228069575774383,0.2674204131322433,0.5686809119148636,0.8687704200564964,0.6838088286208286,0.0338400154227144,0.4552450822355634,0.8702253941865595,0.6529000178195858,77.41013243516798,4280.9195906690875,906770731.5305334,31467656435.27193,1792.2824449010704,37.23997572729288
193,43800631,0.3119295762737158,0.852947816341657,0.0232509303553493,0.496130013971009,0.0919479781390586,0.9871024478626356,0.259594711264324,0.9830348374647616,0.4624774028425258,0.5559515311774282,0.862534652003017,0.7009719445489334,0.6712840283030477,0.1167409757713033,0.983162640135956,0.983794764651102,0.1564363321699462,0.7051213946743048,0.2371296448029555,0.9122383474218004,0.0492037041402824,0.9619060848868644,0.8798882776414788,0.2868221805075425,0.3530427840915095,0.3555115315299075,0.3375247019759751,0.6127008600594444,0.6542322919992201,0.7375661875712971,0.4947322387185396,0.2397826497823553,0.1035962037628197,0.3088408560677866,0.6961557047068551,0.5506757551609842,0.5560509506111881,0.6058957329787974,0.3882036197035764,0.910133937786456,0.9885343937411628,0.4873523252326334,0.4171096516257775,0.992132467573548,0.7160366936949822,0.4806192817299876,0.8788629847440417,0.5044215609824673,0.2338008418769268,0.4122355250011612,0.0569472159517786,0.2810311622981949,0.555426836254468,0.1874972315541554,0.3311780617480775,0.5004370080641855,0.9622175422584488,0.9949407424069112,0.9615754667590806,105.7836210156438,4705.895556374656,812446990.5523425,29806646203.74908,3283.5221227204065,26.328092573551213
194,43800632,0.7819731993005856,0.1865522674804124,0.6517316559192442,0.5796427540620213,0.2045662519374286,0.1166299754650511,0.5261876020808862,0.4867945772370327,0.6138548729916813,0.7308288258887181,0.1656933786622458,0.2054520773920815,0.6483248955648332,0.3130746130565126,0.8727590013764348,0.7013419153138186,0.2952570842949927,0.3092864586629801,0.1522433234339542,0.2525075400278269,0.3530700044047603,0.8448648752567343,0.8425126311423013,0.8747191424433478,0.4410925688256313,0.3129881077368783,0.0314810554526934,0.7270052420957348,0.4053473052197621,0.2967747866638345,0.9849702900932248,0.897369051926935,0.2468149057419962,0.0636579433210846,0.8919185942407685,0.741521571992759,0.2329992539303701,0.476310925889124,0.0619252325089072,0.3084238930313288,0.7507685160127577,0.6106869030036827,0.8614487030955907,0.3153530912712602,0.2651810842767958,0.9945728103144084,0.0822933002736167,0.2914354298845583,0.2983763147152752,0.2584545924031751,0.0203242533034599,0.5338826541723845,0.5303402286670333,0.1981655221435627,0.6166702769905124,0.9717008922380872,0.2603594386198036,0.473449445781756,0.5040202369798694,283.941851954867,7093.432671962978,1021643236.67926,26928386357.441162,3268.1815829157126,21.873633653472556
195,43800633,0.8615096991815617,0.221048670886094,0.5622611731280106,0.1326654414895133,0.9612463006025106,0.5839412463403945,0.626082105404655,0.6250512668699577,0.8820915005667879,0.8848545580122062,0.3775987996721308,0.3014612105135593,0.4063762112116029,0.8779101641477205,0.0982063708714512,0.3495543373069308,0.9875484461127896,0.6902135569483652,0.089018837375418,0.2767935282425893,0.7615123478836996,0.5862150914983649,0.9767696201816564,0.3577871690578392,0.069586186573018,0.9706825015391354,0.2782807662570734,0.6747494860181567,0.997523568376622,0.3015760504480021,0.813827524917483,0.3923460333931464,0.1975549519316647,0.4966278184692969,0.8985596579043489,0.1085615176426534,0.1732282815363346,0.9181947922976192,0.53115090815562,0.07354808188675,0.0629258249666375,0.0165388212453695,0.736185827478319,0.9047661759885678,0.1897388281667547,0.1239258062256892,0.2546576703051537,0.1535236758901181,0.4370981267208211,0.2149159400009594,0.6694737877227381,0.5244978599035334,0.6592169751174186,0.8932834004307767,0.2141496104753714,0.2443400352388078,0.1441284807352253,0.4506148456898189,0.6190511863951025,123.6133138880163,4918.91921116283,910778699.6738771,27749074328.57638,1405.8785739467728,24.712824131176347
196,43800634,0.4003662174137887,0.9860100454802556,0.3615215092710011,0.6160529107003928,0.6029731443103022,0.3230463998566584,0.4064004619099422,0.3315384571180652,0.9385904883971558,0.4207658528390643,0.1927162513456142,0.9444643762124532,0.8956474045532983,0.6453279008359827,0.454631488062866,0.7844484679777471,0.7584401028466455,0.0997171417409294,0.9573949299855864,0.2070184118861479,0.4923723770807227,0.4097216673838442,0.3008545476029655,0.5285111212431741,0.4134181335365554,0.8838627329751376,0.8948573582038867,0.867831887885426,0.956092896645382,0.7934142841915878,0.6657559076410257,0.3741615061297324,0.6446428010059493,0.5487122629498031,0.8994089242942375,0.4610598669004629,0.3128223312486468,0.2069436337181618,0.3276811752332847,0.0707224418027716,0.257944373058735,0.5026431135441226,0.9609755602103782,0.3444041579622762,0.5423267021556535,0.0304426208008443,0.7873235693327143,0.377028155892824,0.2090734494744748,0.411202752034664,0.5920512958399146,0.0157430354588892,0.138576464656814,0.2054930795118481,0.1691055282281342,0.8493511119769888,0.911034598572314,0.5973070060436123,0.2983015499944347,126.36939117545144,4914.572236700737,1014619889.9377464,27345605371.62066,1765.9127932844704,25.058264319811073
197,43800635,0.530321610924116,0.7618292648642006,0.2116359520214666,0.9874347935440962,0.933931722849226,0.9076289880606572,0.6547321349182166,0.432304942160373,0.981411078077526,0.0310006266967211,0.7069576921814212,0.3593739577975966,0.9282722660821564,0.0053997318352494,0.4664274554164382,0.0063255492082595,0.1498133808345224,0.2395563036979675,0.3395759974892316,0.1312581330204768,0.7568726051745872,0.6455200935677564,0.7179112109905801,0.2946895190289097,0.040616738369733,0.4207643715952865,0.423719276949387,0.5329702281809291,0.4090336486041569,0.9210459926375592,0.779984989219817,0.6290569316367655,0.711218540296943,0.3425507939029921,0.9170385343669304,0.8284391957171855,0.33214267686717,0.8328460487299756,0.91020887489095,0.4526529781476084,0.423713883113641,0.3985896414563322,0.7301292366987782,0.4330767626295409,0.3172419861517284,0.9595783005425874,0.6888227146985089,0.0538423456921053,0.4700943775340998,0.1065569312491132,0.7815388001999525,0.3854079481698815,0.5087786702212473,0.9366792819471113,0.8318645643668682,0.919678722226196,0.854326768717869,0.2696631516882959,0.3931955830807296,126.2416104709079,5062.267165962909,859765416.985777,30730847171.412975,2020.2875775439413,32.47677849911619
198,43800636,0.4854880198903702,0.1942198068921783,0.3900975497192232,0.9243365359830084,0.7540392597484987,0.2010668908405015,0.1454750517362364,0.8400331503828543,0.5249668347797334,0.8722692742298078,0.8059217495005608,0.878901484198684,0.6857498745694562,0.970306725074546,0.8629139411018233,0.297153671215179,0.0131612264719645,0.4753285329810313,0.04511663585039,0.7932154582599771,0.92975098631867,0.0162734139474436,0.7464669621641362,0.2590857594991309,0.9180303487279826,0.562380740232511,0.2243894328714731,0.1624338589991089,0.1283505097376056,0.8719209109639892,0.9258913588457608,0.133679783589798,0.4938991166688261,0.0453342151420207,0.1793710430062437,0.227751033536055,0.7041379333312915,0.1109366431547578,0.919419630274996,0.8329106919424687,0.3376549094837746,0.0243198568544148,0.5087059154710114,0.9490458382149368,0.4934041948071853,0.4789409311905366,0.760461201126467,0.9528345877412836,0.2101966459666123,0.8007637864970241,0.6676633089303738,0.9565493018430112,0.0808874566427767,0.0987368346753191,0.1817088487342921,0.6294656658411909,0.8636304735697411,0.7305553382417908,0.6263683433147728,176.44519631843914,5599.383193012014,818811715.4291842,29846138449.700787,2412.5719706766454,28.627057197457216
199,43800637,0.2304245404914792,0.4276403439650795,0.450049664823141,0.5849920214359929,0.7559725031757543,0.8673267041173082,0.2023067743110959,0.578901329461141,0.6998440328744594,0.8601927993727967,0.9360626678200572,0.8529475528606553,0.0124464365313562,0.0773355262751294,0.5166948416491473,0.1647320481775644,0.4228414844101691,0.5672469696089983,0.4842766867725483,0.7336261221691522,0.9670250013467544,0.5775298429579853,0.310939474286405,0.7482211264910036,0.6726689866107517,0.7741785094867392,0.9097459926177268,0.0069424315792511,0.0100721400342645,0.5583530732286255,0.8569729588992442,0.8113412110415863,0.8454122118011078,0.7200282266717418,0.7539463735429947,0.0724924034439014,0.9431667539259784,0.923228569702354,0.6401412346240841,0.4485632921668838,0.0148466150942812,0.908476027919374,0.2767203128841843,0.6198869049489897,0.2544219465682795,0.9391087656289894,0.9345354902365016,0.9657664165299984,0.92963695684045,0.2477219535739267,0.2066391913503718,0.2749190674614957,0.8809758997282079,0.517520913823551,0.4268080999033367,0.8585300967791065,0.95231301368137,0.9979039496724588,0.4674495883565081,138.6171221107326,5153.189079967325,761450566.485311,33518016835.364517,2605.9794689882615,37.99379683071531
200,43800638,0.297306254586917,0.9375355356836474,0.823926139508987,0.1881172847139372,0.958865988829913,0.6841750494130525,0.3250490966548603,0.7919520496061629,0.9420950570228748,0.2212363892809906,0.2180825923239875,0.346341949485945,0.1094565384070523,0.5944781027880159,0.0759391667825047,0.3355346224690479,0.8892416334881034,0.864106882096504,0.8166754083535789,0.028692004905984,0.7864434659261813,0.8103488864478409,0.6330769592168967,0.90328520193406,0.8588613374666928,0.5638967936560082,0.5237136697453714,0.8907188213784296,0.9860716279035632,0.7403150540958343,0.2121370036789815,0.8654883499703864,0.5949874172501771,0.7629252279130341,0.2765876777856951,0.4866491434293921,0.8880032858245295,0.1502356564268059,0.3623700785367691,0.3480980850342841,0.3194531032220886,0.0246438335205529,0.7605267343546462,0.2955134647196548,0.2296987023074341,0.2699541564983772,0.5473300375757971,0.6152842484084423,0.8646798789320097,0.3054992635986797,0.0293749433292046,0.9286324768952312,0.5264855617090257,0.6432040802331472,0.348129393186278,0.6190713159999192,0.7009021439075741,0.9120530087835536,0.1914383704613851,141.59439404403977,5200.659624802926,1033507388.9566733,31665308440.352543,1623.0615071694067,30.91783101870299
