region,design_id,future_id,47,48,49,50,51,52,53,54,55,56,57,58
louisiana,-1,1,0.6393630777133752,0.2613325305557979,0.11589531062770451,0.4569088592569238,0.38937550783883657,0.06525361612252024,0.45224449783599063,0.3956088607686086,0.19089055885255643,0.6814115871146215,0.19975826563533014,0.9692203778441049
louisiana,-1,2,0.5244224940712546,0.1411909792460871,0.6252910080039956,0.36973985548823246,0.47566663378918755,0.01797888647601569,0.9124139861415289,0.8940089369623502,0.046744981106852164,0.0007976962589331767,0.725033730817251,0.9023450396127672
louisiana,-1,3,0.4387752352373975,0.902956385325474,0.0990147618427983,0.5116024814117791,0.40529188363231244,0.41692918548828795,0.8324134138269755,0.40610286718991917,0.9293654467649617,0.5750668969419245,0.20834979147810473,0.17536519827271654
louisiana,-1,4,0.025503193502487958,0.8335530452233892,0.6668403190996776,0.3018186851760918,0.5696983470253396,0.7789867365920611,0.9956286041665025,0.9941534980386395,0.9468925418512129,0.5067643355237537,0.2273829655657629,0.11364673885027528
louisiana,-1,5,0.22532299984861293,0.7183387433212578,0.29116776141034695,0.5075582286886008,0.4994192000171882,0.9185674576484221,0.1833572060033241,0.39751191156852983,0.32832229637963484,0.36223376852152667,0.9472915272507089,0.7644924071434991
louisiana,-1,6,0.6139072198937792,0.418278669549571,0.375006145798519,0.23623179642214298,0.06535039152963007,0.562279104479405,0.7257470921458994,0.4000054517608631,0.2695533395089905,0.3731631645236154,0.24020644564467705,0.10220111458551483
louisiana,-1,7,0.34009364453623964,0.933276747908805,0.7280740749343093,0.7143416790163912,0.32362018493904454,0.746169060087971,0.11991395839647132,0.5382058265618742,0.005429547076553218,0.6350273214966373,0.6696078572163185,0.6968364490125203
louisiana,-1,8,0.05937835865488388,0.8753249074544394,0.5073537372110548,0.7015839906209654,0.3289345761239898,0.27002637326305595,0.45957425186320716,0.710189830901573,0.33996889509523387,0.9044403224079469,0.2737604503945151,0.867758372345123
louisiana,-1,9,0.5584534723233013,0.1824725656153977,0.20790852180892186,0.6325587639985344,0.6727137941291641,0.22744410470869375,0.9442124012016073,0.11551648361258114,0.9032464729875122,0.7640917049596015,0.43467351774337426,0.5959878927565683
louisiana,-1,10,0.29148551825383356,0.033847123405208304,0.3358114893497947,0.15847863402802118,0.15266675459611595,0.17803390287007065,0.2723420694236845,0.8636149593818644,0.9082709616671746,0.10163232255473073,0.02967955995893896,0.38529530155845637
louisiana,-1,11,0.45994381480124774,0.7469604733128979,0.7603593138337754,0.07180490852894807,0.75501875265706,0.9765666239863457,0.6494636069984066,0.4181264352779894,0.7957467571754868,0.3356696183707648,0.825064860797875,0.9032989492268161
louisiana,-1,12,0.9506930756617094,0.06602999453246763,0.03221749363077686,0.2897540007634927,0.07966529386542336,0.7872487802214954,0.051925112640207306,0.3873635792274052,0.705962174900679,0.10997943066228388,0.6712509131571726,0.7662955485513243
louisiana,-1,13,0.774072214275134,0.9448393683372929,0.0008410978628079026,0.15760420024586494,0.47226001221633374,0.9053679529914404,0.053848322860122894,0.6530660469980172,0.21149774315020853,0.03910855251726518,0.934056109524026,0.613293535271254
louisiana,-1,14,0.21356978211392424,0.1843255535144196,0.3301835217408106,0.3627290994352037,0.5028472683128827,0.0760130898118695,0.9577274692828301,0.8198348159361626,0.9838713614125503,0.9770139567760776,0.024424550981362137,0.08408741165194576
louisiana,-1,15,0.6104701845893655,0.02563311906366561,0.5420290048202782,0.24165348985005128,0.40745544102551307,0.4662069481760577,0.9132190476709333,0.4986494111639814,0.021606216637324004,0.36705129132109554,0.022210382505179736,0.5113841926532625
louisiana,-1,16,0.8018598014654039,0.7374901098408289,0.3860500557890505,0.727491836974551,0.7930242984956896,0.2633794411506671,0.599447449681904,0.708138580369528,0.7948984212811422,0.8968106072505928,0.13824460267579164,0.9654481261162978
louisiana,-1,17,0.697182522492947,0.029153626011725945,0.4492248421959966,0.5250215760726314,0.7098397509127866,0.7410436037445348,0.058130253091642325,0.28798963161504115,0.943390444108048,0.5847303109541682,0.20742304038810194,0.24377023758441302
louisiana,-1,18,0.3224508031272483,0.9923701602642645,0.43377255525170133,0.7949590848031987,0.7481158647929531,0.0339430042700987,0.44477588912835736,0.7654670593742625,0.37073539880563483,0.31743919596670833,0.09445972822092571,0.5007775786731803
louisiana,-1,19,0.36837835675346114,0.43242977580472997,0.5275483675235755,0.8161757290555922,0.9119874819854504,0.6640206711912785,0.0697688447880124,0.0838181759402805,0.3483015209284555,0.0181013511084525,0.8977510926703012,0.20597402161531236
louisiana,-1,20,0.6171307418294778,0.3703089845285718,0.5471531363870702,0.8030533020289046,0.6620683157072988,0.6579691954507044,0.9827461711359416,0.5899980708541115,0.8983502373656105,0.15924757490214403,0.4523172854444439,0.3301288006700799
louisiana,-1,21,0.7899347615585869,0.5731697857163645,0.5230347853630889,0.5299844396446639,0.041040491332382335,0.6003056079745097,0.9873422775152373,0.01634632826233887,0.6295915268785581,0.17252658643522703,0.3647646860058831,0.24623022915155612
louisiana,-1,22,0.42989853844848847,0.9720176032794238,0.04235827801257859,0.7652657080079622,0.46080629159053865,0.7842559205821302,0.7691276947399289,0.1931416861347621,0.9920777014205211,0.3962519075746607,0.45477475347183094,0.7639102246603516
louisiana,-1,23,0.1422837992121425,0.4587520535340971,0.7480441153458625,0.17838755953868868,0.7921542056120956,0.12415883395996226,0.46458079474747316,0.2796008261693393,0.012982680060485467,0.6040854766486969,0.01619083926509686,0.19389448209715843
louisiana,-1,24,0.03277176913666356,0.423208184020177,0.6326828757975157,0.7568389726401485,0.5087359357112733,0.8378831887600687,0.6587948748717658,0.6707067727737648,0.3358697331006033,0.17093869360701772,0.4587733796052591,0.21277421852654585
louisiana,-1,25,0.8637041224648515,0.9976979788342756,0.24390431399848178,0.07746069795184188,0.6359118141278844,0.1698807440080754,0.7803563429515623,0.6824348197989799,0.3239425104205859,0.7288882206905328,0.08963702395767323,0.4015921580888187
louisiana,-1,26,0.2891415484166051,0.8114924474553346,0.7459629719193481,0.895229359469259,0.36538074057278497,0.7628718618683064,0.7268158402488688,0.7604550631131007,0.7345427252652184,0.5402800298942707,0.892059020164849,0.8300536436702688
louisiana,-1,27,0.7026595249971606,0.1521226696602644,0.22031569715589977,0.8932447043842526,0.1488592360021032,0.07843519991444123,0.722754011229489,0.05043717489828885,0.6530419911277119,0.754438858079712,0.18368305165001836,0.7817245147503437
louisiana,-1,28,0.04752211017677089,0.3066709365418728,0.5042259720325748,0.516222619784271,0.9673040044333092,0.34062466086771276,0.5032642862095651,0.8527618514442665,0.8373445232035147,0.12622238070693928,0.15471740785310517,0.22526535465791203
louisiana,-1,29,0.7253132658637547,0.22085564637957414,0.10070027168246233,0.9095788302932741,0.6738400492809506,0.7638491842711144,0.6937641103069482,0.6928954086982677,0.5977332317827927,0.8660200923320712,0.2173626848959688,0.650940536961272
louisiana,-1,30,0.79508479974699,0.4009572032929813,0.8175402180185108,0.8454491052270315,0.7971117992770886,0.16846825422188832,0.566223760294724,0.46805221798754165,0.3868063483848337,0.20900018664357542,0.07080746718332916,0.7506042042457208
louisiana,-1,31,0.8840790502482774,0.61792695917746,0.9416474997075944,0.28137548268755125,0.5344816486109352,0.6031423924187621,0.47339798234801056,0.2351306087917007,0.29449879452618233,0.4924192304324194,0.3472750224524231,0.9606920305891737
louisiana,-1,32,0.05839094532729394,0.9594712364336484,0.9389216007556953,0.7079196366725234,0.20456510414475368,0.9496564284892991,0.6645097127993562,0.6932903504224841,0.08291400425310119,0.5640651256016523,0.008820236183269055,0.3352780911068302
louisiana,-1,33,0.073773835858797,0.5576135564445031,0.2845189872407324,0.6033275521513416,0.6759476031799264,0.36471605144775293,0.5075990438052825,0.10162744024910847,0.7490961129617691,0.6213814087728372,0.14830524738622827,0.9559416426659728
louisiana,-1,34,0.3525041361878132,0.9822709697739322,0.4596699034841608,0.6099751155367151,0.33589074073885417,0.10707273741849806,0.36971890357053033,0.9657138404531365,0.45134768210126247,0.16420508436936349,0.600367232351567,0.33106585825161233
louisiana,-1,35,0.33324330833196897,0.8515221264810399,0.46866373107835924,0.22706348113314456,0.1940236827043718,0.3839666522238641,0.44100068989324975,0.5471452572768681,0.4045280609060269,0.024579095886378452,0.09918270898390423,0.14879395981166665
louisiana,-1,36,0.6095164880805648,0.16126632095157953,0.9033060785643291,0.88409134831955,0.2914689320275899,0.9048423817632169,0.02270610930164141,0.7575770880397964,0.8055902777335183,0.09546834691660794,0.6821307857768105,0.4864053802841393
louisiana,-1,37,0.6215058645922522,0.7432999352938923,0.8217587464094547,0.9728118988281554,0.34433132097314106,0.04471317175260044,0.3514680359554774,0.9542949324799624,0.8796091116891214,0.3761725462676008,0.12201542439172408,0.06396913965541341
louisiana,-1,38,0.7650447615679575,0.4094273949755417,0.48272594901859694,0.5003914633062541,0.895783902609696,0.28716443584728074,0.6307117587070238,0.07907622316700336,0.324518054473788,0.013450026077109536,0.8126996634114757,0.3957422239035639
louisiana,-1,39,0.4115389512033783,0.6699073559220606,0.6211359348776588,0.9357890299339153,0.8179534529894228,0.671344851337811,0.707482272411852,0.4696642476258808,0.5925211872088219,0.7572034051519374,0.09768639875130396,0.3493494303204704
louisiana,-1,40,0.010315680815109043,0.6954168079744404,0.18382644598960535,0.5060086807114432,0.6002325486267772,0.6253584388662621,0.4631848486723952,0.8413472052995511,0.9574757002854403,0.9501680681038484,0.48507761086376305,0.754635749950016
louisiana,-1,41,0.21006031670059924,0.6290780207740322,0.6385505675944246,0.41876517703750216,0.9372106000531761,0.5378643018222973,0.5013537821741263,0.9425826446646082,0.7919912687944428,0.5399702347146229,0.3629492064154203,0.10785786434834818
louisiana,-1,42,0.5178553670572901,0.32862684459233427,0.8333616353627394,0.3107804403362445,0.5914242855141195,0.9585852286783909,0.4196275140339605,0.02090474137752724,0.14224810979393512,0.23816526919064054,0.7916011452029958,0.07445596110805644
louisiana,-1,43,0.8026089975153821,0.5375549784520229,0.16697240414377384,0.5331631932980134,0.9107033774579625,0.5720020671847638,0.10569348158296027,0.6156515399698845,0.24531974366313164,0.07397977929788847,0.8815173924061069,0.12361132452453938
louisiana,-1,44,0.2844407728573349,0.07451103633958293,0.08590994708594678,0.03872610541825271,0.3776247010902727,0.45919916474145805,0.18457499334043567,0.1597462187519146,0.366650614890368,0.9955628151576492,0.12971692459395676,0.050033745735884864
louisiana,-1,45,0.23609248556412452,0.1328986407062607,0.3615935750713777,0.9120796691164521,0.5681363697769386,0.9546552332764604,0.30947352553281804,0.03145705679324722,0.13858757162662505,0.5458425300792157,0.7742793582199198,0.5555233444128578
louisiana,-1,46,0.03686369762892459,0.20660610817742303,0.8441328931603886,0.035079848349215965,0.5740682989729639,0.6095887477165034,0.18293022138915244,0.9206855860738238,0.5436493800868686,0.8149642200309638,0.5475204499756311,0.2314038549511511
louisiana,-1,47,0.3551268108971647,0.9188670922333396,0.2929047139025836,0.18325246784990148,0.3243818115023591,0.6862336304927714,0.2084826250083348,0.0912843762835282,0.8111704003384551,0.3513984673214482,0.26813742463575413,0.7463699806214608
louisiana,-1,48,0.37991414760020237,0.8478163558197128,0.8810674434048997,0.775965749633145,0.028120681350283012,0.5844807364295649,0.06512529069856603,0.33320703750594804,0.9635261026176202,0.7656348645195287,0.7323446181674758,0.7512602492776941
louisiana,-1,49,0.5158464394965169,0.47691543919704077,0.682166717236101,0.3313804070573223,0.45593682032598415,0.08577012168586351,0.9206232984756342,0.39602008462128946,0.8738027450919981,0.9498645235517077,0.34371313487942023,0.8712931462066749
louisiana,-1,50,0.18883479827731942,0.08154774765161647,0.06929407716017975,0.8547147335443124,0.8011840547349921,0.18435150224630234,0.8485289503338512,0.971294308023855,0.8199460194319166,0.37137436679596786,0.07568692106619815,0.024719943548735662
louisiana,-1,51,0.4764288046418114,0.06351856654504,0.9938972345423115,0.48040561177844104,0.6196688251813216,0.7032142022115934,0.9198796437135293,0.32129343694640083,0.19932574372132944,0.3029277946774943,0.06216325597135432,0.007045583731433116
louisiana,-1,52,0.7245266325184397,0.5600925628018038,0.0871380609151235,0.48913036259420534,0.08177851539324432,0.4240238364616079,0.4399419190973576,0.7520231486318817,0.3766958150832684,0.8128760282885793,0.6783748612272359,0.3724321782595155
louisiana,-1,53,0.9114518127683569,0.8264633958235513,0.21343326645841157,0.17290060268147453,0.726924607189638,0.1545126347119509,0.3627663664230086,0.6743071395448514,0.6706099456696949,0.6240720098668892,0.8227401151062212,0.45348470050257156
louisiana,-1,54,0.017627015592439906,0.6451359226668457,0.06512961653474574,0.6984867706901406,0.7167625153529197,0.9675546580219784,0.4874629551748122,0.4914316570620799,0.14546142952372376,0.5023207504548309,0.5189324933741641,0.26105584255130676
louisiana,-1,55,0.16085982161580395,0.35136072644031296,0.1096315832673584,0.29645554530987267,0.9203895264577622,0.4959083267159585,0.5822776100814759,0.9603872533138689,0.603872555127131,0.14524687797514257,0.8370884313418134,0.752954815989627
louisiana,-1,56,0.6459563796896499,0.030429774979493295,0.7178347228657043,0.4261401583840723,0.9892280308349704,0.8591926643215466,0.0854200731028584,0.10377668552692183,0.8645229704272873,0.8508804340499112,0.8804229197692679,0.28145748952950517
louisiana,-1,57,0.9814710752421024,0.8859347990515162,0.052433284931320795,0.5380559985462985,0.7155138991813222,0.9380850446254947,0.17389955752746672,0.8859734287816676,0.00748185497731218,0.05329463671367447,0.2662668297134109,0.8503375427439276
louisiana,-1,58,0.7847506299635595,0.5429491808625767,0.34051077783943956,0.17601739851634474,0.9335837044028148,0.1358255871282831,0.11523397696155253,0.003476293590788813,0.9404875399306458,0.6735168649253054,0.8518670349271735,0.2790934271103618
louisiana,-1,59,0.506921543001542,0.9805564560675224,0.8068404459210466,0.23184236285259863,0.877418937323604,0.6048927175864187,0.960701354407862,0.9783137288309278,0.6895254294071016,0.8763842417157997,0.9598094237805633,0.6027419146314587
louisiana,-1,60,0.39383375445887786,0.8692757144110973,0.9314050267932329,0.7408750159493228,0.46736956153963205,0.4767541843387087,0.7178494931400149,0.24408030355156746,0.8585724517563565,0.8680434897654588,0.4220862019248673,0.8782510587058076
louisiana,-1,61,0.32016592409363703,0.434253408830234,0.5760917758156128,0.5761721246176532,0.2600693194220571,0.1286286093596054,0.02626892603663021,0.6214829335968228,0.7719099170768088,0.3001512243227301,0.7904048643951896,0.11242769382239128
louisiana,-1,62,0.10722676028688788,0.24571443320442887,0.06159043346504495,0.0008273745891481611,0.020217991240116043,0.5858121984747291,0.5478009458912378,0.03847526941529805,0.5748498540555723,0.17887356864236698,0.6733657421608061,0.211898076951663
louisiana,-1,63,0.6954410027818745,0.8593149888867346,0.5121841063678881,0.6576994230091705,0.6661975161447224,0.14648062657896924,0.6803396952569212,0.4347369383573572,0.255441256919272,0.37518949607546187,0.2552060681866593,0.38245264540688584
louisiana,-1,64,0.01286586843772239,0.7782677862848398,0.42811472942110745,0.934849492861726,0.6809168237842176,0.8620517233659979,0.24389850583605527,0.31293314611921463,0.6182085263880399,0.49320165796402965,0.5296892302183674,0.4212692296784542
louisiana,-1,65,0.5324712683184656,0.16607313187398914,0.158691470243677,0.8990416411417619,0.15925754486594546,0.4988211090068199,0.9336841804750426,0.41955210555934414,0.32619244047454227,0.9839373634039806,0.28476462917390283,0.3485692882236417
louisiana,-1,66,0.7454198042173106,0.6225090365525062,0.357921523512076,0.19531092591858734,0.6129534659165461,0.7480376439401156,0.00611792583397027,0.8887995415703432,0.1578222580939645,0.2664740636742377,0.7551509859028445,0.08902835930547137
louisiana,-1,67,0.1527099382990485,0.6065962116232141,0.8576696715650359,0.7951689708403523,0.8683725791150859,0.9472096718828682,0.3832814013385419,0.41633715811579997,0.2782785894244017,0.7958345406145668,0.5349299963532121,0.36978746718732103
louisiana,-1,68,0.2706145300889158,0.9347064571704273,0.3082232096990884,0.2138963949707883,0.43678397344365466,0.6584739036546936,0.9668749888893976,0.2937102250255772,0.8570006614485993,0.43845622205518003,0.5716463142932829,0.8652339238664921
louisiana,-1,69,0.6507622761655995,0.5059418845574014,0.10720044258113164,0.08257513309300073,0.27845586903036207,0.8176520739396056,0.536331319786839,0.9686532527738643,0.584265785297042,0.566672031758299,0.13631571696469535,0.9260345419458061
louisiana,-1,70,0.3298296045093175,0.540093379745897,0.96835828030538,0.2939906689667635,0.452722813127062,0.9697420616384868,0.1515956621505125,0.5349520961810686,0.1750968887823702,0.443914197619655,0.40297076308980034,0.4874537505668945
louisiana,-1,71,0.7765544941753355,0.043431937556320216,0.9145543199158743,0.898611709963541,0.41690381298093404,0.08379762162052447,0.03670487107126055,0.9893591235982824,0.008248986516412739,0.472073061859508,0.82177553922862,0.2683257598090321
louisiana,-1,72,0.3255583122998471,0.20320492117825736,0.5244942794715381,0.04403850996240511,0.4711559977413559,0.4140476120635855,0.20266373571306678,0.06458818510768122,0.3360380380940043,0.511884403673597,0.8049995795742304,0.9646130099102912
louisiana,-1,73,0.8619784598233882,0.36681536385796665,0.46139552666381894,0.02655416335693174,0.8328496962893011,0.831815752691213,0.14657976888397864,0.8058018417473999,0.7742395513610866,0.846239144940193,0.017616632516929843,0.4231109135302739
louisiana,-1,74,0.34678896110068774,0.19590005743212108,0.2000452919873849,0.2396882695890459,0.48885815507235564,0.5866452272078961,0.9082986809091174,0.3751310033899349,0.5187521676153427,0.618110414586604,0.76107762277275,0.31596973408433765
louisiana,-1,75,0.691143835659029,0.1500660273019645,0.24874700823860485,0.8968256990215842,0.18507527074048385,0.5336165376679927,0.7092317281618,0.6220923698665832,0.5556524518598279,0.015556614474260629,0.14678817260719543,0.8620669471346749
louisiana,-1,76,0.33075416205054525,0.3123101553402433,0.6071890588564932,0.7637755199567079,0.2799292314058504,0.9195908583234472,0.6362094462139349,0.4289524812895901,0.760984725911532,0.5877475674490973,0.891357215010072,0.6526507460164153
louisiana,-1,77,0.5304929640583425,0.3886042259699423,0.727552746433451,0.47297541207802607,0.2207884773785975,0.966377034377286,0.35542844670992396,0.44880042155397865,0.5544355155788866,0.4421460932104571,0.5101745789583714,0.032464354809125975
louisiana,-1,78,0.6375640555833266,0.4751527105187196,0.6901058892574602,0.21807118106798767,0.6918170949397326,0.031753369000107855,0.9095099336231227,0.005871077866164752,0.9934111626751322,0.9401416023586836,0.5803840899889688,0.4754770944361031
louisiana,-1,79,0.8353241100079967,0.9749787443653337,0.42353450954008204,0.826596149983279,0.7536787094047985,0.6758091910853096,0.08777676405945654,0.7071262537371539,0.2186749547190646,0.225277493199115,0.14221474291330904,0.5230695281034844
louisiana,-1,80,0.049659918769041876,0.35311549206720344,0.4019172869350172,0.8911407735494339,0.22674712237636865,0.8687322016358249,0.07695602099367377,0.8686211924766855,0.8706957825377177,0.755154921077551,0.6320010862133925,0.512261544610602
louisiana,-1,81,0.8386998024194617,0.41698139669944695,0.7142979226037438,0.5657541418716631,0.34126554576504914,0.3191092454337924,0.9142182487839166,0.33952224200745307,0.7411376744081092,0.6612522069832426,0.07488039068333475,0.8286429752682533
louisiana,-1,82,0.5728503076012091,0.7171454670728453,0.05529307283969013,0.805041399904354,0.6746755445966574,0.7740872918655547,0.4202300302905326,0.6043465344772784,0.7212702243384498,0.8424883222054269,0.45603501275482905,0.6943717056564956
louisiana,-1,83,0.87780547383543,0.5969945873746594,0.49031957106142743,0.1194965163862821,0.25771886212513234,0.6066330629420208,0.6720191203986676,0.6880086032424909,0.5770142466024766,0.5279719752406072,0.027311359619096254,0.7788553187729103
louisiana,-1,84,0.9466888053936278,0.6563093133238967,0.43544382919826174,0.7927585269268861,0.5265718061005777,0.8911684131727534,0.588205469135118,0.07140863604704693,0.5565620165674869,0.29002132815318316,0.9977539110531749,0.06890995865818501
louisiana,-1,85,0.3779645167236712,0.4945107049207801,0.6366028212885857,0.1202562775698281,0.9945916942100101,0.02382378106094502,0.04767730133150124,0.8168158039464156,0.9683617889999065,0.41700810575123043,0.08305903345737693,0.806850702327728
louisiana,-1,86,0.44455055211641675,0.6997294015848988,0.20282858863890904,0.4142861974487273,0.1327220441550431,0.47336615197424825,0.1483432859253356,0.66346814119819,0.07170373743525321,0.8607258872061396,0.4136158152034589,0.1883438012492718
louisiana,-1,87,0.15916736588334046,0.6479513387309347,0.13996266618231215,0.33511129304067117,0.41209359661513284,0.34821360411183133,0.753818584319485,0.3565719068509219,0.4950634880560617,0.9588411471012235,0.6462003509030203,0.30772909676908106
louisiana,-1,88,0.07158515853809154,0.5332553838970947,0.8237944363392063,0.7910527928496993,0.8652534206847451,0.3123975560075754,0.799529030464706,0.404765910812571,0.9343601667888619,0.02285727987938518,0.31439757532219526,0.16630854567923292
louisiana,-1,89,0.6532398228599603,0.9325225260314215,0.591963098565871,0.9174470829316854,0.20527536116206224,0.9749979996001564,0.984279336499693,0.08295430970565053,0.22035226015954404,0.600155583254402,0.6852541846077648,0.12546994734930372
louisiana,-1,90,0.1672026616027801,0.5121872389250451,0.014628833503155239,0.1911566844426232,0.8703478266668682,0.866617154109809,0.13828773339027317,0.2617231806919946,0.9275818701299064,0.1332715949307318,0.43098721659794687,0.47641449723091667
louisiana,-1,91,0.08923667601964319,0.1969817109886872,0.21037732755603933,0.6275573811208408,0.851430631985035,0.9170515992121946,0.7811291568069579,0.856701355289782,0.49429295299065124,0.11167475813854998,0.40576772236451003,0.9340688621902743
louisiana,-1,92,0.49630882417724814,0.7167499761429136,0.7065300642736729,0.40603341101293167,0.035492178707847856,0.058328947372255496,0.5776931685622638,0.43076631593761716,0.690272121755025,0.0682853392703837,0.18931234011346734,0.20771932935349888
louisiana,-1,93,0.8074613798377176,0.3542747187415898,0.4753767703980021,0.051415352772262043,0.10632299783866327,0.756673020606475,0.12996106250975584,0.9091256094920528,0.6932560857739367,0.7912411533619798,0.5770773381910221,0.25012324414483084
louisiana,-1,94,0.4004532923898658,0.5507876674324789,0.5557898416248681,0.45929767561385526,0.17645246402625503,0.2590806518107568,0.04690089739574829,0.06739009993373084,0.5295906606616586,0.8346484349564366,0.9081831997128956,0.3913897804616038
louisiana,-1,95,0.8473451763071925,0.17210596963584998,0.06410189693451492,0.018031055566239827,0.3498584255699606,0.6518492734597919,0.674246763966077,0.42930282751347343,0.24714827803523445,0.7251539942863228,0.8736160975982374,0.07661785149403728
louisiana,-1,96,0.6265459089596266,0.08833915519320873,0.958917356640568,0.8368401678133326,0.9460666211413368,0.7919958583180733,0.5840998221034218,0.11693626685413044,0.7833863278414446,0.15868891824464337,0.9110344486907912,0.11044340724057923
louisiana,-1,97,0.8199133868754391,0.8056760476186269,0.09195961403675033,0.5880027332812795,0.7314995882466352,0.7941336751265342,0.10166259720034698,0.04460533008147391,0.4776525841647731,0.47687169372262195,0.7875330765732607,0.9003178871306307
louisiana,-1,98,0.2741231081531395,0.21630071462789194,0.07102912951392161,0.3850464339695798,0.869642871518318,0.06742523381309377,0.9656775486201133,0.28216375984129094,0.868502326317658,0.8913070110854975,0.01271437866698911,0.35690183531518954
louisiana,-1,99,0.692252398099583,0.4410002865783467,0.48364773034633174,0.40005314968386224,0.36694421388457366,0.320638305976283,0.25742973527760277,0.15570067048966357,0.019387453133604255,0.4122971297007615,0.633593641325051,0.146178666122061
louisiana,-1,100,0.0940490862225732,0.8224173320386576,0.7834933036037973,0.46434811044180907,0.6010393757539925,0.4554598841028918,0.3266850431181536,0.9698343418771599,0.3044079448231725,0.260373326288074,0.44287286599253955,0.3293920998685127
louisiana,-1,101,0.8892215363179642,0.4080925807534688,0.1929118080128524,0.9924121978194019,0.7513442182298944,0.7058268185226386,0.7708766855501039,0.3362981243317529,0.17710831078227665,0.8574108341879464,0.8395068451210034,0.471672918300295
louisiana,-1,102,0.2442086346685672,0.9213151411889922,0.12350028487355569,0.5797350669373639,0.9976787268216633,0.772754000833076,0.0667808026384254,0.12717236942856353,0.055617970649819076,0.1503979932903727,0.203215204676652,0.05833086042332156
louisiana,-1,103,0.29948114725967495,0.18062885919680075,0.04496972645955259,0.977799525095065,0.6796157103544457,0.7642465025634128,0.31924042326021995,0.0012291760205999295,0.9843368474198394,0.7145236139637297,0.49665736096363455,0.5327172750863539
louisiana,-1,104,0.8598928697784869,0.10825336709826353,0.9366975566792812,0.5560717661234807,0.371757462507254,0.3212347477147776,0.5692846962109152,0.33485342061707724,0.9963157251389873,0.15649831752838533,0.9450590743731555,0.41013870941330993
louisiana,-1,105,0.3811440905351341,0.05453050288608283,0.4380829312381024,0.6023107487222914,0.9753629568409489,0.22663261691497125,0.48413802789351107,0.007051890045583632,0.49970639773663605,0.3801429635366573,0.8740127414152238,0.11508246378111033
louisiana,-1,106,0.3369690870216117,0.24306462593285033,0.7021057965105714,0.7539831766628418,0.06889147818912855,0.45323364753918877,0.2324699711085654,0.3427478291759117,0.5258669713919739,0.1614979357792623,0.5275926636589092,0.08093171946929562
louisiana,-1,107,0.20622981007609645,0.07280179889263177,0.7154639661871051,0.4167101252027031,0.8746749768267701,0.828327649529222,0.7717030235321805,0.13437749013448597,0.5101713262265389,0.47424735665469,0.27896266839771944,0.8963750237366815
louisiana,-1,108,0.11007054249303481,0.058174924027838484,0.7100091105316553,0.9041729170078523,0.16481821529346904,0.09230837825244707,0.6971378644196671,0.6677487946537387,0.818743627632417,0.21324909268586834,0.014268091229199635,0.0673208047092082
louisiana,-1,109,0.4515960770723016,0.057923796844021914,0.9154976256200617,0.485590872314783,0.5979650315164007,0.9538874376389217,0.49400520207559906,0.25991760089930244,0.8976777507008649,0.5617019456568901,0.8332471878701774,0.3376129205349414
louisiana,-1,110,0.6773084930892982,0.21765534362237668,0.2601854999882743,0.1470085994186031,0.09716019703989275,0.8014243985462418,0.11149241706256746,0.9672521319102546,0.33725074503021646,0.3409261846037943,0.8064058719639627,0.48554208805038435
louisiana,-1,111,0.9633486758505676,0.28324482281361385,0.11646005100450703,0.3759637866960785,0.1146982420750396,0.29448249968412266,0.8089750122270415,0.9375325737984223,0.3908552102600863,0.3817862701160288,0.4894796778798247,0.49570429519729314
louisiana,-1,112,0.7344900400725721,0.3422364803021524,0.2644291163933678,0.9081132796708242,0.8318958130273072,0.11470549708996627,0.9810743424610201,0.38102907000557407,0.9425601622708178,0.7358747995966606,0.6422235903079743,0.046860032874784734
louisiana,-1,113,0.7944252175550283,0.4526076762338913,0.6081326457048091,0.9811440303222196,0.053630056907685006,0.054827177181547566,0.41454606625466256,0.48734574476712283,0.6064645033961271,0.02514100572958706,0.5757213960895861,0.2389086414474412
louisiana,-1,114,0.5107637721206105,0.2884142694602405,0.5823876464528235,0.17744310585240264,0.15406490123896985,0.5577400727770893,0.8920670336266093,0.5015755443219847,0.45001653124057117,0.4664657125958692,0.7814888723268147,0.33843957595179003
louisiana,-1,115,0.6987427946307037,0.6881497848877739,0.5102170297361827,0.6009783157255036,0.7634290868839433,0.8604475958604383,0.9558845246982723,0.3352816835436743,0.5178660034978243,0.45183184712339014,0.9746652398014325,0.31468566094880385
louisiana,-1,116,0.16519262535295545,0.6676086517498501,0.03547104211715057,0.34021243006272317,0.5845764251400145,0.2196078916481064,0.2304664917005743,0.7713902108248594,0.5130387494050745,0.514513943472527,0.7260583890486068,0.6611874664019862
louisiana,-1,117,0.2055368602370548,0.8182991928481831,0.14416888372764952,0.10433425906257199,0.019720681902428514,0.8512978114307161,0.2072453509107807,0.1642862969200526,0.5399206352906386,0.6760513000960545,0.9287593564086228,0.697692112723197
louisiana,-1,118,0.8977335964462213,0.27902372578340096,0.660226428761699,0.6759099038059595,0.029260539732529612,0.7975451648961676,0.9699859920048647,0.05401140923640341,0.6751128823302167,0.906778924060554,0.4236932206797588,0.38356511737793103
louisiana,-1,119,0.2837345127022422,0.2995892453853,0.834975654116003,0.883118079801806,0.12404729267310416,0.6156907802967213,0.6668427669665751,0.4551620419835464,0.8391608026130193,0.9127553084799968,0.15126476809849038,0.4486325092687201
louisiana,-1,120,0.4879048193275745,0.07358275559910198,0.15175494288524585,0.04367064558175561,0.7884409603156511,0.7449693081524601,0.47726435798966216,0.1947603686783104,0.2733565193317913,0.6892408796017151,0.1161529199531373,0.3268582049750216
louisiana,-1,121,0.06130858636807388,0.32045801177421934,0.3428070523035037,0.9457669481813417,0.775562063345965,0.16715019065784406,0.38888808730709473,0.5589307524204712,0.8311923665005271,0.24632624476970771,0.7779656560457519,0.5631283679137689
louisiana,-1,122,0.9809075100348433,0.4027298849387845,0.7099367110161202,0.5703916332783088,0.4698416903550232,0.8951056590956042,0.7567959525903406,0.2301800580940879,0.7401283652859191,0.8897491959094975,0.7307513023424119,0.4143632747902384
louisiana,-1,123,0.8786516178882312,0.7517310942076614,0.5362424036295068,0.54405811346584,0.08559471143537684,0.44005111481638287,0.8099056228182194,0.5117655926772102,0.7206561798307051,0.0761113338446009,0.9197903369243782,0.7840167621436496
louisiana,-1,124,0.21460414590037366,0.6768739615502447,0.9752235415446314,0.563513260475644,0.7409253884192974,0.6445689428411437,0.9424726163517492,0.9043884684127294,0.9987900358252154,0.20114724674528103,0.4115119428894337,0.517721893330348
louisiana,-1,125,0.5339296788375961,0.04914206026504868,0.8915458727677571,0.2856146290885084,0.49703924487653156,0.8941617247305841,0.851622932994152,0.7479251634368332,0.3654758713297526,0.5702815609508127,0.9601017348547132,0.1199938964415218
louisiana,-1,126,0.8531192019019532,0.9530561007248649,0.5068546928034107,0.194924989941753,0.3022638110700293,0.2139128119420877,0.9764005443859002,0.05704356781448137,0.4866703361564326,0.0012817817530336505,0.2589902784170768,0.02346026084908865
louisiana,-1,127,0.83060679272139,0.3033181785587448,0.09283609441922068,0.47961303005332734,0.3733688577933944,0.2771105147962802,0.1935867024339796,0.3540901795723445,0.4696364715912002,0.5291607239543479,0.5240957026407957,0.7060424220975166
louisiana,-1,128,0.9969112685917985,0.9858514871322093,0.6231140674275488,0.717541503658075,0.28419736184009725,0.16630045780783115,0.41520414380521764,0.30268168018956443,0.5800018759437362,0.18330137605135433,0.13923466783826183,0.548617506540626
louisiana,-1,129,0.5252551165605989,0.9556759461740804,0.6333887833915726,0.23471871539840763,0.4625751110824097,0.3749051899225523,0.8377101327651996,0.503641276347363,0.30757887237201526,0.7800489529040495,0.8939057295312344,0.048386012080849986
louisiana,-1,130,0.5116406373742813,0.27213703817193946,0.32004872699972486,0.32828691933694804,0.7726374075941471,0.8991511332052327,0.5796140879435835,0.27496318001334663,0.7586001188984587,0.7232337330818048,0.034177536664039346,0.46079739431398953
louisiana,-1,131,0.5931374268794728,0.3838428856323371,0.884355645599867,0.3475694986187352,0.4745046096934616,0.40214872933527773,0.9044305412123411,0.2520449161531253,0.7999897693887497,0.6261901982467601,0.8034939981018565,0.5157280921781108
louisiana,-1,132,0.5162129936583982,0.3570736240374241,0.4165641284166441,0.6168960723538213,0.8166496247502382,0.4017931920628725,0.21635765512664618,0.9334351034554611,0.1318305865134028,0.7844509112125077,0.7177228946282909,0.604294489114186
louisiana,-1,133,0.666445452246492,0.0652956355113045,0.541918138383224,0.42069035727300313,0.5486628697511121,0.8774441510757659,0.400367806220572,0.9077504176512917,0.4621032209817278,0.7786952800573484,0.48332449886998397,0.2528173399153053
louisiana,-1,134,0.7490962226531287,0.36409906074293247,0.59056685773347,0.1795254466481557,0.7215419552404859,0.929684689098809,0.8657071862440665,0.23102075730464167,0.040840788439832666,0.43381610915584373,0.03703769485633803,0.40728404116538364
louisiana,-1,135,0.870453221168627,0.32557380710826567,0.25476319445689244,0.7301424027927883,0.29903144499154355,0.6323136230477684,0.2989272406244615,0.22989945214244648,0.011839530731337814,0.08323558314801516,0.17592340888895072,0.8006420910341333
louisiana,-1,136,0.34946796616400244,0.22551629469498077,0.9211202800588971,0.1079253308261518,0.37003671516394404,0.45055841378503547,0.2945797246266275,0.4394869306964105,0.45725581650429925,0.2545074116458018,0.8280121474636093,0.4611174244848331
louisiana,-1,137,0.04108238104131195,0.7280319461651652,0.44232418366493415,0.8570892435154199,0.9016538911766364,0.8126310868727575,0.09498447920275632,0.34563765762287074,0.06902927711486921,0.6604866031915518,0.5151385596161245,0.6782781850776357
louisiana,-1,138,0.7676947188776861,0.8982506163556306,0.05810772713270729,0.2624891053032449,0.8044346619850243,0.31869082893465916,0.5780237106567065,0.9089768966906631,0.6451179918833894,0.45583302816872995,0.6533762087479621,0.300129234266869
louisiana,-1,139,0.3667240677771269,0.8655859987450389,0.07292653618256517,0.4843110867643769,0.6466237383623498,0.8810087701649448,0.4858806000850681,0.6337222141048467,0.47123230545869316,0.2975985790274428,0.47013896217680645,0.6548725080013617
louisiana,-1,140,0.8983178274967145,0.4884128782650916,0.08019415331428058,0.9620911128115037,0.12731747967967885,0.47766560151106113,0.33463090768518217,0.8769929368957482,0.3092189829833821,0.2834861459374948,0.12311746348473505,0.9164169054743202
louisiana,-1,141,0.3842798635361021,0.04292995942804364,0.2316706323223031,0.475148730353267,0.9550513725651669,0.0327656988702684,0.9520267499219308,0.6187457694148406,0.2448884924432208,0.22043993286055827,0.49501974296311196,0.4334240684037405
louisiana,-1,142,0.22219827846185036,0.1948940012276972,0.0386904831656407,0.2978766044143311,0.9527600856800338,0.3857013242651392,0.08138026213876987,0.07389403035214065,0.21783865352194712,0.0817195187826144,0.9733433079365176,0.660566554602504
louisiana,-1,143,0.4794339995489719,0.4868652035545339,0.7250736601153639,0.858312774740759,0.5586830412066307,0.10467802601990873,0.2204330537317323,0.9741002097581511,0.6505547050036318,0.6833626675395995,0.5043668293737709,0.6669729833688202
louisiana,-1,144,0.5837657811210631,0.38086870766356584,0.7748759882801636,0.6366257361307996,0.1686008471753135,0.7102955131607466,0.003901191790004659,0.24345447162259576,0.2546499490643843,0.25874970743129017,0.1932666807420072,0.980329459685125
louisiana,-1,145,0.3885629537143045,0.26362495000022995,0.08374163380651406,0.4081913427483681,0.6652933270855448,0.2916295437300661,0.4665847146183962,0.514689026473624,0.4989520298941668,0.5370143512202242,0.39438080122780184,0.2666471410232283
louisiana,-1,146,0.3449715401775563,0.9002124825239877,0.007510304179399917,0.5876179449962683,0.31391170659911727,0.07390610674117895,0.9485687521187541,0.9129050753769757,0.2500211892183369,0.9784397159285276,0.8768654401683336,0.24482884994050494
louisiana,-1,147,0.7542877755134806,0.14949725235290526,0.0864179358809587,0.16992796446313393,0.03656700574483927,0.13454929648734737,0.40452906036542235,0.37407775138275107,0.35208946109696954,0.724419364516615,0.7899237311015905,0.27441831050556276
louisiana,-1,148,0.6462198971479887,0.059476064467949834,0.8601820341069655,0.22641382480791652,0.04222600664139802,0.3971547313727452,0.9264866709194782,0.17406721990865592,0.49135123395337227,0.2928763326576257,0.05352999215381079,0.9065528338919587
louisiana,-1,149,0.3543616729784385,0.5560912440080368,0.54352504136201,0.9910867141718093,0.9079770352280094,0.33810493139795456,0.3186821156414325,0.004948594638542952,0.08520757427814678,0.875321175960049,0.09661781242372014,0.9675153357715945
louisiana,-1,150,0.17828091085685877,0.005254182099478874,0.8993287609189629,0.7615950791115113,0.8738239054385503,0.3877262964562432,0.5801931736160241,0.2852059657815356,0.6943755757174024,0.6068192785561289,0.03186224490209382,0.1292466484394884
louisiana,-1,151,0.7327915322114474,0.34411743346003254,0.7465779556129917,0.2054641658510711,0.04832776327702667,0.09327444850377224,0.5398904728755582,0.3980654415701826,0.03485973922021174,0.9097284148313464,0.3491935574797449,0.3542514822340598
louisiana,-1,152,0.642047842485465,0.7598226424798729,0.1024231821029056,0.2982517083316013,0.9265608491415387,0.8452104921295338,0.19430957220581455,0.2817690786195994,0.2713229493761308,0.28256764599811623,0.29988312854544436,0.5503259000844445
louisiana,-1,153,0.983099466360349,0.41194952779838195,0.6657264106603852,0.6250074407277825,0.17017888155286787,0.3391239380966197,0.7369019046071246,0.7239581333379863,0.10580271315027853,0.3184864577125318,0.10949516394816178,0.9755338834053994
louisiana,-1,154,0.9202373074804358,0.1980220673396473,0.17863202461704172,0.6826451548296748,0.13782969445609208,0.419002907722628,0.06350949800036086,0.5672748712880783,0.058378733506053236,0.9869020286781356,0.8159676642420384,0.006186797639040192
louisiana,-1,155,0.2332667908132037,0.18351283765417886,0.30002899617200257,0.624887736966091,0.41886687337738415,0.6264228915812866,0.1630822348476839,0.1811750410977605,0.5932419757247801,0.06956006066959905,0.10251366235275707,0.3523892847062771
louisiana,-1,156,0.46359326261811573,0.9545820539367593,0.8281967082152184,0.9981308258422545,0.6363123847201265,0.5382359770744024,0.5225558675795681,0.045106598974114766,0.40750237349524904,0.8386568152735675,0.06380306127633664,0.9765503744136919
louisiana,-1,157,0.6039208245037547,0.44990741725650235,0.9077599978621892,0.6230863341976554,0.4235369402501634,0.7819632602213376,0.05215190536154234,0.7944185564442352,0.25231565344967943,0.5986562677007191,0.8598025825671436,0.9479979978484414
louisiana,-1,158,0.16662787912072907,0.17150415204136757,0.17058608568895056,0.24840531247909706,0.864434703592011,0.7077400073486593,0.9411524600331881,0.8096275180027235,0.504880265891268,0.576651381623309,0.3728090944466477,0.18717103173806587
louisiana,-1,159,0.6311543333880452,0.46623654782657387,0.4541580772255423,0.53151424843067,0.3838967807346696,0.6938783982389318,0.21036038834833193,0.0748143818986393,0.7278747678787326,0.09313739486287859,0.6478497674495581,0.8756825141723285
louisiana,-1,160,0.8482216466521803,0.14309139439119975,0.2504398613612782,0.23876875677435266,0.8376242149506736,0.5185223146317459,0.40154228401120173,0.270308854246166,0.4702302611099208,0.04119723162639618,0.36875110263327576,0.6089448043862891
louisiana,-1,161,0.8726289798928363,0.4917497734904667,0.06831504410478194,0.36573817729320357,0.5640957613600089,0.7288673684662327,0.5720089615040207,0.6916325249261941,0.7072232286890845,0.8285981625792413,0.7060044625399852,0.041818591645445796
louisiana,-1,162,0.28274834628708,0.267401258571254,0.40669327235155667,0.5752604808927707,0.20948990027302575,0.12224418312289059,0.6044550957650419,0.7793923133525351,0.6385703308370638,0.7225980889998095,0.7922533189406208,0.40442720647196445
louisiana,-1,163,0.5008083710282151,0.7832045910183346,0.5672973808409101,0.19631286730875472,0.6715158182064973,0.04201250098887008,0.9033255812921429,0.6076205450530141,0.8832346223767221,0.48318327110935483,0.4793342175820372,0.1737001857766357
louisiana,-1,164,0.09820949484537278,0.6418817766718288,0.4812846738349249,0.93620291162455,0.4647445523479104,0.5134224928675472,0.4352233217167652,0.7640903272250996,0.1804789857298166,0.6446223476117724,0.5264821665555717,0.48104064582656325
louisiana,-1,165,0.3783476921736097,0.969225602801504,0.5798059005615301,0.415726537111136,0.3164282569172012,0.689262419195276,0.694630905008156,0.22615661798508851,0.4239465112317547,0.30906661661645696,0.14171047319166682,0.199322272928049
louisiana,-1,166,0.21270195026870228,0.45510590627395486,0.3319209607688735,0.7939241486912271,0.7354573970961561,0.09722607584083254,0.8608348151711609,0.8338234033527168,0.1968887204432886,0.6297728887764084,0.7962265617223029,0.2350649236265279
louisiana,-1,167,0.28070835376374886,0.19701608073427435,0.6489919000107837,0.460703108537137,0.1961192712602453,0.5164252348035475,0.14022004893870993,0.1892919925603611,0.09729760635740371,0.15416672278909957,0.5092114234248015,0.03479521180823966
louisiana,-1,168,0.5404303725334365,0.5593592172266256,0.810293551349683,0.2941245321929779,0.602700034866457,0.9523312874067461,0.07213232375164222,0.6360599719540327,0.09693284845327547,0.6901964090766012,0.8695101677017509,0.7383519648278641
louisiana,-1,169,0.9713366417444982,0.7530045577835954,0.6497244178774769,0.06284507513699476,0.39277650917136253,0.5401733537666622,0.45813661756151164,0.12339688507233632,0.5229981277619165,0.7757151288421152,0.7796718457649529,0.530373723719268
louisiana,-1,170,0.48068629089604636,0.038402048397143146,0.26978992100006305,0.5749242231595205,0.8211036152764868,0.553378786054155,0.21104126781152188,0.5379641437735727,0.6761800135940726,0.8995630586685985,0.7150222462059929,0.7601382369580315
louisiana,-1,171,0.7913068654194145,0.8374094763881267,0.5222199640296175,0.33748617869040054,0.9835638734901957,0.1052848749131257,0.7974536464038139,0.5784493557288178,0.8007020686462799,0.4730541366121677,0.9401903322286835,0.4303248383956226
louisiana,-1,172,0.22151836681971454,0.7900813591038186,0.9259707452160034,0.1150776202271003,0.750975792757827,0.9817051157132595,0.3659514234220531,0.36114421112609146,0.558582296327772,0.4080963029034805,0.7108137626752331,0.6421410324193287
louisiana,-1,173,0.15434980885242372,0.4704143417323583,0.8098819747988727,0.3769301083740504,0.9927095344759744,0.9550140248186316,0.36868820896428783,0.9243209480089235,0.9810697656097607,0.046099033060272285,0.2151035497124921,0.8494243076374178
louisiana,-1,174,0.20889542244951106,0.9621105183026027,0.5846257052164108,0.9398447337088238,0.006480233300274207,0.576942045842766,0.9372175302176865,0.34615862291691823,0.7478294694923512,0.12432067777756486,0.6113167161168828,0.36785143434752976
louisiana,-1,175,0.6221577789071262,0.7410209385175074,0.5051069299284386,0.4098483649488274,0.39821921257947973,0.889817036537204,0.4338145309894477,0.899811323127352,0.884598458722822,0.0027723496128063104,0.5139562634630521,0.9626765944602692
louisiana,-1,176,0.6285161258294213,0.1815045946556265,0.7201083256036245,0.7548360644609982,0.5987517348056329,0.0027966001246613006,0.34410210639368266,0.2009433229204228,0.2426356573272075,0.9488716691756203,0.7674171158535591,0.864281209491133
louisiana,-1,177,0.7907129825180559,0.10103697248209384,0.43646481297420187,0.6614176055324347,0.06618095098310083,0.16089506720449095,0.2196046614408731,0.39395650692698153,0.35367624452453034,0.6684619776617222,0.8703091536019589,0.7793099494445327
louisiana,-1,178,0.41240967162982833,0.41903949342078034,0.42021109995196215,0.07830370973165922,0.22266209483313656,0.24654169659882982,0.8630254257192485,0.1571756331901958,0.5873163608654216,0.8300661325877533,0.36038600143546146,0.9243664539194344
louisiana,-1,179,0.07283942696592663,0.190009937874071,0.12781067418481867,0.6043098673261031,0.9880731227979076,0.5488142883291863,0.47517496866856385,0.08167027106266607,0.3330428737435733,0.44017664822572605,0.5387847373190288,0.7295484247175374
louisiana,-1,180,0.8232048292079442,0.4501739936978209,0.16936377441309966,0.45312470374400093,0.33179182679729047,0.8322857598446539,0.24054154847678602,0.9455196202244326,0.8423031774432835,0.7526128583057842,0.7995033863188766,0.36287227068525013
louisiana,-1,181,0.04859207240863051,0.30446263517090316,0.8660883493238428,0.5522941768990675,0.6760770332341196,0.3319737114991647,0.565094334405421,0.2466626437455956,0.14997660333504442,0.11505634476449528,0.8869699694336481,0.8442617623938181
louisiana,-1,182,0.18733802907962044,0.39207445474035907,0.9815801924987007,0.1884657601194641,0.5168629828960787,0.0034295064862460106,0.6248710453213829,0.8831025680562083,0.9020688346236883,0.4896294352455714,0.6059905728098053,0.5970110605230204
louisiana,-1,183,0.2814873036610448,0.6515337659819017,0.2376824780682232,0.47635728517408965,0.3878425234786218,0.23211283668933647,0.7683299514360004,0.39470048694880683,0.19215233637761855,0.8483010612995745,0.2972660194494652,0.7929280560131929
louisiana,-1,184,0.9211661117143665,0.11388605833751987,0.9439049208413581,0.2866617185256191,0.833088875349847,0.941833055675415,0.2283958495530984,0.718866202859089,0.9731564691246016,0.012408464027032998,0.38405101690025123,0.1457990917746847
louisiana,-1,185,0.12690872033047756,0.8165035015823158,0.396956501387903,0.7881041176761155,0.08877187803368637,0.9944555900768205,0.6082317642471707,0.22082015463845214,0.21916215119474308,0.5097784695391959,0.5217083368276365,0.5913940666359072
louisiana,-1,186,0.7239879850333056,0.7864899445026219,0.979059882991964,0.2556037759773986,0.30166469393949513,0.06073563109278324,0.19182060943871515,0.6417732800080126,0.7565151703876638,0.14664792436465965,0.08594728305877093,0.43851910775250513
louisiana,-1,187,0.07698882711402456,0.352705679383355,0.8712473124094198,0.5625905095500126,0.16392783989766596,0.8213643698845744,0.8918640549315403,0.6141637023547859,0.511108910484883,0.31113380544208574,0.4732485382774063,0.1344068572637674
louisiana,-1,188,0.1517334671243468,0.41214821937795787,0.5386427562469841,0.2462763737936045,0.661156476467132,0.4819683337740944,0.13166064071954817,0.35920330795234684,0.17199751639662958,0.06090793721044552,0.8679625981209795,0.22859382893469612
louisiana,-1,189,0.7371588375169067,0.5821548945354248,0.9093229790274656,0.6921171791641612,0.404577216963749,0.6168737761702807,0.28394840077372424,0.8784134544838068,0.44757911616946794,0.22931039212045332,0.75984429131358,0.42408154504413936
louisiana,-1,190,0.09329443492214952,0.9502183157741776,0.40339604619973657,0.5203977365207026,0.16091676543586272,0.07173905714238492,0.37124215455740295,0.19824376089158588,0.6011084732087084,0.49704835307649403,0.04484052427928733,0.667639985326783
louisiana,-1,191,0.6386016016313201,0.36895034196636095,0.27361308059976097,0.4214523365570433,0.7242929426753495,0.3435465232961107,0.9272524951487969,0.5130670605855454,0.4103175326174315,0.7853963084344889,0.004908764793976694,0.044698659089011245
louisiana,-1,192,0.3165116586499478,0.2583101992408941,0.7562292989459963,0.3634818871988437,0.480471037311901,0.5296153465683467,0.10408207120093821,0.3044148731638134,0.6517910444150969,0.3881419013428258,0.6632304635681159,0.5350435695852657
louisiana,-1,193,0.003425971176708184,0.027243200769124364,0.456206443187868,0.7044235731197321,0.9196598706831514,0.4609505834885436,0.338677189780589,0.2501745053414963,0.330764760888122,0.14923570866259717,0.3170764733196142,0.9106256353670079
louisiana,-1,194,0.12005340843508672,0.6557236909815348,0.3460007390842943,0.7629812730514846,0.24324870245238076,0.20382760715084478,0.9385368295711874,0.6754075272999659,0.4799193038799086,0.9377266942469741,0.331453373952575,0.09092054836533703
louisiana,-1,195,0.5599349455511826,0.9093944271854233,0.02568566687261649,0.02860992000291045,0.9026342875126703,0.7553266714480985,0.43095960934213295,0.36297707849314265,0.8074023817306341,0.9161083673822515,0.7435343378190632,0.39093869607884246
louisiana,-1,196,0.7223182719662717,0.2411344212461038,0.018967159448501244,0.7871456301701916,0.35050857280020226,0.5065309320587648,0.6171610150730256,0.5649373944819408,0.951816623968865,0.7929175216459322,0.5920362447063351,0.4475355674018975
louisiana,-1,197,0.6089704526828729,0.7057195492519363,0.08972379943081123,0.3671827332979019,0.47755459670384703,0.037864010935448805,0.17743511425999328,0.08534094972601394,0.8363641831752588,0.5328726994287919,0.6020087975448927,0.16451186531846004
louisiana,-1,198,0.5350523258673967,0.8005013796017575,0.9069024342682038,0.037543779258272354,0.2868659098242244,0.6901313744804385,0.3758868299254308,0.16921185232864538,0.5835183879874027,0.10735353549268856,0.20987851509192332,0.0872652644410887
louisiana,-1,199,0.34221096725780403,0.15911166196608623,0.17322600081677328,0.8694105482416328,0.4981069044816221,0.8973547930092164,0.39508174450630307,0.6103040759670376,0.8560333753553463,0.3368798121768783,0.6666941608589385,0.03130626082725477
louisiana,-1,200,0.8422787989895176,0.9138930871509828,0.22235674248804907,0.6979137540028204,0.8080465882878937,0.6762702074801633,0.36624922321661824,0.5061786216133212,0.6431923797097011,0.7365834884427501,0.30692321471210654,0.7737933318768785
louisiana,-1,201,0.3127635905356826,0.672491397907701,0.42941104186295087,0.6688708190212749,0.19239355340973874,0.9300381765062188,0.07118861629242085,0.5628175825094536,0.875765260653466,0.4675475567598921,0.9907951642183401,0.2141698499622896
louisiana,-1,202,0.9329568567966322,0.49936732504534576,0.6554480373205593,0.6187898593992146,0.6954638147635036,0.35958436245068004,0.5552767356509943,0.256690437310329,0.8136484294125464,0.2813716074392324,0.16420740812754342,0.1691459674154447
louisiana,-1,203,0.5676588257279348,0.8012055393107671,0.3694258199462104,0.47079761960935934,0.5491481711049729,0.9426974911045489,0.44373336418804626,0.31418393047093035,0.8417176094664236,0.5196996570644513,0.7623362504912943,0.4580570331222403
louisiana,-1,204,0.401452070748547,0.5346662362385689,0.8922365750978908,0.8626833253818637,0.6692225795405118,0.3984355151828258,0.9210912642063115,0.2032339888146309,0.6579577001791254,0.061656660726431445,0.42782131571516196,0.9304666674580458
louisiana,-1,205,0.8668865385835859,0.7303720115776893,0.027277947940181693,0.32056930117223154,0.9183657662235715,0.7836708072248291,0.308636656525886,0.3229219040670951,0.172106232482634,0.9153663152583345,0.6562374587031428,0.2189671864411249
louisiana,-1,206,0.44974143037434944,0.7978035820400465,0.48506075228961343,0.6499573880536512,0.6562333719103218,0.8363760854577311,0.22779103072568005,0.6557005152544253,0.7364736254806612,0.8086277435354672,0.31567073593028605,0.11157898088421653
louisiana,-1,207,0.4094042956225002,0.9047318653603524,0.6509948556020186,0.9401410984503885,0.04797827326144837,0.6343470232849429,0.3072166760277403,0.40197594723165886,0.5260665238133113,0.7150609782023537,0.6019081086457395,0.989929795932709
louisiana,-1,208,0.22920239207653692,0.22388229437280427,0.6633589171200159,0.3278731778766311,0.437852280535554,0.5884421968752699,0.3911775167203513,0.4587657674685461,0.377465241437044,0.8188754508522517,0.4143740817645451,0.950361287761693
louisiana,-1,209,0.8794365807587995,0.13628845821296945,0.9690730454814543,0.8752201796025845,0.8873032848072044,0.524824328031571,0.7659645247916219,0.8629190256717034,0.3507163406666832,0.9388962818191309,0.43671543653212125,0.7360193724120164
louisiana,-1,210,0.46440610467945315,0.09127221965824237,0.6391561302793327,0.6839053042801794,0.7006897067405811,0.23092642577161585,0.6076101904680602,0.20217089205380137,0.6988151188427072,0.327580829328175,0.08131933529010518,0.45662512110685094
louisiana,-1,211,0.5497949430774578,0.3116033871256275,0.7343204529870938,0.8893787476853566,0.4293994986164547,0.3248636840748623,0.2548421213868908,0.36867001695395535,0.11882778783087623,0.7423080766094963,0.9941465735263905,0.8978871908969281
louisiana,-1,212,0.8058725748613348,0.8438903050190395,0.08862888380407745,0.44788160349094125,0.11270354393793282,0.8354564290854471,0.7132965741070303,0.8154146766851582,0.2723736602278335,0.08672346526138068,0.12782442384572337,0.4556656126534866
louisiana,-1,213,0.4107340479634205,0.5416359965360446,0.37247370528146356,0.6866577408609498,0.03950849212116602,0.3002077140220116,0.5349356910992356,0.4247287194471946,0.9184768653438772,0.1387714881388902,0.5857875852832574,0.7245854183482456
louisiana,-1,214,0.359308542749491,0.5398755505232292,0.4149910697328791,0.24095507219505916,0.021776180871132336,0.4266206453958822,0.19537209534329705,0.7628291768244518,0.17382726979044538,0.5536462177294377,0.24564485892465276,0.8833818285918676
louisiana,-1,215,0.3043565885480959,0.8175622486734406,0.7304740052942427,0.8498641021695673,0.5878382556063123,0.7197134261197298,0.4466830094407732,0.8913080845703794,0.3581853019496,0.5234769785399923,0.30338783798604374,0.7149490551996055
louisiana,-1,216,0.40804119981704384,0.4783633535080687,0.1938389658781544,0.8196637539254985,0.4615215409248605,0.22391402729391466,0.6785078224240599,0.791722426640641,0.8923819714594092,0.05171471495536351,0.5432724784911164,0.7127499552735075
louisiana,-1,217,0.7038753100329093,0.17848796272989134,0.02061801610864235,0.17478227190694906,0.28192843429951836,0.964898842812674,0.8946277216167912,0.27398556932559437,0.6161023950738277,0.5486650025569009,0.6402971934216457,0.2225504088347108
louisiana,-1,218,0.2277925228783446,0.979232448929659,0.7668230578265411,0.45049884900129933,0.44185252751644327,0.1934837821080072,0.6769808121988095,0.5451547917805136,0.2828764699822797,0.44635320822213176,0.3058760002327898,0.40208348244047637
louisiana,-1,219,0.9376079999550185,0.25526727604105354,0.03913811783320383,0.6956167578042018,0.4592839999151792,0.8546131890905808,0.9564859254712337,0.6353428155876276,0.844654300022281,0.11042195650748422,0.24204377850612285,0.5661201306744911
louisiana,-1,220,0.49339290675851216,0.8877535361836311,0.8382638870824626,0.055415245367592965,0.9857498025073851,0.3669989237228813,0.721015471257043,0.5443746596965473,0.6239085001065057,0.20718119581248184,0.17219005397902515,0.48368662916986527
louisiana,-1,221,0.8063421446197326,0.9294778635401071,0.9046091938064791,0.6965866022883134,0.18828919246593356,0.7666839196021297,0.8842949317782283,0.8027070323525429,0.6744348083520358,0.3740451506779983,0.1983088874353343,0.13296979320665533
louisiana,-1,222,0.5557617480152354,0.8940669494952984,0.07043154624754427,0.8137765424364684,0.2928535987454294,0.7699441799182909,0.8403821808991078,0.19528684460856202,0.6787852974057405,0.23906863705598927,0.8713581224240975,0.5906947469142413
louisiana,-1,223,0.8241712236312434,0.2094591989858993,0.19656796027450565,0.8291673074156349,0.8233804578358148,0.4785386068807134,0.5593825448564427,0.6207614264529355,0.2939939262561204,0.37759781062331177,0.7544442382683083,0.48832613019490484
louisiana,-1,224,0.5764514975919699,0.48286369293992976,0.22458072778930285,0.330463663687252,0.20890139933360244,0.7019129579551979,0.20133097637801076,0.3834940153829451,0.5062518311826129,0.6099294024033916,0.6145468118096838,0.9232167910235237
louisiana,-1,225,0.3340094462185557,0.958516187482297,0.3535969491961846,0.22254454110987093,0.12074526198459372,0.43664500043785,0.12634241274044083,0.6560575588009416,0.15095309672699436,0.032680018734648805,0.9014983541194505,0.3758788625835423
louisiana,-1,226,0.7664731309980309,0.9315380054818623,0.7196928375250407,0.3611868773647596,0.5441264784412864,0.9163545356008725,0.4137205591509681,0.17286313322506922,0.41351326738054756,0.21593100297222045,0.9032379053224493,0.6098879827733685
louisiana,-1,227,0.5290342978828312,0.7232106052522178,0.8707822020503042,0.8902751103246621,0.1094504173409393,0.8780676726401851,0.6899083252105269,0.15839156749180336,0.2765273644115288,0.5209516312898318,0.35796894330395607,0.9597635200838955
louisiana,-1,228,0.846528030471226,0.02097781676191082,0.5722753376012208,0.4748388821142344,0.9347506170642043,0.34162549513457485,0.6218100959684679,0.036002960936877715,0.26679690481160123,0.5967692051554179,0.8461229905799407,0.3936136517945268
louisiana,-1,229,0.6181932814881168,0.332111188747974,0.3939858593340411,0.8700145689619052,0.009175378587152772,0.3358894369575476,0.2537862640076295,0.6321363975669341,0.08422075216997704,0.5919509216203871,0.07171887445595901,0.147539836726468
louisiana,-1,230,0.06693979066289245,0.6539096024155658,0.05305295334395799,0.545886490006923,0.813075904285603,0.15035056176880748,0.6679527417121214,0.08908596911348196,0.015272386289314007,0.5858009823266428,0.35354941341403834,0.5137485192040055
louisiana,-1,231,0.18115935383525328,0.20012640815566263,0.3041579575699623,0.003555086143460497,0.3952928175364397,0.47146176150504154,0.7454508351484078,0.5989784523809273,0.5792398681867729,0.3842629291990906,0.10431297717254327,0.9836935494940134
louisiana,-1,232,0.8154047235130034,0.07958106472376297,0.46923404776818606,0.9111083444606431,0.35267692216488417,0.19719339271111502,0.7408898556687682,0.13242604234865124,0.18856084501821732,0.08741634890156597,0.981254201678746,0.7477918806883951
louisiana,-1,233,0.7316241449270666,0.8570828016117433,0.5962086765705839,0.46293236498251045,0.7345373280365891,0.5689006456333828,0.5754261304540708,0.4942791015865239,0.37809779316683967,0.9763588169268418,0.10023312431883259,0.8381965205376856
louisiana,-1,234,0.3351047805464717,0.9141487139835534,0.27014100782065503,0.8207019762924807,0.3439580048592923,0.896766125858288,0.6855895820627702,0.39289751853365795,0.4332435968131759,0.3165803116107787,0.39683585033574187,0.8536630918202207
louisiana,-1,235,0.8627430639870679,0.021180317933384502,0.32970360038836183,0.7826487125365046,0.5821964100158624,0.22424383808548862,0.30271705638759283,0.7097039682223288,0.07903979372839785,0.990191536492362,0.047709500329958965,0.7809230589207379
louisiana,-1,236,0.04672968356231326,0.9438725420557527,0.8508053116984913,0.9834330921501019,0.909412689963531,0.7580403736730439,0.10788790705097338,0.18377192777965873,0.7574193199892736,0.7974492556612763,0.5234689746548026,0.9514618806229143
louisiana,-1,237,0.48183568132438,0.6638068093616012,0.5442134486650819,0.7726389380099289,0.5295789106922879,0.39481345114709165,0.9727510619428645,0.5872429174435547,0.5305228153748132,0.500149630206823,0.5126203613821669,0.22497919684693038
louisiana,-1,238,0.6334853404318328,0.8605929441573679,0.9198780533764621,0.49918186503750417,0.8008412268980286,0.11679622585216706,0.5129598386189279,0.5605286057039066,0.7065164478161493,0.1733058791688452,0.1557142087428848,0.5945613151238884
louisiana,-1,239,0.2545398605055563,0.7085924428259363,0.21696534840084172,0.3909747292360434,0.34724288779030593,0.1521405604049023,0.8667513822676163,0.6479048586415331,0.4973419368307322,0.31599423409645483,0.8684335650738967,0.26741163057121126
louisiana,-1,240,0.8948926789505097,0.5868714299133747,0.30906686684579127,0.027785816741254764,0.5552730219336683,0.6194965210013982,0.2919444465817857,0.9804195934952544,0.2864243367743275,0.19173989228881,0.4933504426242065,0.4405050680743719
louisiana,-1,241,0.24157078471012744,0.4511192931755649,0.48087449875166355,0.10155014667504894,0.2112647866128597,0.7851558166092526,0.09658213654542885,0.5578566170639642,0.23981743302230407,0.8473385347632347,0.7003980723517274,0.8604460700550538
louisiana,-1,242,0.9195414767538769,0.925676280177508,0.43486738220442367,0.08181986318223333,0.4089671814565282,0.4282156452659393,0.9437627782791476,0.4539458926887038,0.8954908285839634,0.5498867444546726,0.713844087565008,0.0956673484645554
louisiana,-1,243,0.9753190228448042,0.7924921927355382,0.753184556644137,0.46561068902976394,0.5208421299445339,0.8659335117997867,0.9475939240627578,0.26066635794542126,0.2974108257628557,0.9217661008367455,0.9378599407662692,0.6291447640403127
louisiana,-1,244,0.013999693370554426,0.33109233200082466,0.5883460228344616,0.7851906879752425,0.7675767499716196,0.4391365485478199,0.08930027049413307,0.1620335219258113,0.6005611345758285,0.30607414945264233,0.41915366677881816,0.6766222466664391
louisiana,-1,245,0.7569907270553417,0.03142402302422284,0.4702933153091465,0.620403752108481,0.7364420216411843,0.6050840747127877,0.3580554169552226,0.949488840486124,0.07537581524699058,0.5896008861693991,0.9337936458946167,0.5034042820714698
louisiana,-1,246,0.9319284208006537,0.4720396562792633,0.5628448332814997,0.6947829808512453,0.25086993244287714,0.4549915070530601,0.6409804779223515,0.9924654440283308,0.3384678167760339,0.9577334737130577,0.22582380698159812,0.21785930443300394
louisiana,-1,247,0.7108434372668849,0.7647297548563259,0.5256836643076394,0.10377721701301777,0.33725825305463375,0.45633699156833085,0.43706757671827984,0.21210700798068297,0.75392471845367,0.593707044104161,0.356934157279207,0.05725086611039426
louisiana,-1,248,0.423618449152815,0.26632410506524207,0.7654007064734256,0.3326935364471292,0.8726870422147894,0.447663402731744,0.39096646200749435,0.6303143836781999,0.39422731744267364,0.19498765649519054,0.9008171901964563,0.4268032536652503
louisiana,-1,249,0.7824296368196789,0.8630732041124866,0.40408208845582655,0.061557317376672284,0.7914454252954053,0.12178216175787106,0.3322157200897653,0.3102199711209153,0.9497966131388361,0.2286044762946057,0.324300698984129,0.030321643703669503
louisiana,-1,250,0.8136786119908153,0.8836648817875955,0.4989191663613324,0.3125823101647042,0.7661644104795645,0.5469242628006493,0.5414984325215096,0.45705176645837314,0.7762624106146326,0.10841654320928089,0.039211970063407604,0.7346903521999871
louisiana,-1,251,0.4744432493820189,0.710233643589721,0.8643609047019601,0.36473938983819854,0.3532776340781469,0.20510112691368126,0.7746338784980359,0.9614369452341415,0.00019184473850103546,0.40389564182435256,0.738121541170304,0.8586610455012441
louisiana,-1,252,0.07073300539993436,0.022437612136304148,0.14702419003837722,0.18480226053357668,0.21718447417399628,0.4848001775811989,0.9622865396085076,0.3787780916403037,0.9224509056759572,0.6059071813371731,0.6122466443593866,0.20847835115389415
louisiana,-1,253,0.9367170244483884,0.2403829608718071,0.3165539559323079,0.9854357860357983,0.6584097566340301,0.2867385359132613,0.15670074499087389,0.4993840534524396,0.7398421903856136,0.5634147821444192,0.12144305083365287,0.09680309957639353
louisiana,-1,254,0.6648569410847159,0.42074976881230536,0.12846085013781858,0.07920651127856845,0.3947112941774426,0.8716522434364135,0.8391750782225318,0.022494503973826938,0.3027793522058216,0.5720543554062401,0.5034484492892591,0.7714691306475313
louisiana,-1,255,0.03807414830816539,0.032315834467814074,0.2187905317210462,0.9758892664509334,0.29349486573018047,0.7499491382610899,0.7797411538435834,0.665343378055924,0.4150469727018055,0.9591276808048195,0.2536193423339515,0.46799857464986266
louisiana,-1,256,0.185464950573402,0.5063980842276049,0.6999239697967866,0.12470936507321956,0.7301696841662149,0.8744869150046319,0.45545919126001255,0.6059909408606499,0.10431647244644021,0.44456709812355405,0.06867123784852758,0.775563621017343
louisiana,-1,257,0.11494566031427148,0.8230741688359625,0.20197855825312533,0.5047227781997393,0.4505863760324101,0.4706866586602766,0.49809866354592214,0.948432736062032,0.9450447714284319,0.5908669318988267,0.9754360271140234,0.02846720952161404
louisiana,-1,258,0.021473821441776706,0.3630312704681717,0.7371128203927566,0.8187171332928992,0.4787203236877315,0.18070554513337048,0.5907519047070414,0.7169507718669553,0.970264961979852,0.774186554270805,0.46988691787098225,0.6272938872439267
louisiana,-1,259,0.9101163607596239,0.2740594342111938,0.04730185219867979,0.41936859696602513,0.7175603198766316,0.6101399536069733,0.6550580487209651,0.5121223821068883,0.2133934671091834,0.20045163984730172,0.798257020118004,0.10865644005174271
louisiana,-1,260,0.26093133525315665,0.5908600019337548,0.46023924043088027,0.49677470909863775,0.23985454956863794,0.5000694811891017,0.48694773476755565,0.43377611712214637,0.4530685313354655,0.31279090174108287,0.7885187527929979,0.912127226360121
louisiana,-1,261,0.2515111887318994,0.39561753503648267,0.6858147595094322,0.46873959152915096,0.5305957810056957,0.900621474292124,0.5201861263252162,0.6110724349609865,0.47644029344049105,0.385420948440567,0.13274245774933405,0.05963890210648487
louisiana,-1,262,0.7702970679650832,0.1287334521984702,0.6539860403549929,0.49287274404975606,0.10124896768509323,0.3170024622735379,0.9232439477731715,0.8695479802804689,0.22826499313485132,0.5460293158149023,0.25156791007464674,0.57801591611781
louisiana,-1,263,0.5462299813540057,0.33588033000420003,0.7782572659901763,0.8042626063006048,0.5946692613237232,0.4977638716720114,0.9166604856505166,0.9464494322671364,0.2495575075207333,0.7947655468566269,0.5416532605410518,0.15913243810297759
louisiana,-1,264,0.5922269320900571,0.9034896332389327,0.47155779667425246,0.9961319515899938,0.2344661855013669,0.15716683922801086,0.7549447114196939,0.3419333439152071,0.784231302941894,0.10400475444578908,0.6554599092011637,0.6397671569392381
louisiana,-1,265,0.7781753607088318,0.788383276875882,0.6949345446579795,0.6893723389027239,0.9282444917936895,0.9390929198117369,0.7863391512652639,0.5486349574117154,0.0909862412656597,0.09022198505725411,0.6752462820486047,0.9289126754206788
louisiana,-1,266,0.9556924965686109,0.29081658689791134,0.3239229412062062,0.7057772094662663,0.31887218402159834,0.8980922617546084,0.7899499103389879,0.19984193860969635,0.20809931891052216,0.5334510327760884,0.9052868448826318,0.6597024529926797
louisiana,-1,267,0.06008901281182855,0.02442767132868186,0.2778403876159478,0.12263269443258776,0.19104220591469973,0.6672775452128528,0.6032692220134128,0.4852381345587836,0.9302904050868802,0.8611521973509997,0.17653791513211115,0.0029242573955628294
louisiana,-1,268,0.9224410428594821,0.3692720525575773,0.11326119933064206,0.10235342866230479,0.9734214146863294,0.7336718742955064,0.32350552848729175,0.7896993048709803,0.9952820663005458,0.46055028896512124,0.7298548869423802,0.08649707050135907
louisiana,-1,269,0.10995244161032523,0.37870328030292544,0.8396825434087406,0.44501892942799,0.8584734614790993,0.5015610802159447,0.8453889594770898,0.23929247339223722,0.12117622258174945,0.33437198371406357,0.7642426235340657,0.9543412748887501
louisiana,-1,270,0.4219858194034588,0.7275354811411782,0.9566843880395113,0.3141172745201718,0.4659647000142683,0.23357271268210175,0.2217861944434547,0.2223798073503169,0.7387356387326263,0.5041857594265406,0.4170593266766942,0.8374176573978032
louisiana,-1,271,0.12701528951169982,0.7456394373685403,0.5785245695956662,0.05900032263110325,0.57749373781155,0.025275218167474404,0.28055363588042614,0.35244140979967187,0.13934677580615445,0.9392025721818325,0.8351237348253692,0.5683967734902261
louisiana,-1,272,0.28645876965029743,0.8085458390386769,0.04058065788703046,0.508329212134819,0.23033589713382033,0.14338752638327454,0.8338790101385549,0.9052009241233648,0.8458122663971258,0.01941729690220271,0.47595662840452785,0.6060077340332982
louisiana,-1,273,0.5714527041281905,0.27654113213545894,0.02135998661196339,0.6100922590839566,0.2871543236742549,0.1534748373238517,0.23663360106324363,0.8719796067187296,0.9591039442408826,0.682107388822217,0.4721407890876185,0.413957082634516
louisiana,-1,274,0.21864081975948443,0.8342342426832041,0.8430255211928527,0.6993097979805081,0.762716127761228,0.4441659288615601,0.7787951713419837,0.1302955700402835,0.0769982094483709,0.5344544384801756,0.7861245665877458,0.1547968098360964
louisiana,-1,275,0.7214974539196745,0.11866644259727287,0.2679410619049478,0.6796063432511026,0.13550441405482608,0.1637258319320556,0.8938248619609046,0.5937550217003932,0.9251216774655676,0.8115701662717114,0.35801099603695097,0.7451921665476928
louisiana,-1,276,0.9172298200189488,0.6033873190618071,0.841169383043742,0.03678781345105024,0.09171294885395961,0.773272419039022,0.18980537987063514,0.225924109158368,0.7161457208388133,0.014990804004351875,0.6496408968595941,0.5869936502364619
louisiana,-1,277,0.48576876319139967,0.23035228904671337,0.17668339795664528,0.18547524499746865,0.798484639352308,0.2768556930360861,0.9806905891686231,0.7701328294654656,0.20057864534483877,0.12569806132907224,0.6164923425565811,0.019589351240309336
louisiana,-1,278,0.06973237070719063,0.5136171813865376,0.3126023623861406,0.025345239805280743,0.7290805733265843,0.02650835573735503,0.33929297631920985,0.41426663165155453,0.38594516502692505,0.12088840909572215,0.437631639213551,0.6107187104832059
louisiana,-1,279,0.09932086790204586,0.41029067094138555,0.9276201972229657,0.6603112936358041,0.8346692460946923,0.9885542881362692,0.12863464155749232,0.06555098036659102,0.6566769193397093,0.33135465760242194,0.4516487980082048,0.6934519508060502
louisiana,-1,280,0.8763299310738865,0.634295635676118,0.6048752580655185,0.27592243595173227,0.1755074746685326,0.9780717834661121,0.21797899120941142,0.08714332703045392,0.46893469465416393,0.20274076860820764,0.3981985304579876,0.13110808741714228
louisiana,-1,281,0.39265305149343055,0.8290056778204759,0.8773239539050145,0.2787558485899606,0.48704270032816255,0.22801815239441026,0.11072062626899493,0.6876240778037495,0.41159955878151194,0.42860887149361787,0.7783684026833642,0.7894997552966899
louisiana,-1,282,0.5035542353225078,0.9375541011107096,0.6755808802881871,0.424657062077506,0.7050857408765533,0.23428588241449652,0.6575246323291524,0.7902921416638324,0.23564011565825424,0.47531342240077673,0.6372193365541631,0.06599105941100765
louisiana,-1,283,0.7131041353686556,0.12922910455844416,0.3259831414731495,0.8945526239366414,0.024609814066849377,0.18636229636757648,0.6638719425247874,0.5696125084673499,0.9104598268875815,0.3463686423216548,0.5280895011928384,0.8227912061603908
louisiana,-1,284,0.36504767312482495,0.3472122750906988,0.9240331505001311,0.6628700734878389,0.7818093948452037,0.09533437158237316,0.5219108925855013,0.002001296342995686,0.6028266634152548,0.4611371955530376,0.9574607844036328,0.7769987836900067
louisiana,-1,285,0.662318944435463,0.11687238870984257,0.7261578734466893,0.9422746127983923,0.9215057810584906,0.010877049066561815,0.7141723793947596,0.2920647584654987,0.223387101450706,0.7169852306413643,0.8525533137446462,0.4253960559595003
louisiana,-1,286,0.4450661516523137,0.5883819462557901,0.05715915724386799,0.3194081275208246,0.2714800505335982,0.21034898515430855,0.3317321709532098,0.20123600121234453,0.03713887016077158,0.9945011728843287,0.10581163711554799,0.4964344166679181
louisiana,-1,287,0.051755941803789667,0.3714610515836963,0.11002475053678501,0.5466294702121225,0.0597346326385245,0.4657847451800107,0.33653644178818476,0.6711373653899946,0.8908195381963223,0.49066691730889456,0.8245696934464097,0.452363885413249
louisiana,-1,288,0.8647339199924136,0.1395490796672273,0.5293108209168959,0.8591658709448986,0.12954803077318688,0.16423197032047335,0.5935993352291652,0.30315690870744394,0.9994162073627774,0.10282730915359285,0.14382445242016015,0.7135506649736998
louisiana,-1,289,0.11905700110471597,0.7588302427047644,0.4940145131236801,0.6656756662712205,0.32007926785122603,0.29036158146946583,0.9711393807028971,0.811233799281713,0.7671034504726776,0.23446184959757382,0.8190498744892867,0.8315992834096464
louisiana,-1,290,0.5279527819316587,0.4019522106166937,0.5480238839370163,0.7744378914505938,0.897903423082249,0.52778243893701,0.055012165660199695,0.6003696998303809,0.5410913123379177,0.8024632498715498,0.015294124563198244,0.28870700018814544
louisiana,-1,291,0.5230450173467546,0.10378840396540685,0.21903427509971019,0.4392470692205709,0.6871053424354273,0.2603775101797468,0.32197026158936,0.5663009842352522,0.6342844590950064,0.7448844895318082,0.8387992795991974,0.23673343034484284
louisiana,-1,292,0.04261309346295742,0.7049784186436129,0.14599863707469468,0.05085775434069467,0.8637506655484661,0.7327935660996829,0.21800606422629537,0.9729820600190948,0.6829573864640608,0.3872217224570627,0.9521744550616315,0.03684003330678937
louisiana,-1,293,0.8442577262912062,0.726586681084863,0.9602038803257503,0.708473589444102,0.5526369144611646,0.489650745461758,0.6058251313331056,0.766632472959416,0.40829939784197095,0.9476551655102866,0.5586129407327327,0.28546161627412214
louisiana,-1,294,0.8497594345164433,0.579049317764288,0.42234712324695745,0.37930346804749615,0.27550200654971474,0.7526583307123119,0.7775394498129615,0.6690675187518421,0.20410120408312768,0.13256227187985292,0.19545162453372586,0.06421359355614792
louisiana,-1,295,0.13960784029725792,0.8777436070899335,0.4217322778735311,0.5405480457377654,0.18435076268358594,0.3805470791112834,0.14504211767460737,0.12132008878340077,0.7724246592369503,0.036475681658014084,0.3250957037618711,0.5710847574419551
louisiana,-1,296,0.2192837410147779,0.5200509690175827,0.14386757636757935,0.48138643850818524,0.12666848322634305,0.7006071782552195,0.875386548278402,0.5291031035955984,0.5368049940565672,0.7298622086094452,0.6922299422420645,0.5336269202441491
louisiana,-1,297,0.6491565656717275,0.7803104714542746,0.10899886855881237,0.3557684550414186,0.08648788225554707,0.8191952764371802,0.2567028087420863,0.061388510096397154,0.713650438143708,0.6572431037688878,0.9360817421345964,0.5792396473003838
louisiana,-1,298,0.41551049133109713,0.4360712491185591,0.7119742337925394,0.44099825503011053,0.6709353389271037,0.6773906979489527,0.20614230368330289,0.07645029815425228,0.09333188850003535,0.4254169026920098,0.9301791723776348,0.26204865347677386
louisiana,-1,299,0.9990077896569107,0.08305128754932767,0.32708216305412274,0.7667299175163469,0.7140263759795734,0.6436510186611787,0.7014892215755938,0.5748589264102315,0.9895937743769725,0.27774712670606433,0.9181781232891271,0.08149536494935017
louisiana,-1,300,0.7169199975637043,0.3896486310567563,0.1315192796938236,0.1291552476155799,0.4794500793328724,0.5340587298386762,0.16492725234399744,0.875093936323211,0.9078533005521449,0.3482846648973798,0.09890118475199025,0.8594354485252006
louisiana,-1,301,0.7309632611786016,0.5775889740689178,0.3641065859145274,0.6677141907940646,0.586756787770754,0.882112998947457,0.9585658379587255,0.012168221353927674,0.6073835166858854,0.7861867283111398,0.29012177055555255,0.12269305676569071
louisiana,-1,302,0.08751146641249428,0.1336629538405705,0.775355476742142,0.7591165263989162,0.5250034495057827,0.666849222149703,0.3591020694815113,0.886406241330646,0.9620132273500229,0.9720410683834927,0.2836128289046567,0.6283814936207108
louisiana,-1,303,0.14336057186417675,0.49325240425729266,0.5131463725384666,0.43086063220285215,0.49363109945728767,0.26265149513505215,0.4935607099143804,0.6087066682252515,0.9676685913295575,0.9289882241850872,0.24761638526530247,0.05696038371444316
louisiana,-1,304,0.02692590564619996,0.7157149947361592,0.22674895584711816,0.6870552229941248,0.5594972047614739,0.9486625120383367,0.864353026345976,0.47480704591706974,0.08806447274386425,0.27385258390317563,0.026781570718361875,0.03580698618115152
louisiana,-1,305,0.9844556863958704,0.7441286208911427,0.4782718296379837,0.18106865840285083,0.7949088769468919,0.4086824753416907,0.6814563211852095,0.48007349765055835,0.6056879013280699,0.03815636512315636,0.07677561558297244,0.20912702345163842
louisiana,-1,306,0.022119900314467682,0.36131694155123145,0.6862563450978417,0.8237359684937393,0.46635387764934233,0.6141895033022591,0.18846946868826941,0.8488712002799496,0.6730192356437479,0.6857940208101244,0.9563761644508252,0.44657958788614877
louisiana,-1,307,0.2285388200271883,0.2958961538104698,0.8808483749677329,0.9800869678750448,0.8454749756261248,0.5545864544142364,0.25900979548693176,0.09680477456569334,0.5535467710128482,0.9661313379866083,0.25246987664517556,0.7742480402105993
louisiana,-1,308,0.3116740247999655,0.6759130224091161,0.34897377038864436,0.873246167216038,0.20370076389173822,0.873958342281825,0.3630377842384712,0.7721802617078574,0.10146708364126496,0.029015339230320125,0.18185077156394006,0.9221951045282183
louisiana,-1,309,0.004768095082176694,0.658909037290063,0.33721799981567047,0.46368959451276204,0.10471664831544251,0.595045706965938,0.7191154227944992,0.035156631128822884,0.47440372461315455,0.9008761660328313,0.9239632762768367,0.8249585910280911
louisiana,-1,310,0.8218665396079388,0.6107106057803184,0.7365017026611731,0.5026085050806397,0.3040618328745698,0.7657122834276251,0.5423890800052762,0.17782281820093584,0.9785241353100714,0.883242527006326,0.5632912918925249,0.013255466480672976
louisiana,-1,311,0.5570122004745065,0.8258518670002071,0.6130709409554239,0.14056832944377448,0.8945232482651017,0.21615914146688908,0.9281994696269579,0.6853356379709212,0.6275225335949858,0.6134575177005668,0.75135685934962,0.3877206818574005
louisiana,-1,312,0.5432283620882542,0.46475787506236965,0.21727628209789157,0.1053051157076566,0.5100268382279285,0.7369486065203943,0.8784688080567026,0.49063577830904076,0.6487257714881204,0.48896375924752733,0.6295671055201438,0.3467453454938683
louisiana,-1,313,0.6145191760723577,0.6363259940520561,0.2574884375486802,0.6290204196617184,0.0039011376843209214,0.38857206403843714,0.16786218452162754,0.38824495046412877,0.8878383342701198,0.9115515987042452,0.5959108144544432,0.411858631190354
louisiana,-1,314,0.5875885444964486,0.09511679701555477,0.5850532600453757,0.6540414395607664,0.6061023445485623,0.556206307300691,0.15390226561022244,0.30022046278373915,0.6924954879770071,0.9226831900139126,0.6447097312440921,0.45129734234956326
louisiana,-1,315,0.023312432852178735,0.14805733854003764,0.13301334823640854,0.06731985734926357,0.4633068041837891,0.9734756757230614,0.47450977440809106,0.6611738121140395,0.8933264038088917,0.06567573496674127,0.9555497465892672,0.07318989679425167
louisiana,-1,316,0.4717037692799939,0.8192360289267488,0.7215739899269766,0.2069986805918566,0.015256388118206742,0.6996769343023166,0.3987232616363918,0.3440192573253789,0.6329704808919668,0.32460102797060925,0.3951788253167873,0.0399675581879819
louisiana,-1,317,0.560530281816778,0.9197390362476615,0.7076321471024648,0.9565859934676371,0.7908936464858993,0.33733435954385144,0.13479035183091476,0.3164838873341774,0.4275088659687954,0.8066007808835663,0.0068412304705625735,0.6553741312382434
louisiana,-1,318,0.49044057990147927,0.6737507017655437,0.6000175313106417,0.03351940234210814,0.9531878910964924,0.3694030184770931,0.3992523231979253,0.053555928583083806,0.7824991071275689,0.8357853859304347,0.1448007035436339,0.2047534219476096
louisiana,-1,319,0.17284846749159397,0.44077731174107604,0.2464023025045634,0.5036603747902751,0.8404566710862058,0.7799830862865809,0.016738561807058232,0.7590259208147783,0.748811443832532,0.9443119763469624,0.9318446968096585,0.60144781531087
louisiana,-1,320,0.5756180126806489,0.8678581761797095,0.6885988691229022,0.9904810752336296,0.2327619351880778,0.42023588040130666,0.8282979155820206,0.9411237284101912,0.458322732427991,0.6482513862412252,0.2196686475842027,0.7034617922455249
louisiana,-1,321,0.4924962263357886,0.3464055865259683,0.5354936208961428,0.43689206996430324,0.5003026321302385,0.15613627853531165,0.4313993054989985,0.9358021771620605,0.12889710616962075,0.9688475957806387,0.6387316766823388,0.02935301124775962
louisiana,-1,322,0.6821480287175731,0.2925400423158663,0.27142088127118297,0.42302013568554714,0.48578986319153095,0.40750407071661365,0.08241073117908344,0.9279186298034389,0.48425113216410764,0.9451897555062659,0.8554055817791714,0.6803675209686013
louisiana,-1,323,0.8835196878069854,0.2714870890527797,0.08153996214844768,0.3053952894847013,0.9871934172589799,0.4901012271882037,0.6143095516716491,0.6575911429641244,0.7377101920184801,0.9859993361449787,0.19674163695815694,0.2842240187984648
louisiana,-1,324,0.18963779532666486,0.8314032653465812,0.6423007501909777,0.16408057808223497,0.7686341479894641,0.20863397844693607,0.8493853826500565,0.7147796583736173,0.0774021328656356,0.21478415282395488,0.02191523697624741,0.13399630748422028
louisiana,-1,325,0.5282499268103783,0.3566415754938952,0.5316291172928919,0.9147042641357962,0.21064843328536506,0.2569810587865013,0.14925251399761075,0.5276787866690369,0.5321256548712032,0.3645288252796303,0.3330496952709533,0.8054445681104893
louisiana,-1,326,0.4891568064303517,0.4907384024310926,0.4125248049519004,0.32546455295822063,0.9989909227196839,0.6631395611966405,0.3769649577343351,0.5415983773753855,0.7860225362998701,0.70201702859508,0.1114288666438773,0.9689667310992587
louisiana,-1,327,0.9538928288305267,0.8884539404507306,0.2295688406836197,0.7989723730110866,0.17344365800779504,0.1790426112284444,0.5533092469706771,0.8644200611353053,0.2798209133637056,0.9538397457021673,0.5682472919844126,0.1772296717101191
louisiana,-1,328,0.825606989515259,0.508941801024375,0.3984318496717409,0.005898645177065576,0.2700238020704252,0.6206325535288499,0.5870845586645954,0.014361228617480995,0.11703269836608587,0.5958431554556486,0.2707207312223558,0.5513371215450761
louisiana,-1,329,0.8856330635872547,0.050374094733072326,0.12982010935420285,0.167911472048683,0.7453498984172584,0.30994569113985665,0.42616548733435367,0.452138759454928,0.19437962554097651,0.11383701447756243,0.910577742155239,0.9182977478064895
louisiana,-1,330,0.9187378667789959,0.3418624344122565,0.9849464625295268,0.20053592132040232,0.45833758516018586,0.635616693914356,0.46051858260264755,0.7299301432457328,0.07828137699937221,0.5181577130081443,0.505853122491111,0.2346714595598654
louisiana,-1,331,0.914818911420379,0.17755173648923966,0.930186091966882,0.21206324906982077,0.23345824774560694,0.11973021380078604,0.31079192846141823,0.6442076001719688,0.6406724013102878,0.9344541645476135,0.06649791652375621,0.8932748583638209
louisiana,-1,332,0.02769038098362861,0.8975324513575499,0.5507774313567277,0.4972566842157692,0.4898104765406925,0.1304741942578793,0.13738491932014013,0.14889561868017856,0.9909621500331145,0.1790150053999557,0.5025107959329125,0.7171040870823852
louisiana,-1,333,0.10232898351823923,0.2527062095548961,0.6037409162241505,0.5199865966861792,0.10855562822872224,0.29344839340076295,0.5243652858946716,0.947805968530758,0.259644616569275,0.14184144503277504,0.8501570622575333,0.5762053529218651
louisiana,-1,334,0.7976450168573807,0.25757081420321326,0.33369386229753556,0.5800063104133469,0.013916231512266305,0.25337395184484673,0.6706405968267329,0.047403541991522434,0.5649490979076042,0.5654178401516777,0.8888907435378901,0.3619458135183531
louisiana,-1,335,0.3216599994102848,0.10660523814151018,0.031412705872660485,0.06460323633041218,0.8857619430485112,0.9969305300164811,0.9170987982068878,0.8503354813690279,0.8347668963902257,0.7826595487283003,0.15803941339455577,0.01612736370287418
louisiana,-1,336,0.2427658927167149,0.7501352526430649,0.44130081149544187,0.7693202082990246,0.5894517210477827,0.29969508030687403,0.23588222674668635,0.03274949314956996,0.036591195263353825,0.06268849429756186,0.40325326923550214,0.94599074926664
louisiana,-1,337,0.28786224384869274,0.037655385469450624,0.011019555324301083,0.7328619514376269,0.8715259616727323,0.2092393257036562,0.7042367849078847,0.21825949526753743,0.8529423989659346,0.13062783373996165,0.17341908975887468,0.9873195715535071
louisiana,-1,338,0.6617122878281783,0.49778654065784145,0.5344563968411055,0.5581660435239887,0.49222050555082025,0.9653209443945898,0.014764291441617448,0.988887357832186,0.24398930591196885,0.15508544596392532,0.8851542284429843,0.9943775404574182
louisiana,-1,339,0.8526049740001963,0.6150204663721167,0.8080612912430711,0.8675468812797249,0.533931313164741,0.9356727460675714,0.7833191531983248,0.599589630621276,0.08916853532457467,0.8944475358963068,0.9205650434675433,0.3929711629835056
louisiana,-1,340,0.49511474758530444,0.4034615897447588,0.38819629871897365,0.01297781465256967,0.6933470992980676,0.7113923342531449,0.7586908368457566,0.2570530193996934,0.34470458033577295,0.3504030874980973,0.6774048868933624,0.202682927494572
louisiana,-1,341,0.7399393009165515,0.3403332755387346,0.15213131211772818,0.08821347601999716,0.6678095460183208,0.4303034968125718,0.3614319165105061,0.27159789102799337,0.10382682892051248,0.7503432518952937,0.6954302603791966,0.9731025660567224
louisiana,-1,342,0.2026067977915033,0.6931542207898855,0.7956029006812513,0.17178384043072675,0.14949502258784986,0.2695120641100618,0.8979573189992938,0.47340129182681706,0.0997873372088377,0.52671276339147,0.7687859023164607,0.14282589528451486
louisiana,-1,343,0.16871280277623057,0.04653411271250089,0.5774403160677537,0.12608357134234344,0.8037484440379058,0.9459444738887167,0.9632101229452933,0.7974135890597673,0.3757968660778266,0.9052994181106508,0.45990814374536726,0.37398573591147
louisiana,-1,344,0.5746007304578357,0.4265456869218821,0.3956172169624748,0.13318478245959353,0.8964733382950227,0.9431758099043231,0.8225838297137454,0.5771001705540222,0.8157206530855015,0.21909872996774507,0.9881322125676786,0.31257060685832777
louisiana,-1,345,0.08292050863171009,0.6268742730757898,0.47687672638443324,0.25266657017153854,0.6168282676404448,0.09917198591188066,0.6598783905669449,0.6604749267872413,0.1363327869207405,0.7624894376999228,0.4311462911343156,0.5202984722390449
louisiana,-1,346,0.7714552913154752,0.39632865802399153,0.5145787153344994,0.4271345373961197,0.1161454008158014,0.5743303946959942,0.3158787128935645,0.9285501395275438,0.8496852481993543,0.26861705623562243,0.08707925536315282,0.536607801074452
louisiana,-1,347,0.1739658537432827,0.870605036109404,0.5207002417804025,0.24779341873556016,0.2025083656770551,0.6792168075398287,0.7111982750947656,0.6093112956728052,0.5758528112570759,0.7932932649843711,0.8728597756591527,0.8215618133166772
louisiana,-1,348,0.4911231057388847,0.7615305944446306,0.408620079548699,0.34814243346137924,0.21220499299993736,0.9860557340255354,0.3640889818159353,0.20846954968539455,0.625780907822255,0.07260013913947008,0.5817587389509825,0.6878785769047514
louisiana,-1,349,0.3752980782711624,0.14277252429936169,0.9899271543891052,0.06067865253673731,0.15087632852152427,0.22033864573996784,0.9688995521277748,0.20526121230216454,0.9539575225112211,0.13930135678090974,0.18876877856108584,0.6205015571116288
louisiana,-1,350,0.598608388591033,0.04708756549612954,0.5260402695179713,0.3338110721559481,0.980455932724174,0.6248837253176698,0.6002569427379785,0.5963385913523068,0.7329401596111543,0.37807612170260374,0.6840797368444043,0.18467446325681344
louisiana,-1,351,0.20388672800584548,0.09439271004112433,0.2622999991719022,0.8146076830851506,0.6489950250799928,0.5676236911629516,0.18729809088307287,0.17040840844399452,0.18603243757861068,0.3989896497198394,0.552851261793985,0.543538120741648
louisiana,-1,352,0.5643894770096333,0.7695860999431144,0.16473582310782112,0.5915872231820027,0.3465479029846263,0.8579086327690296,0.32709675302315727,0.8666430457625399,0.4815368037074942,0.5213740752437886,0.5441039537245409,0.6378163650044304
louisiana,-1,353,0.15503401323078286,0.15852858253392366,0.6623293801200758,0.7556081141265708,0.19321605394433702,0.9094392935274335,0.2040099716631701,0.6173160330111338,0.281160358472949,0.11808606025028721,0.09574134621398012,0.15676017210876442
louisiana,-1,354,0.9544065825668163,0.007540049909857245,0.9910544850193221,0.671450638003294,0.4845614304005144,0.8884372468444468,0.9509445482997022,0.6951744036227558,0.5782168203887711,0.15738833315011896,0.8146425169314693,0.377253515547237
louisiana,-1,355,0.26422765130907677,0.7756879144559948,0.6455805896815133,0.4730956308875677,0.6971978009510729,0.6362808294036311,0.8231683834320423,0.31838846568364276,0.16659295202358007,0.17516410297105744,0.09264746396325482,0.7272849170242075
louisiana,-1,356,0.39910289665414816,0.6591133491200939,0.4976294025948112,0.8880503170210672,0.11884535458972424,0.46207565140405066,0.7375319976102173,0.4419773397561623,0.8770879327150292,0.9263363432666347,0.6288409585033935,0.5146415327118113
louisiana,-1,357,0.19199436790897853,0.33672729158268444,0.1916118464952078,0.09163293846935866,0.8146090918693245,0.4513395029104937,0.7846580910488776,0.4376041620964688,0.031818821872838306,0.04510329135174479,0.11706258904833439,0.19868220656752275
louisiana,-1,358,0.20469285010008226,0.26931620555960867,0.539911641148646,0.1256036173566278,0.6081872697778886,0.20266057816279537,0.2869364709601987,0.884042345932885,0.8604400038704683,0.2806160581023833,0.01373316129949704,0.7699199007276513
louisiana,-1,359,0.5029209120659153,0.22470325051522336,0.6933455905729752,0.6450435378324546,0.20619559357196776,0.7764442162779877,0.4654786454108455,0.8456733121055098,0.035460686253335434,0.40099337983943734,0.31172351447741764,0.10073680109088062
louisiana,-1,360,0.18332221505299526,0.5278841952533331,0.0020677556574816404,0.28370315345455277,0.2722996106538864,0.5616696212453329,0.9326688458702157,0.45927398028545474,0.08100987016096368,0.655626132335402,0.5352577805655948,0.6792295148088645
louisiana,-1,361,0.505036653987673,0.7620399896272151,0.8906052840881769,0.04651121163865056,0.9590723464613223,0.7900749461726247,0.8963208976035216,0.24905635418159963,0.2843738812603228,0.513370689497514,0.6515001264867558,0.6925147945188902
louisiana,-1,362,0.13306548739928642,0.305031219258242,0.38745560899695924,0.640690933588265,0.9237990014529815,0.7779599911337305,0.07317241942155368,0.2885139052433232,0.3797855183812558,0.5889071408118789,0.17851331276533397,0.32726308449512925
louisiana,-1,363,0.5850243906579904,0.6801351588198725,0.500580096324994,0.01161562481302592,0.1957146171682047,0.3769919708805009,0.9020343274928719,0.2627379907191588,0.39125850725756306,0.052303289779947484,0.9494803119972863,0.9360704872062648
louisiana,-1,364,0.23247515938725888,0.3260208629022077,0.8977972019758057,0.6745298537777419,0.30031515536337416,0.9037665960695194,0.2853958641225598,0.9157824062519717,0.08745914329284037,0.20575635752077368,0.04046289000996609,0.36074827397154363
louisiana,-1,365,0.7809240373494593,0.23959503452160857,0.6015255430069412,0.9279462423218254,0.7087932851039316,0.28007712332265455,0.6731500051125056,0.9733745832549213,0.3340766150923105,0.7696667480730891,0.6879869335635189,0.15153807110591402
louisiana,-1,366,0.7479512793312838,0.988079815644861,0.3187101878662786,0.7468969427491541,0.38036680709962917,0.34613027936435947,0.09355788104477865,0.09440360354092239,0.9318682777391976,0.5358632648040002,0.4608411439979897,0.052358008278130544
louisiana,-1,367,0.13715524156908013,0.5529868100563372,0.7670533722223118,0.18267648967232122,0.31707409214155124,0.2442670531012258,0.47247596912286294,0.5804470435643891,0.22662503653026697,0.33356631074878523,0.5830824551865826,0.10654189104831047
louisiana,-1,368,0.92811665656308,0.7546872902369817,0.7130149586301006,0.3898416933187113,0.5031886464476012,0.2478201629667808,0.889811043642967,0.35525626483793293,0.06103089110487753,0.8533251165643604,0.46879006816661595,0.19529266820992555
louisiana,-1,369,0.7855113756223485,0.3302063704884778,0.4183353360895112,0.6506218306009285,0.3605114953895185,0.9621103488773614,0.4547757071368723,0.1250047839710732,0.804082766153122,0.99613367048167,0.9248859299230359,0.0619973534061867
louisiana,-1,370,0.2174538136478429,0.2622697765029642,0.3972923339894692,0.2908764120843451,0.778172757806495,0.08407165724491444,0.9834416248596607,0.5797771301729537,0.5505819978003862,0.9644991291151992,0.057976905129671935,0.015344624209430528
louisiana,-1,371,0.9021004861298771,0.45687008330475676,0.8523181418797484,0.3883928308016589,0.3399820301884652,0.06611042948708794,0.1184900199708187,0.5555160882441248,0.12915265945129567,0.5788335016761924,0.18411288947567694,0.8344186294467117
louisiana,-1,372,0.09567432449089809,0.5033872971201625,0.022013025408067887,0.1996401353961199,0.05449770262681501,0.05395941497389668,0.9108582192022345,0.11156138253927529,0.3605394068620947,0.832816334653429,0.1473624858982929,0.8761564968823091
louisiana,-1,373,0.38663588831663315,0.86678430173392,0.6696656551780351,0.45185539180773393,0.249103467823926,0.24191351351483992,0.6255047656835734,0.1135823566070717,0.15454439076969878,0.993971872744613,0.28640495290896467,0.1701671414564857
louisiana,-1,374,0.5950269077177539,0.7680952326879864,0.8674424040908756,0.4427895258386688,0.24669860056104723,0.9406885410971682,0.4103861300862507,0.21328034016441746,0.3133596984697532,0.3945857129052618,0.7659851223396303,0.6402075183564209
louisiana,-1,375,0.1981969815065546,0.0023174695210529356,0.9710964592469967,0.37806499819934447,0.26968885882212357,0.19527503102298216,0.613927934073198,0.19151269778803123,0.916331929360882,0.4790100843434743,0.9842140389706326,0.98558014418186
louisiana,-1,376,0.8552191236183188,0.4442819541597982,0.31040455990531995,0.7794897852024304,0.8541754941933785,0.17194438554440505,0.9971503548061826,0.4848174784345491,0.0643648350132187,0.03019364329845358,0.6341186439530505,0.04949629592342248
louisiana,-1,377,0.2676013991090224,0.3870374860055792,0.2287659043327736,0.8120460520918064,0.79902936268797,0.7824671109336746,0.40238348681939234,0.5162277972317921,0.7440184140310331,0.21074460351405655,0.5482704055248302,0.9957834914616963
louisiana,-1,378,0.79651743853155,0.6143397634966594,0.7714437310355416,0.6594720862647202,0.922690792587584,0.19898425041356382,0.8611589021661178,0.31906502681056,0.7467366465675844,0.6300004376633378,0.3635628976678963,0.9273896181655894
louisiana,-1,379,0.6558809000495432,0.015661475485774616,0.9327216917057867,0.09338072161251425,0.31194731458739494,0.01991173463885712,0.6873126933522223,0.00976337017432826,0.3402268497255764,0.48705630942683076,0.22378066949455325,0.3328304848899478
louisiana,-1,380,0.534434282085864,0.12285568219257519,0.2969918465107947,0.40497302181805184,0.21973165261741595,0.6179016722256225,0.5104588356259689,0.6030353154909043,0.371608483754742,0.40520965778631457,0.2714421130500193,0.8796392996865026
louisiana,-1,381,0.9881574861418058,0.9121035212279817,0.7988892321759179,0.09295888767483514,0.3221821732969359,0.49467040799426726,0.3842211337317986,0.06006036713916,0.048964702410904386,0.8856668637290086,0.8077231427341336,0.2012805928529694
louisiana,-1,382,0.816349666043985,0.2070905788563225,0.06326322366405737,0.3118593016966195,0.32716688117325887,0.5090401458790156,0.3541498188883842,0.5943960938610453,0.022881125347070874,0.6120957730388904,0.4914852627992074,0.17965325557265574
louisiana,-1,383,0.25317431294175785,0.08730047938916691,0.21418127753152716,0.03286892885862582,0.44614080979525567,0.09034799775213054,0.03183939768090399,0.15243735942984643,0.2383009510319554,0.8274879487264906,0.8443603262235998,0.47796051219548746
louisiana,-1,384,0.6400767829556189,0.3917138390366688,0.6792224660434991,0.31665647057448104,0.33359974286154476,0.9896973291631298,0.008495051927222589,0.04032071233172955,0.4266365796465771,0.2726446928998011,0.7753355848182822,0.343629008115564
louisiana,-1,385,0.19010235862828123,0.6094475206111831,0.11901389133070936,0.2196383459404473,0.9916044577610279,0.1158337171012829,0.6908985726407754,0.4621492164337422,0.08640010149379702,0.2488969709718471,0.08488258946371728,0.5281997480918288
louisiana,-1,386,0.5864799291692282,0.880726140717327,0.6271385092268498,0.9681893436736185,0.39376536711720866,0.18755246058271527,0.3297231000659544,0.18050412203118849,0.8820672424780402,0.2493434213862831,0.465360801218829,0.7952886112888443
louisiana,-1,387,0.9351094305597413,0.08637048217259882,0.6834775320705915,0.33414210233766933,0.5232687359467932,0.691311377167627,0.84382945633983,0.9916395142058323,0.399489520985172,0.2990803405702636,0.1330606647514772,0.18058281464438866
louisiana,-1,388,0.6194726300408118,0.6544909323050367,0.5932119323302996,0.1458420113169624,0.20062946263392317,0.4292082054199136,0.2774900775966295,0.5233715660642215,0.5420544170834882,0.11645697696960393,0.1800717483178695,0.5879241169655106
louisiana,-1,389,0.9674733918901401,0.18959025412779043,0.2110905505035103,0.9483114073117673,0.010009334996096613,0.12697814142814912,0.3890759148476444,0.4318320975189304,0.02695330850743925,0.1857512618507668,0.7318447775299229,0.8910593078402602
louisiana,-1,390,0.6046622317653193,0.8916236247565393,0.2761217912639923,0.7437332940437801,0.3382336149115845,0.9726610337778951,0.26719251620207773,0.47777862580341485,0.7737375195074501,0.3082435492742385,0.8166318042596973,0.4970251183940287
louisiana,-1,391,0.7389892890958929,0.12354046989275469,0.16052273881836499,0.9382289803066314,0.5853116693498799,0.7403589785367108,0.4321383999799573,0.7389243904898648,0.3818849129452506,0.03724139920155749,0.5114697917538792,0.8031720811509849
louisiana,-1,392,0.7337686653211453,0.5496398377213629,0.07427153837058538,0.34535942457080315,0.6297435912298791,0.5795453147046582,0.6388780939867773,0.16595125200093375,0.768054123486552,0.3701110875213824,0.539106755136856,0.2895706420922998
louisiana,-1,393,0.12526180427142686,0.0286034623407919,0.062483230751683175,0.1216484688834458,0.058356520644030754,0.3451725492201725,0.28126484768617094,0.41103048361568,0.3140930963901338,0.9075434583106137,0.17729029215181938,0.7982424752284907
louisiana,-1,394,0.4399630719556572,0.359338753308153,0.9457043115822015,0.010393592622016936,0.12318125230086263,0.9218251572640576,0.9242580808545323,0.7043558008184329,0.1698839585193385,0.16256590718850536,0.3864445262259429,0.8664046841834877
louisiana,-1,395,0.3581752530311644,0.568027172229564,0.23040383007048357,0.970225436453234,0.22569194009755725,0.5522684274912061,0.6025074476319799,0.05136498822496395,0.9714010967257405,0.8881057839398883,0.4334187736902182,0.9445258008732417
louisiana,-1,396,0.627301037418029,0.7199590737535275,0.009428919248044591,0.14406334495395867,0.01866444939749714,0.7381691073886089,0.5853268573898898,0.21563676618368194,0.47321774723261245,0.02757690666401883,0.906004241267416,0.8047049362972085
louisiana,-1,397,0.9611560438541964,0.48770217446559977,0.13692134466380385,0.6524572240012801,0.5756008808538358,0.8429313229003136,0.1608425546036532,0.7488032325419092,0.15876375199527282,0.5030015901180704,0.34203091727594065,0.435561155763204
louisiana,-1,398,0.35792905163353195,0.32991367660111554,0.7623720572465057,0.5418551757864813,0.8485180173072171,0.7350058793297592,0.3575696342700878,0.3477445707474211,0.4938416443734024,0.8246400534018318,0.5598358806737205,0.9578653728537915
louisiana,-1,399,0.2094138239233077,0.2549380246713911,0.474362827053314,0.5304686098963027,0.2854827210253666,0.5827832924774993,0.6018716898284705,0.32938340104851804,0.4726518416469339,0.3436884922086473,0.91404176681978,0.17434039993327544
louisiana,-1,400,0.9749350145519626,0.9288813969654705,0.2982390279783933,0.9847356084835738,0.2956813993235607,0.7803573170745642,0.6798284964059036,0.23890936231059853,0.5401566441717236,0.41556828110999927,0.370093574276892,0.2577129167081652
louisiana,-1,401,0.17924696191146547,0.28734544417118496,0.344317544623953,0.6918387022901001,0.22126891092318135,0.3902615779625665,0.5270729504803379,0.06899497471138122,0.42575426989248893,0.7108782916260108,0.9415616987527835,0.44950498607645367
louisiana,-1,402,0.8264124505022339,0.5661376465398875,0.03491745677423742,0.7780815139601339,0.5178367453180895,0.39508622792532194,0.12477932998697401,0.8827629187879525,0.48339494670092514,0.1534033158639949,0.38383440892119486,0.5409818858408898
louisiana,-1,403,0.46739852034944834,0.2530113199160613,0.893338066012695,0.8382253223799855,0.2681167200239889,0.5057545090556744,0.8698141181187685,0.2846418536786704,0.71902016952644,0.8931833937432752,0.05000283696360385,0.1557948008791735
louisiana,-1,404,0.20113419714171227,0.5939766137572663,0.4314945013786726,0.7152384800000717,0.10360577435147286,0.8335341621868768,0.0006861298703358431,0.1566109843936554,0.6216093139170917,0.24740266486046544,0.5228155818305209,0.14006845664988346
louisiana,-1,405,0.9236904364817488,0.01253440633494943,0.5892191816770046,0.12389865555714331,0.5765664098492145,0.26651583845440163,0.6236768043269583,0.07732531651902451,0.7596653814479934,0.6221457894829846,0.8636284692000505,0.16231601000194362
louisiana,-1,406,0.1470144843849509,0.15386382243412772,0.4000303358105268,0.27774156480946305,0.23664928452807246,0.6471727548081418,0.07932113948969154,0.3728203374311419,0.6655927295350761,0.7726934071318738,0.31094388946015256,0.40872910634371373
louisiana,-1,407,0.23716684822246534,0.02346842872768366,0.41302780142823736,0.2640686890548699,0.030719238021254903,0.7310395786765557,0.7918548490694984,0.46002077387969365,0.2516783647287129,0.3898241220945378,0.1907072555156364,0.30668121316910574
louisiana,-1,408,0.10858937969381394,0.795884762629448,0.4654151366996121,0.3709995534668148,0.7835075083350928,0.7866021484908928,0.994411952515048,0.47274543555596427,0.9649853516861816,0.5014553288319203,0.42113068817045296,0.1894931793249668
louisiana,-1,409,0.30259420560241235,0.5197989371864601,0.05951982543737485,0.3292874927282987,0.8262348827091767,0.6124924352084827,0.8366771723647759,0.539971910507924,0.5696948926342795,0.9149220845675213,0.5451515670248747,0.8881765516222209
louisiana,-1,410,0.9334812817656785,0.5389585374288851,0.6173514376554452,0.36871788807089967,0.00400641813743299,0.6540965205315976,0.7109311777793398,0.3205177808067827,0.3518165779223934,0.9691857229486552,0.31890809423127486,0.2131152418051731
louisiana,-1,411,0.36082824279307796,0.9074017425473347,0.34949511602611405,0.09645227758626032,0.8901556794173267,0.4839558428837619,0.9515197180665399,0.9763159948332208,0.5122596493715945,0.5280016172684046,0.21069047993181045,0.18374096432034528
louisiana,-1,412,0.5536364054079675,0.004680053873848171,0.618854170649409,0.681459622159109,0.7823721745222396,0.5078594815898089,0.8569211318979215,0.9312166166088273,0.20984722294096847,0.6960101248001876,0.9656768501176147,0.8235740769550853
louisiana,-1,413,0.13838042207739507,0.57037560461329,0.8042008660112572,0.2619011478781123,0.7548267100243717,0.8877902138967715,0.5924666983769614,0.9068196531717847,0.872141928634218,0.7402157382598545,0.49701175061890995,0.832911880509186
louisiana,-1,414,0.6812960665112637,0.5994822749095904,0.7913825125183083,0.6630006305001843,0.1629657571861635,0.06801978139243667,0.3609399064376169,0.4569844084995954,0.788660638274077,0.24088176330452504,0.07258077758460899,0.30226893449016917
louisiana,-1,415,0.832447460622017,0.33496287568961436,0.8426994163932003,0.34369840561268916,0.6600752991989137,0.8858554211390107,0.3413139016050361,0.5255244593762399,0.5083866053239643,0.17140213495539244,0.8400897724094416,0.5275523578743297
louisiana,-1,416,0.3017994674223194,0.03662583961437032,0.6440145349074233,0.5640407065160866,0.7019327513954035,0.5106703846542118,0.02592697647424231,0.703705885670818,0.03383349345226344,0.8955688487891178,0.6963232151167329,0.09820532689785302
louisiana,-1,417,0.16298754516441039,0.6129683548420674,0.3328474630378952,0.7090592291361398,0.014089408914260425,0.2811039538957305,0.8869763495379492,0.7396946186233828,0.2625833621937413,0.8594673954641715,0.22407910371540224,0.04289887392026982
louisiana,-1,418,0.09711810649098414,0.766216736858531,0.5578672217646778,0.008030660109264958,0.9395698549324246,0.27185918307670554,0.7906267825944889,0.9238644089827385,0.48035171005871785,0.14485690112247343,0.3418253201078608,0.30407001519552707
louisiana,-1,419,0.03778961349554304,0.5047737871456619,0.8794947253787567,0.8862084137125568,0.6147158783924495,0.8611547155735029,0.015523541688281559,0.5428800504170056,0.5620430595209988,0.9522772498371155,0.9855050548787725,0.8816722012165327
louisiana,-1,420,0.5904249977536822,0.8024943976185448,0.1502685211258705,0.6859552770842261,0.5352729019475029,0.7132596837820377,0.26974368425731793,0.623107167653254,0.8650618474829749,0.4969108415585026,0.8845661166292351,0.3994985768068478
louisiana,-1,421,0.44299247563546224,0.9177087279395074,0.5811867043899422,0.5178496484434639,0.023544764978523015,0.35619989780131056,0.48285931462751364,0.8125156392377494,0.5319133999590675,0.7212919090391389,0.658924568892399,0.705398170058795
louisiana,-1,422,0.4272729592384543,0.11967036565607304,0.5022126556162227,0.5180452630057886,0.5796204082131865,0.9272034527348909,0.21364102673485044,0.7302968820634611,0.02772277707691107,0.20660650367665623,0.7226761357275554,0.038684048477053576
louisiana,-1,423,0.8410818642991716,0.905224796813264,0.6926965448101429,0.7897312742247303,0.3646766299385701,0.5209124470469928,0.01816993863942943,0.9221836878247555,0.7112533248469886,0.004047237499739038,0.30833743541580494,0.1504564038833522
louisiana,-1,424,0.7283668860751671,0.44875616322280704,0.10415533836637911,0.3968658543834736,0.9364329740566067,0.4798574030640233,0.5299682349021131,0.2981094473237746,0.17023802650508504,0.787010088379193,0.32874506196512043,0.7335998156034539
louisiana,-1,425,0.462729632946671,0.46300928642794725,0.5545488321476715,0.07599637263904431,0.4174350074644885,0.6403330877406553,0.19608411080982177,0.957165011173134,0.07361349268286249,0.06494067369683666,0.0619258146678213,0.2457720423023842
louisiana,-1,426,0.11882754235810535,0.25985365705135,0.9904278954650877,0.29966677874842396,0.43100530754941346,0.40085930799764274,0.08899383638361975,0.7133786911993812,0.9796492172787857,0.8556160239614407,0.08660686337845103,0.46371881865508247
louisiana,-1,427,0.3146643679759332,0.1563334257427892,0.5948312436578373,0.0835506199789846,0.8301310358408076,0.519128219389774,0.12787249824961375,0.3488092733457565,0.9383152870273456,0.8318233824735284,0.1144715594987186,0.13741736248758174
louisiana,-1,428,0.21683184705814848,0.9872677579819576,0.8206961159378758,0.06339740661472239,0.6868021617115443,0.1852567554922643,0.9180769656249655,0.4266043121966757,0.9094847457957531,0.45460510692959666,0.46447733058694357,0.914513412232214
louisiana,-1,429,0.13603041458140527,0.7651037296087239,0.6052427870357703,0.22182258814598538,0.25272631727257516,0.4258296486406189,0.6454153233319315,0.12020030584643697,0.02073003193057551,0.9705555404730981,0.45551576993226023,0.7550795514044393
louisiana,-1,430,0.23059974239942935,0.07601677596269542,0.33633619599729886,0.8665788410343804,0.3125542220335719,0.8391039360342586,0.4282075530982979,0.6843740153931092,0.2123984038594066,0.42013047562080963,0.6435642698982555,0.00844461157691562
louisiana,-1,431,0.29403478145681444,0.13094757727974052,0.9280742699933029,0.7761488436149246,0.005818006775696695,0.6971306871874731,0.6205679452497145,0.5244365346124735,0.7338948007700608,0.16810470849016257,0.30281457720729726,0.3473685987339922
louisiana,-1,432,0.14977190989103184,0.2969635930437606,0.3636589217982802,0.33615197697379684,0.10554553033985349,0.5314255293391804,0.1449554484940556,0.7500309072324507,0.9863355554373663,0.6595482245304708,0.6948435615795597,0.8727012026612051
louisiana,-1,433,0.8693053350835066,0.4221952149091747,0.6680822587952533,0.10939501877182482,0.9046071745846491,0.9797515998199222,0.9869351733925292,0.8178591126592392,0.39583744093941736,0.3396994760617301,0.36552913486079186,0.5601245975799551
louisiana,-1,434,0.29239211321742115,0.1317875515281371,0.2879574106385458,0.5013909086226117,0.1470487625547208,0.2128298347182337,0.47977464025615557,0.10582143258170149,0.06692181747702868,0.9248202449196161,0.23374097113832243,0.6261464226888637
louisiana,-1,435,0.1117037723700016,0.4257957211493666,0.6439159271848024,0.8567958837158338,0.6429482874672754,0.9289062927284669,0.6524346370330648,0.8556709089325559,0.8740561100204192,0.3869926039643768,0.9915865526547182,0.9077455977713454
louisiana,-1,436,0.31021364094135245,0.16477472643543548,0.42588152055394385,0.23394585301918022,0.9133460558029626,0.48719665513250593,0.27133582317728466,0.09834516375483,0.5633260211684704,0.4787160634510835,0.6188115416218193,0.2720078828506304
louisiana,-1,437,0.48891851547160775,0.8680901861414799,0.8823490900854333,0.30259294846073514,0.16949171416151543,0.06170982706262022,0.616572294998212,0.08450578471085636,0.2655828450257202,0.748086966689131,0.13571514089201744,0.27701148102977136
louisiana,-1,438,0.3641357991938981,0.6079847997179296,0.7849669723036881,0.8509763541024917,0.9931548127899202,0.41846643560865476,0.6154629796344958,0.8722070512175102,0.7032402126351018,0.23180846794199633,0.9465095571164049,0.9639880008922977
louisiana,-1,439,0.7686570122470765,0.07889820223829513,0.1610325103339088,0.19764710957431994,0.022118091034255324,0.30838132524436945,0.17475545404309978,0.13143216027706503,0.8325021211664584,0.21106127618547615,0.5647719123062404,0.9915293257893419
louisiana,-1,440,0.3704189571084021,0.6740524451097984,0.7921429723879574,0.807263685283861,0.18150802629592241,0.19010196166915888,0.019046826746450637,0.28678255816854675,0.467565660983228,0.7467525500536724,0.7211629935296745,0.7116246454036561
louisiana,-1,441,0.930391634381133,0.9355208855371251,0.985006566054674,0.5352486841480556,0.28996008443582083,0.9776584775704337,0.10847864222583158,0.6863600071860689,0.7004634620770175,0.16987199819248877,0.5820091891538431,0.10147395998768623
louisiana,-1,442,0.43320886276855425,0.06979662320510967,0.13881953487878007,0.11750222140243642,0.8437014556024603,0.7450781117053368,0.6622135198759815,0.1857024193148284,0.5819552134759945,0.5123248498341494,0.34864310842556423,0.44380183155026726
louisiana,-1,443,0.27319661494360475,0.6253372792844266,0.3792428346193426,0.8767575590154673,0.8186590570366602,0.43268845591417504,0.819338578333067,0.46123771434454863,0.23261314712615797,0.4392881348428196,0.6066586046941266,0.5346722677681107
louisiana,-1,444,0.6541858897767974,0.5160767954250739,0.046071781075405806,0.0221636885166022,0.883291666135537,0.10675998029861505,0.01043239035829601,0.5833862420826811,0.6882233963979963,0.8361651882466433,0.16563552159713382,0.8472328595017116
louisiana,-1,445,0.7150166155423433,0.37953246225606685,0.10631223705653167,0.7815338664708397,0.14586583253843624,0.1478354162130437,0.4787564463972991,0.9348808039155198,0.6228298426862633,0.524357287862909,0.428760255827262,0.9482059299871057
louisiana,-1,446,0.27953531182539204,0.757835118672567,0.8872664191981442,0.1311452205213841,0.4010946426858277,0.367126697500325,0.8157978396746179,0.35737342994210863,0.6850285661426393,0.9430241459263246,0.5010553858318704,0.053807024776618445
louisiana,-1,447,0.09621991231304848,0.6656742954698268,0.24193286243857773,0.4052378770826427,0.0527191086504923,0.7201348654842145,0.40563233601665627,0.7179306242438875,0.44017870525718966,0.1801842076448997,0.32615649765077936,0.3817898630782105
louisiana,-1,448,0.7357325241091885,0.8614577731059683,0.11100080218424954,0.8412378793365692,0.3694783333554989,0.1186146726911227,0.5024225268079017,0.6466961753304417,0.010028438016857261,0.24261616632420166,0.37732069364554716,0.9299918165858982
louisiana,-1,449,0.8107191104736714,0.690502051461953,0.9929899973989124,0.009274410313941963,0.7645938103041979,0.23186880154965253,0.2888681388723624,0.32807121456516297,0.3174119586745141,0.8866748413363361,0.47172706702044426,0.3976803017500268
louisiana,-1,450,0.5961824285727902,0.630732439377512,0.9875465016433522,0.8426908653204127,0.35699176309916086,0.19630210407683574,0.7162588584304405,0.8927253772110078,0.12745304304466556,0.5386221866836073,0.8102795898903421,0.8843427177211116
louisiana,-1,451,0.5731037014952155,0.9714893049650286,0.1303222351247655,0.3139240887867543,0.15149921393860863,0.5983956762028839,0.39265373374600965,0.9972666181858796,0.6681138483464978,0.28674614704323476,0.6604111171827499,0.8083236999276611
louisiana,-1,452,0.09298103342096557,0.9896177363691184,0.7889690942758563,0.33948753832958983,0.7525142472226738,0.328483307896994,0.6716838271577346,0.8203115959421846,0.016966349531871164,0.44765784437897244,0.23677872495343494,0.054448640881940256
louisiana,-1,453,0.4583144299021251,0.5897305745029432,0.19914063761557355,0.5576679956446964,0.5313018389769699,0.8837251199429523,0.029879254940459857,0.9624620536852676,0.06763235286179958,0.026009077973253313,0.709764637399709,0.6164107738870593
louisiana,-1,454,0.17063009314239347,0.2059806793334115,0.5498506201116486,0.4252305484070502,0.454275988282228,0.1488713618524182,0.5190974327558499,0.3911843779696551,0.9415971415980076,0.703914868545995,0.2576764127648898,0.4324075771312548
louisiana,-1,455,0.7838519111948916,0.21045180582320322,0.06002024791437036,0.9373560746959596,0.603349825366695,0.4886626025472418,0.37765364245549893,0.2970794414833928,0.8812236707177278,0.10046898018690496,0.2854110577884635,0.18203162075978302
louisiana,-1,456,0.834677111529327,0.62199238426423,0.31559346129999877,0.9542147617501529,0.6572161056920558,0.11131927521326476,0.38101581200059426,0.14276834852111878,0.8297732813617353,0.5177294864091914,0.8790047367182809,0.31106652028960186
louisiana,-1,457,0.4561252142554647,0.3270755745266149,0.7796998937726181,0.5433932990365925,0.759647201077718,0.08759956631406556,0.7852776941596541,0.6996630071789394,0.8226386225797377,0.46417386282179685,0.03653870797469926,0.4929350436157309
louisiana,-1,458,0.916201761961714,0.936177828312254,0.12111706122726948,0.17032763654714206,0.22878822161049248,0.7931882879212635,0.3422380243144243,0.12649660577876767,0.050366435422452324,0.6862818508172347,0.2281825940109049,0.5290832133537792
louisiana,-1,459,0.6650814496835683,0.3862145094918576,0.8317385600379489,0.797037844219894,0.4222949139299924,0.10079063976705682,0.523739829664509,0.32535159497321164,0.8380242092451957,0.42980455175707283,0.05592535834589174,0.08873209203479711
louisiana,-1,460,0.19930142053671676,0.48147980358743453,0.6576793887048731,0.1495542077372438,0.07482057109839318,0.5669936556351267,0.6445112694669262,0.7730433657382165,0.43456422904539005,0.9252954791709161,0.7585648284894353,0.7490040008862319
louisiana,-1,461,0.5528281287863656,0.1701977845859612,0.8758638347412532,0.41074554021449783,0.2592085023621162,0.5978230091274218,0.3709205107887937,0.4824693452065922,0.34778072390967957,0.11978524513151259,0.6102975184046734,0.35900427804543505
louisiana,-1,462,0.9453154542132467,0.11491052553273354,0.4916060440957498,0.7516232380570919,0.524169683379878,0.723839718705777,0.8503160558146556,0.1869180287573445,0.16789323178282045,0.8987185137897256,0.9044180582915047,0.8422966753686361
louisiana,-1,463,0.42648052653805685,0.6492823262021878,0.7553470896942758,0.27612101634978337,0.8410822624910614,0.03874159003210729,0.6881244345252809,0.1467418398745163,0.0748504144286634,0.5541381691483332,0.6274090419593326,0.7863807138216309
louisiana,-1,464,0.10608276628866982,0.8959131283495182,0.37098797760352803,0.768757104158812,0.45763574778362137,0.3303970776309116,0.5173909671087249,0.33135046531095097,0.9004910714108999,0.05627709497162128,0.7038287839131516,0.3517977376442394
louisiana,-1,465,0.5123146885545234,0.5011361272648969,0.7733629342623891,0.29502847295248014,0.692566600950539,0.35723916610826223,0.42924758454480083,0.2178013681925683,0.22498031050735182,0.3538318420731912,0.10357046547841312,0.41929729488895695
louisiana,-1,466,0.015275975788534768,0.8448777701882575,0.0012258804001279108,0.9616148818978303,0.7575676522332343,0.34291435705797046,0.049818920248229294,0.04148173580831744,0.3968513297435324,0.46387062023323583,0.9511695487352608,0.7931899885341129
louisiana,-1,467,0.3069659531441135,0.09268379908359202,0.4460516842845292,0.2876028489590057,0.3058262931618374,0.5172677520082144,0.08059557790499856,0.859817122478828,0.3323526001739084,0.7832071921703299,0.23517866482001262,0.27643908538613743
louisiana,-1,468,0.4724170043339174,0.9521331627874747,0.7164689037232246,0.8921787186891922,0.9162899334206407,0.2405550782665833,0.40609417505009626,0.01525672598283814,0.28311152449544646,0.4226287107740988,0.18746300706485838,0.583076867631104
louisiana,-1,469,0.5626521762589964,0.30040789622358793,0.4522652249190346,0.561785954642945,0.363705878635078,0.5360128212938586,0.8624514713261728,0.19006941024520102,0.2854105812110817,0.3102831376367035,0.1192420812304418,0.8110998955814891
louisiana,-1,470,0.43556258417474697,0.6831664752487142,0.7800907866708474,0.4444634114825505,0.034296684629648945,0.5324553193142283,0.9732453203968832,0.4547493987400682,0.9150397691077623,0.8091632964906844,0.4004851210117375,0.4899483272236829
louisiana,-1,471,0.6671673395453234,0.5367152104993818,0.3602610510691619,0.2085388189150629,0.951461163301538,0.5893871739361358,0.12182763535115725,0.3703183816232057,0.8438056147561033,0.6538412995072841,0.5466096132035997,0.9586048450607487
louisiana,-1,472,0.30310886269365134,0.5143811922703304,0.5955978912505858,0.02328865972918459,0.4024583972548471,0.12949364215709452,0.38693743841574535,0.7339594511293006,0.3982370358643863,0.2537595077355819,0.5302774698036588,0.9788313556460262
louisiana,-1,473,0.2773019343572469,0.0988830368785905,0.28858361142160394,0.9495549417253983,0.6250680966966919,0.8135583212717092,0.2664285650466011,0.6963197485612815,0.5334900334778138,0.5419321500484039,0.5910367348431556,0.22148264107249482
louisiana,-1,474,0.4342245855756331,0.045956010715388594,0.9332379537240333,0.11019779747071151,0.6137454329384621,0.4099649345750989,0.035344357428298404,0.2754229478015621,0.05780456098044401,0.5448975788147346,0.742734538647275,0.5998478059687893
louisiana,-1,475,0.12177882662419057,0.9107020235867959,0.532183611579533,0.8601195480412016,0.9669408950246177,0.8147005989891158,0.9937640514313649,0.04975740761577069,0.598242743361538,0.8174693896883117,0.9026154585748354,0.29858577774819123
louisiana,-1,476,0.4735766494860964,0.42435417894827043,0.5213957820639563,0.06684856372528314,0.6307076405254946,0.84426723219234,0.6516048598691594,0.7679588683933467,0.44573452056593965,0.2706128917668846,0.32315496040343533,0.46816488530354167
louisiana,-1,477,0.3315935454238262,0.5070697080850222,0.5646982929080202,0.4356562043704161,0.13879369620559817,0.5500527248682431,0.6925274465854022,0.38449733982055806,0.9111972197970951,0.674244265696579,0.0653579330352168,0.9844835853420894
louisiana,-1,478,0.8516994571563429,0.28189721924277233,0.4264287165549461,0.844725133560359,0.521920492245459,0.805630277084868,0.8291106266128585,0.5734848555664077,0.6543659201700931,0.7585938753776881,0.06472705146822887,0.5425620363678694
louisiana,-1,479,0.8277054795158731,0.17659888554069336,0.6613518609838441,0.7233929001503119,0.48335457217800454,0.3078779115410924,0.382613844191741,0.8137499842936476,0.30388947280634687,0.7880727019310861,0.6214463540354369,0.06649965891494648
louisiana,-1,480,0.5897826267625398,0.37279566943986586,0.0295948041574506,0.9714743703086195,0.8094975038975499,0.7041759299996244,0.28788369717585344,0.5540069204235865,0.6094346559893453,0.1140964842333438,0.048553505772411534,0.851772755466551
louisiana,-1,481,0.3280440958088463,0.8505930768547367,0.2837072825854589,0.1345638245679991,0.06772952886977368,0.7573107355062023,0.3005892838888806,0.9519075527843185,0.5469123020033317,0.7796344702742505,0.3322304739896498,0.42877505090892926
louisiana,-1,482,0.0028686003201867202,0.9905207702900116,0.4454990170412347,0.02420652022419226,0.9473220479901647,0.3826662123406933,0.7067215890870195,0.7874321545557265,0.7174517333287725,0.9237659349849144,0.8293745411261901,0.2608079231739818
louisiana,-1,483,0.4172709359707204,0.2774262007913289,0.687087555961335,0.9243128228362727,0.593536136783252,0.8158603525995658,0.7296201714803696,0.03992747750972689,0.9652185099104381,0.16659134459959316,0.0002672637729666668,0.48017701155736175
louisiana,-1,484,0.9154733737450376,0.6913438387811474,0.7006524593964129,0.48654031079284604,0.5283915153731524,0.6963120930052858,0.8047562172202285,0.5157003511305756,0.10961813823060766,0.2575460718329707,0.22090996903379492,0.4420451852299484
louisiana,-1,485,0.447284767927202,0.8281946797517392,0.7507220134862107,0.6695476601071808,0.08226690122490717,0.7222895826938964,0.6508053825353002,0.40582688304276354,0.714410414547901,0.355280006273643,0.5967378314514451,0.44126519213924115
louisiana,-1,486,0.8362699491285288,0.10793223416236422,0.07905709468265983,0.35478042705608165,0.23572501918008124,0.7421752801621994,0.825502604671133,0.36304541081769665,0.1437444044577873,0.3914263777256578,0.3717031768389812,0.9016515588464579
louisiana,-1,487,0.17686355426390374,0.7017549643593551,0.7938596401462282,0.8276735471256708,0.8766140071446205,0.621775092091802,0.8887183847061788,0.47667890476751185,0.5918135925163678,0.9626478769918302,0.8203917438928664,0.11868387753147362
louisiana,-1,488,0.38307330470409956,0.10958299036904356,0.197405239989393,0.18075213644644295,0.8523759223945723,0.8098861840717052,0.691631162264934,0.7279394354254097,0.002794792228831709,0.35762500814756826,0.8328834170393977,0.19190017282056102
louisiana,-1,489,0.256503094365869,0.24470088765081147,0.9867496738525887,0.22007308186424923,0.17970837755297367,0.01438808119564949,0.26559062331457034,0.7769119173077703,0.5006991010278562,0.35650033817108084,0.42488590169631035,0.5217618273670568
louisiana,-1,490,0.44389067600112325,0.6018442555822415,0.24200947606266004,0.20310980275673524,0.8078317846589187,0.876429173010188,0.41841122627673594,0.41576236417945206,0.17910054272971526,0.7126943280834593,0.3133138207624684,0.9708257424531325
louisiana,-1,491,0.3959135927765169,0.8863324229699244,0.39401948997841585,0.8526644910371725,0.5050571039522107,0.2651800375584543,0.9314299390929589,0.09558333479229135,0.828556349594355,0.06317484222513536,0.5060524485780854,0.9358227901508361
louisiana,-1,492,0.2855728238232291,0.23665874347035498,0.5563709506193173,0.2651929956760877,0.37684468136024446,0.011409360090463084,0.08491943333613856,0.6293963491553762,0.8883820298195322,0.9741268578785865,0.9133086747028143,0.5593233390556155
louisiana,-1,493,0.9447172564689249,0.09632543647518109,0.9616479900446524,0.8214548195171718,0.8531837657116254,0.709542455278467,0.7761632732043077,0.4796229461077312,0.6641662782726035,0.26211773933366506,0.8112023346628543,0.4063923185006526
louisiana,-1,494,0.7598556911456449,0.04824313790756041,0.2933021297766218,0.37340173243341707,0.9421087953655551,0.5511799434257282,0.7733675436252887,0.2831023963358865,0.40081072407490176,0.12189745102637128,0.84513909828423,0.649963066875277
louisiana,-1,495,0.7087469019067859,0.6433513076550792,0.9979158309155036,0.143331526633241,0.5702229010826582,0.8073763458887442,0.3144851075995052,0.7880552766989855,0.15548308986554396,0.023934011326038496,0.4993771646201676,0.8828058593134246
louisiana,-1,496,0.39112394384858035,0.12408237828372469,0.6207708750416906,0.5975455171749285,0.18258237730531385,0.21429687794113356,0.09748881005804325,0.5844667427097038,0.22142976997955024,0.03336586621985564,0.02390795231073681,0.24960954950155073
louisiana,-1,497,0.4364945269656805,0.3650531240369382,0.16297053452268923,0.8879112404286404,0.13658142002713908,0.6528742440893541,0.32013455344937425,0.4971532967176053,0.02393618872282725,0.7278226150137659,0.16868297222512915,0.1288180636018121
louisiana,-1,498,0.9820656877215881,0.8060353683001056,0.7426791003907178,0.5993348062236438,0.34573410337955535,0.39666219662799657,0.3782375145997084,0.23707907821877056,0.16423106236195947,0.5510492987186375,0.3001299239929395,0.6715546583500533
louisiana,-1,499,0.9097718275683214,0.4846337571396927,0.8475642195814359,0.8379483428930141,0.03224309493477386,0.30517019272091905,0.6568597708571791,0.3731625893481722,0.4756174023912398,0.8011855599827252,0.5565616898013136,0.13594476410114753
louisiana,-1,500,0.2618232947654888,0.5327945076706223,0.20562942923791294,0.7362491822107503,0.5635624188075397,0.0758253329263339,0.708192011112532,0.5261491101518183,0.7357174206251773,0.734212943258116,0.12825480196819306,0.7370678935277937
louisiana,-1,501,0.12907511937225088,0.938613248959663,0.6960185652841026,0.28061726781674196,0.10741251834329886,0.2884362804935128,0.5836032921889335,0.371153774181462,0.6556607610963376,0.03433774389695821,0.8006212985791866,0.8258967849282755
louisiana,-1,502,0.6693293460721921,0.5767411574407975,0.27837018219036347,0.6309071637205359,0.9302881081181124,0.3491543798819736,0.005302602976385119,0.40986283422126174,0.46072848870745725,0.5679521801813677,0.06985906703772483,0.418488792979177
louisiana,-1,503,0.893200906424578,0.4790416391563829,0.8747477260514706,0.3987400511828107,0.49698778265409127,0.30340990727913614,0.35006595519300204,0.9447836611400371,0.6462608815579867,0.40200796535351735,0.16169515113818644,0.42766066799185476
louisiana,-1,504,0.12311755595722257,0.11282247245111526,0.8111993425698827,0.27185344088061886,0.63370454496443,0.005101748099665836,0.1433902262463103,0.12423712814819626,0.289795330980208,0.8373099528552227,0.3882438108319381,0.8021227207581411
louisiana,-1,505,0.5910326669006254,0.966777414671516,0.9948466516272516,0.15040838236141024,0.8579404055839687,0.9464578248776894,0.6462844722049965,0.4897659305550523,0.6661047800667071,0.06658498323700306,0.27606492590490556,0.2879898784229442
louisiana,-1,506,0.42886708982611543,0.1447917777956286,0.8592539604855832,0.0744744982059032,0.6370028010959599,0.15100812847825298,0.30526632923751273,0.8971642987143296,0.5487323645290844,0.6503768093799406,0.2793797046078038,0.7226997056020594
louisiana,-1,507,0.5500106375783458,0.2269007492796858,0.3801047492600678,0.9303779184265965,0.6906369618219048,0.2834776743024359,0.2623424919810097,0.9556556809916575,0.8592057503816394,0.3474896669794312,0.2918073711697179,0.5377785843590887
louisiana,-1,508,0.2397063421339678,0.6407076866002213,0.23223739650730815,0.13790117470913782,0.850708844713653,0.8529531180901249,0.699325319243358,0.49668363869748827,0.4636651062865361,0.7086995509265599,0.6808741156886658,0.9090514390458965
louisiana,-1,509,0.9908550049562892,0.8425942254539691,0.7776130601642919,0.2047320834627624,0.9717245285992553,0.7500751612388041,0.14288828160605946,0.5752405078312216,0.0981951268914114,0.6841930308113492,0.9531837351039136,0.0751450399047503
louisiana,-1,510,0.36355708406941006,0.6289249933636778,0.23423361403994217,0.5596452291645515,0.6634346166362294,0.36505380934962867,0.4129148175132172,0.823229353863292,0.3976435787077216,0.23380433547869656,0.5071505656858031,0.09745256537575885
louisiana,-1,511,0.7554513699114502,0.4857251935082312,0.8632544024649512,0.8469977570813737,0.04301374109211076,0.8262004809916391,0.5083291806382668,0.29559206101433383,0.8660666994065145,0.43492138986071366,0.2696453377715935,0.3458765434672544
louisiana,-1,512,0.9438327556456564,0.4809615778349491,0.9675054886623183,0.12856933427547204,0.050805571717334824,0.4752401545187584,0.13033391597387484,0.8289801309049393,0.4380556274325239,0.5710020671360713,0.3343398959285964,0.6362679696164415
louisiana,-1,513,0.9692699626685789,0.7791629462956164,0.8056498403413708,0.4789410817714355,0.2424675221590255,0.9227211744773665,0.9363274531331252,0.25570440463907756,0.9501105239506092,0.8292272969064147,0.2595835507211421,0.7887159026870076
louisiana,-1,514,0.020867364076178126,0.6526275180549289,0.678489803758213,0.5230303478428164,0.6492935652901447,0.13847238938158024,0.7480380741727285,0.023017989359624673,0.8800936798001002,0.143599734142868,0.10186871480311772,0.3422551407338837
louisiana,-1,515,0.8812144634665839,0.7829213934303085,0.0193190758837756,0.5862493647939856,0.42893795555393766,0.6019427781166037,0.12369998782885122,0.41350202775017547,0.04524257778493607,0.7475486522302579,0.5326951457778853,0.35852477701203533
louisiana,-1,516,0.5217234978818945,0.9483814341727923,0.23989100913507733,0.8401891888804037,0.7042920096693116,0.040995968625802195,0.30679769151837,0.7260070225676472,0.3690855671000009,0.058830776087095527,0.7285430734244922,0.768821499699243
louisiana,-1,517,0.7054413953443408,0.8452654354773392,0.46350826793635946,0.2562460832009745,0.07571533942613894,0.08195111262320674,0.27465958857248013,0.05592567505351807,0.8401262482276853,0.8568264160851198,0.05123373837474148,0.23973930611829058
louisiana,-1,518,0.15642235910844385,0.6238125547990305,0.9294713919246979,0.4552895028305595,0.33011955115166075,0.1990685602930689,0.9850366249835562,0.7987318227328208,0.8160545507597479,0.7893909173693695,0.049175561882717406,0.6748368944204484
louisiana,-1,519,0.9866791204823269,0.421961391387673,0.8242152744359688,0.6554390097480258,0.045752448745744204,0.926014584981009,0.7433033459286021,0.6772936694896149,0.11495338025357048,0.687462637085628,0.9923375045557479,0.45438814848227965
louisiana,-1,520,0.6760442309110406,0.981745706495863,0.8957281742073728,0.28438922689404605,0.7190549948449585,0.5030427873534741,0.8380671435431787,0.4230797565881977,0.9237824933116804,0.2888813277019576,0.7011022549303717,0.8418009964623658
louisiana,-1,521,0.8907483302330146,0.6385233444465792,0.6315330595995586,0.16681341393232674,0.1726063481450301,0.024252671830087693,0.8206285979529198,0.37666916696027725,0.29289363708674,0.22756256858225657,0.7279600316418159,0.644329128812258
louisiana,-1,522,0.05043992465380217,0.19375976615738352,0.5636841762034884,0.5057110559344351,0.5924492737101728,0.6597533692159268,0.017285560094299473,0.307402239368096,0.2064969354686572,0.6515721882643924,0.33820389705937925,0.10522091647912074
louisiana,-1,523,0.4199094893687175,0.9730383534581322,0.3542780036008733,0.15632155584135066,0.8601874178050246,0.4041227608220903,0.1925695517154167,0.3277080712880789,0.2105593747892883,0.7810671752888753,0.18629024403752503,0.8204535498155351
louisiana,-1,524,0.39053403756196153,0.018774457656605185,0.04311386200009893,0.9868356525816356,0.7387801821272171,0.75332611043147,0.5509214696653039,0.9024535959137939,0.6244694855611209,0.12729964005304,0.5656418490589437,0.2646781513398693
louisiana,-1,525,0.23188102970209554,0.8798006512557077,0.9597247415588138,0.4832798575866635,0.9057869410319103,0.8201372227542788,0.7281945874834166,0.5956596089175781,0.4525038316146193,0.10517136754521196,0.6078747167950865,0.3844002523803417
louisiana,-1,526,0.35197988683113446,0.08562706769702426,0.9235929815152396,0.6486045066789663,0.8939831540413298,0.2957143486938416,0.6398580015551871,0.17973327481854173,0.22516964976435278,0.36584963261391584,0.194107681552132,0.97200379684482
louisiana,-1,527,0.673478982143694,0.465793407132618,0.22560017469821086,0.6935478094115383,0.2440457366065625,0.13981150604501252,0.8900901011047332,0.7251704594110917,0.32707860076617634,0.5949112213746318,0.9382646209848378,0.24177862116546017
louisiana,-1,528,0.045774111969960896,0.3581053578117287,0.4968837813456342,0.16361957213439374,0.2673734660252601,0.4807187528842762,0.4035705945977374,0.7029471307363895,0.544254308927993,0.9819944267875134,0.3408042536042877,0.021006633185009758
louisiana,-1,529,0.7175297728299281,0.648681579494216,0.7909288342296129,0.3506161265869726,0.20163805046682282,0.8464154585074455,0.44039631035775884,0.7616138362949457,0.5512002344751131,0.4275331794816925,0.7473349398159982,0.6861645288638505
louisiana,-1,530,0.018366202104419253,0.3737560518294572,0.9629576607768072,0.3919566862643178,0.09662424361444152,0.8701026085450276,0.14160987636824604,0.33203371000282944,0.0017814813964557696,0.33288492204367187,0.1666535799593456,0.2555224158953109
louisiana,-1,531,0.7927696992199487,0.9306730741207687,0.20854168314550078,0.48818418362895477,0.8667713445131602,0.5838507643282737,0.3934858955896098,0.0186766294343424,0.8713355219013095,0.21798791462421918,0.16326366176241006,0.4179781492200763
louisiana,-1,532,0.8282828194227229,0.17951254538527475,0.2407057760556654,0.7038803684778839,0.844024313913408,0.27223809077043953,0.5623104863996131,0.8422691501537704,0.9558423349697279,0.7173762301484148,0.615441943381734,0.5245129766715013
louisiana,-1,533,0.9665565160080792,0.3743725988745336,0.3074949930600283,0.6172076199043428,0.4476440006123596,0.8220327197164565,0.611934580815975,0.8770724102961021,0.18336575402114072,0.067254148011333,0.5877941260596828,0.8482467082426215
louisiana,-1,534,0.3984424513585231,0.7818851643157545,0.42794240305918085,0.37176419845740505,0.38591667667578594,0.472089309448344,0.4962700400264642,0.6835028842933305,0.9974218565614409,0.48073571206137167,0.010613396341139565,0.5220530181828742
louisiana,-1,535,0.8876774826221364,0.7496497106875586,0.2853615772415993,0.8307723572253897,0.3592391826022063,0.4054427150645203,0.1575365339703734,0.533683556170656,0.9858843010164674,0.12237620846324175,0.9096384257841301,0.8734750039973526
louisiana,-1,536,0.6879103868724075,0.343645466822512,0.30529337219364244,0.7373526162036387,0.07340574393092349,0.7158999357659785,0.7572962434753617,0.9008453667059548,0.052787600986153815,0.4232140614943189,0.030334455296380847,0.31904700513758294
louisiana,-1,537,0.06886385446919739,0.9631881027342062,0.27580113585614263,0.3840467500356311,0.409644700400424,0.6853737472249691,0.7248956746604781,0.058441129473640524,0.3456319816370484,0.3619952802550643,0.6810282920859669,0.6842049785844259
louisiana,-1,538,0.8200790247052162,0.24821368095876653,0.9779920370319249,0.11452895006382392,0.8821566669457971,0.43814528331206165,0.5575303751228207,0.4958419821198452,0.6423870353769978,0.9916898912804413,0.420546418885152,0.9417232568383226
louisiana,-1,539,0.6361561178246344,0.6783515720802874,0.7960249000032771,0.11203143021556064,0.2832302269294655,0.7374642591678994,0.7416468988385386,0.9873812453889899,0.48276626589033306,0.047030068669170366,0.24801321998255174,0.36416914662632444
louisiana,-1,540,0.800318156006269,0.43955182899010703,0.7638297030932012,0.26891255177545426,0.4812629286346594,0.6223810832057999,0.7057128451715515,0.3151956117477286,0.16330132834625105,0.7679151497053762,0.4122896971030627,0.3016892396683286
louisiana,-1,541,0.2235242991072094,0.3941041296293073,0.028361071837444168,0.5342446854847966,0.06979614464510202,0.12333528706550254,0.6655879637053641,0.8652488756707519,0.6528879420653032,0.3197694315522955,0.09315369061951394,0.6516894340897059
louisiana,-1,542,0.2962787130817542,0.5027757092064783,0.6760322987892439,0.9598309391091565,0.924108003206554,0.37962733642767427,0.48319432256691,0.5192048606345865,0.5140718769186288,0.6626482726591196,0.3228256643506572,0.18551320511538513
louisiana,-1,543,0.24012214126827,0.7227806311359776,0.5011116641944475,0.45703162940624975,0.9251427355576594,0.7025361013349669,0.8769598086763595,0.8518977451360326,0.6809485872240778,0.43110484033741603,0.3899329417565852,0.08287395966513543
louisiana,-1,544,0.08304160406392035,0.05622528041098277,0.41747904361016386,0.7130977639018297,0.9565380853410735,0.7250658042182995,0.8588722630428902,0.7287327337680636,0.05637625751907646,0.7199547621694246,0.9074728018244015,0.01733891157506359
louisiana,-1,545,0.23404134278372593,0.6772383105963037,0.18223973195851348,0.6139914606928677,0.9657605307915312,0.8867085948127053,0.5465770827908414,0.36910459441000004,0.26015847949444176,0.8517372228062533,0.36749146615377876,0.6140778912332919
louisiana,-1,546,0.6003890317742474,0.9995313664216243,0.629342189223773,0.601334396425653,0.5715151899592208,0.30199973251792134,0.5000121160944629,0.6243839557303488,0.3109240240513184,0.10359341768046243,0.8624555851828161,0.17283444151258442
louisiana,-1,547,0.4835730482551942,0.5354218221203969,0.6593573455711839,0.6333211752142237,0.8275093206357476,0.45744396819920746,0.07416409685702002,0.4031634824145019,0.5356261572917776,0.2748154415166617,0.3698674235867289,0.8275755325056903
louisiana,-1,548,0.5827766351884954,0.5918169843488711,0.7978188926964892,0.6845352775863927,0.18301892716114807,0.5875370178429677,0.5143674137914345,0.7682311359242984,0.19194841610513846,0.28903731509791625,0.6192503638372374,0.5828650434072032
louisiana,-1,549,0.8919872292917278,0.9224124012594861,0.23323916717401955,0.2012760082281048,0.5153206913641619,0.6313470717141336,0.7959057655853319,0.420329678101222,0.1688550457103009,0.5869536851597864,0.44452858150496316,0.6814162770379868
louisiana,-1,550,0.3193026939010143,0.6796149458056117,0.9006227208255488,0.18949876873993607,0.8806049831209202,0.2510887913744246,0.8428094050857551,0.4704860818351949,0.03204279700847992,0.16545419195550207,0.9687899809279461,0.13863798709763814
louisiana,-1,551,0.8713503636651224,0.7291549094497232,0.05102849536502196,0.04811276311901727,0.21652048244150787,0.31609540694474764,0.8704698524456739,0.6028398384301418,0.4301079755293998,0.7416120382025463,0.8603468367169319,0.41224035994258207
louisiana,-1,552,0.24873203148125062,0.44284478242911285,0.761883995920849,0.27247177774684356,0.707673009608728,0.4649475073284617,0.2460357322480206,0.6162614961342714,0.509350402797541,0.4450149649151643,0.2927087301546267,0.2809275310936794
louisiana,-1,553,0.6567145159394102,0.28231909802413424,0.6983882560857849,0.22529717776935454,0.59949820833337,0.0013976822443680413,0.5964106901766305,0.204738379831573,0.4562018151024195,0.9319493563913323,0.6206842059470101,0.29021125088739325
louisiana,-1,554,0.0657629956408585,0.5714090213690077,0.6916530839855425,0.4498553341321791,0.7773456537317326,0.9851641790419866,0.372916251201287,0.43507050207986636,0.7026428460461184,0.31332551122797975,0.7351680108098244,0.3168533596727598
louisiana,-1,555,0.37682818883802377,0.39777867815007806,0.14007123497506518,0.7007041682517886,0.9964364452078183,0.9501672955834132,0.252581213993956,0.4361961510328916,0.8780149088858482,0.20803275863461404,0.2806574058792845,0.690205650659713
louisiana,-1,556,0.10564665862259717,0.725313678435343,0.2721904442672485,0.14248800516890625,0.08306053406207477,0.9014116206760061,0.9967399526901461,0.5865438798065038,0.7801349005161582,0.42475361427029207,0.8788119909342184,0.575489176632941
louisiana,-1,557,0.9798783789225228,0.055588298246789174,0.9987270714224747,0.5926489983789356,0.22362382786839727,0.7345967231612957,0.7512952293249505,0.9399341069923296,0.7704777191335617,0.49596353662017795,0.9720304796977982,0.6057060913028981
louisiana,-1,558,0.6930171828061714,0.10578930957916417,0.7856847512527149,0.46134032708966743,0.7232262249669777,0.915053093998187,0.6422288075535195,0.930241248766937,0.5958683456277263,0.6522185592614251,0.29808283682507325,0.6621554450641172
louisiana,-1,559,0.009397989996076156,0.29807407027622174,0.568627072881068,0.9504833765195904,0.639283682710772,0.5428113629432898,0.25596250001889903,0.16352128452077785,0.3180708498100562,0.8430387647395343,0.5317284757831737,0.09362696849935039
louisiana,-1,560,0.13450292806009578,0.9686487497462735,0.8251634920816998,0.5483414780885207,0.7437946411944448,0.02172738880885393,0.8132237208219789,0.10050317920634987,0.04132607386473525,0.19370752656323603,0.9214146794216042,0.13095393258269925
louisiana,-1,561,0.19783172735907187,0.9941692252292146,0.016907285769666096,0.955352613263733,0.44958932282031244,0.19245876502865636,0.5386978524878021,0.9701168330916213,0.7986880645531462,0.3296018682405022,0.3786725457388529,0.7219016619784535
louisiana,-1,562,0.3826479854197861,0.14700753583625928,0.7415417905644756,0.9635264036061684,0.5837038925541009,0.7274086610751728,0.37355683618586516,0.9526255705287695,0.7105821842085145,0.7062020714063996,0.02065304506928508,0.3887807991072843
louisiana,-1,563,0.8144613228087552,0.03947086420101412,0.4243408967836831,0.039391276026607115,0.6834227335835754,0.9753911445996968,0.5959936205529021,0.8806594824981268,0.246730712279152,0.9569979124610303,0.6884408394625092,0.2009698580863939
louisiana,-1,564,0.4750214235989795,0.5474560474696206,0.6167587691273027,0.7967265620948555,0.4278663606618218,0.4376957073766196,0.6981720357184888,0.5521889195815606,0.18554176761773938,0.1348433571703793,0.6628750434161926,0.4506477501648856
louisiana,-1,565,0.8290680137428134,0.7722973215473145,0.7825043231375673,0.05627692151402453,0.18716178000433503,0.004243767037099492,0.5616761466299697,0.18460186920735644,0.41875639077571924,0.9188678844120728,0.2652066928943552,0.5071570353398555
louisiana,-1,566,0.192928659938811,0.799853204068173,0.988968835506947,0.443915385242518,0.5110565683013534,0.05905946684485532,0.408695231168526,0.6492628301708757,0.4317705876193109,0.5801547838483002,0.2128662040576234,0.3334681492709608
louisiana,-1,567,0.22496029103884965,0.27844423014094705,0.40938177961671557,0.6701436748700266,0.4006273217790918,0.770577795109998,0.55185055461713,0.581350331272083,0.42197245940161904,0.8459619025429541,0.15701331509875877,0.2108003730054045
louisiana,-1,568,0.7146453500732055,0.5741370165410746,0.9449788314476466,0.013166484218054105,0.9450872656156231,0.5417709069799613,0.720560928815421,0.7214008916818764,0.6773642794638886,0.27167220116852403,0.6836690151167945,0.9614138291196072
louisiana,-1,569,0.9585596901622098,0.770320351931257,0.9740881589760108,0.9947257900067231,0.1339484741785036,0.5646269626309316,0.0378239792042708,0.299361134566616,0.4669786692145622,0.24528278893700844,0.1597760186891074,0.9533071704543951
louisiana,-1,570,0.9422505002190512,0.4359988840796025,0.15745890812195235,0.2598747709667531,0.5273077158133784,0.10817474415840754,0.9053822052589254,0.5653438245898779,0.35911457504527233,0.4065773703028195,0.7243823794921876,0.9778535692066679
louisiana,-1,571,0.5208888212379477,0.04403574119054071,0.9125342353355604,0.09902476329618427,0.6454612678002405,0.54486312166108,0.13288176245850614,0.9101382766159976,0.5373058487840219,0.1992773384191653,0.7022574224967416,0.4988956517666049
louisiana,-1,572,0.309884353400156,0.362458349654731,0.2356024354763346,0.3861859572003348,0.31429716422488163,0.35846580925479204,0.1794600567532779,0.26627974205034854,0.08062270694350625,0.7327871018347587,0.056067442497833846,0.41596098434797996
louisiana,-1,573,0.13542705489564263,0.77461615455871,0.08468768070432918,0.3265002774211827,0.049669260804397423,0.06319294087679692,0.5738606586073934,0.2541205103412301,0.20135657650599031,0.617117627631132,0.6230077095141995,0.2834504114549849
louisiana,-1,574,0.9855655260904451,0.6706375067690267,0.6353902856191144,0.941441660907015,0.8918841444372922,0.08947095367630924,0.1905436635669945,0.7839267219017556,0.9802504990603543,0.3978290500844275,0.44701395862024346,0.305435369628575
louisiana,-1,575,0.2885172301270947,0.662923506014956,0.954532689489642,0.8227763051588154,0.7391964008623152,0.9446135291245403,0.9308103911285306,0.6977036048471836,0.4229071558596287,0.5779436643815047,0.6416327551839849,0.010609293214168416
louisiana,-1,576,0.743179477588852,0.33344764805390303,0.8545934959571485,0.01901408257111089,0.3349221942577709,0.6388920693943143,0.45190497289087317,0.8377755131554265,0.9261540127237744,0.9844739803923667,0.5250411755146694,0.6852477396976804
louisiana,-1,577,0.11251823951730343,0.9087191631715332,0.8266405293660035,0.5605295590237097,0.433289336587334,0.7593812319941854,0.7600143203748388,0.5318627182736302,0.006525568671283205,0.9733417843915453,0.7804722552519942,0.2691972937242469
louisiana,-1,578,0.1610316771593665,0.15143521274957047,0.8298109378681275,0.554933227456326,0.15785453494965393,0.2354975921791689,0.30318924172708617,0.28008264274287226,0.07073396721900874,0.2876056487141179,0.20010112874679448,0.6883664071706439
louisiana,-1,579,0.840796050801965,0.7562382542983977,0.4395234114216774,0.9608357734420566,0.6387863096323833,0.31402921890380453,0.02716716714270647,0.006808581334853936,0.27489262618524324,0.9029363834207044,0.4257678573783454,0.4821577816573286
louisiana,-1,580,0.18666664460673124,0.598849238548536,0.8983139253370214,0.9526135183520055,0.09562728087796585,0.8065928547295773,0.9491672420597876,0.8019738769236029,0.492182282824102,0.3058020945325845,0.14018707053027477,0.908258736056678
louisiana,-1,581,0.1823246551372285,0.13594963731689455,0.7690291100159737,0.49570730959800735,0.12158835544423743,0.5494078778038995,0.6777902276020621,0.7823747213877374,0.3633683746319539,0.8722888949607381,0.1821110024259346,0.11637998692394187
louisiana,-1,582,0.02477904829955131,0.6974476466783763,0.807507298860672,0.3036227668924433,0.6099260536597063,0.9707149759594313,0.9701420606990122,0.5006190547124113,0.47842571726630384,0.699655719912314,0.025426376228085714,0.37039426248442
louisiana,-1,583,0.9003819431618733,0.6196818401659776,0.901850120647569,0.0894391021334074,0.8198544990252111,0.5437744839253094,0.7328386054195244,0.9642973990895034,0.30525516310632994,0.16351602931150475,0.9797873024925006,0.9938355815457863
louisiana,-1,584,0.9937830608938389,0.21599378307686948,0.6731348897057446,0.0768306730606514,0.5607795452184126,0.7714296890516014,0.6960222126150345,0.8060331507092177,0.8629780558990325,0.9207049119856585,0.6977733887698306,0.4053192415279712
louisiana,-1,585,0.44652642690720756,0.7719626195775768,0.6463499844097176,0.09416379797172944,0.7441245151627708,0.4929485768341559,0.5810360114179061,0.35866415435836635,0.3929385149496333,0.5420600913212874,0.04653718483545638,0.12456730407932719
louisiana,-1,586,0.4704042100911518,0.6312319229017359,0.6512852773944954,0.1689697391446492,0.8382965348321465,0.6273057267776498,0.7725009376092687,0.09981392908766179,0.32077506846784926,0.7591266174530668,0.9276087100568792,0.004262554606194049
louisiana,-1,587,0.41651835199591386,0.9201822471925295,0.4873033942224172,0.10822070122543093,0.2412482346323702,0.9345984221368154,0.2517454958448536,0.9191237875363686,0.062222264657398066,0.26773043571428273,0.7566388645740418,0.28268112013680063
louisiana,-1,588,0.1630364761341481,0.3152677783200718,0.5838319992900983,0.5248199614411042,0.18619364649960815,0.30402282856177776,0.9615671699111132,0.7752471578602997,0.04385507314100078,0.599174376771657,0.8054343614586605,0.6331407852876697
louisiana,-1,589,0.6323152224506167,0.2600802700222892,0.5527846035064755,0.23052105836326028,0.4483850685968443,0.8343135927555564,0.34634191338343984,0.18797764290935087,0.2560928578704983,0.7131404361082263,0.43818703046326535,0.3792889683353624
louisiana,-1,590,0.062373253320838436,0.7967455621577562,0.17713747223590698,0.5962967784703045,0.44342412781413415,0.3681719091960932,0.038615637461209655,0.2064508843702394,0.8258233732759123,0.43759769774128887,0.5907960877910275,0.8156674752331388
louisiana,-1,591,0.6166804098913305,0.29304061349111993,0.07750761603880425,0.8729661457879343,0.09007062929587346,0.8569580277591629,0.28459612226394687,0.7863679409416017,0.5037276795149318,0.7017715071068853,0.5983207741283394,0.5884834212159092
louisiana,-1,592,0.25735286266631574,0.8211713416909995,0.6249203806376654,0.3415244528941336,0.9686414084057028,0.3264373090138847,0.2822311949295487,0.010802964311246369,0.4169702756503671,0.878508484072194,0.1626658930675843,0.49199887060335007
louisiana,-1,593,0.6856082355214423,0.9983116666785755,0.015414259267241298,0.9585273192200368,0.6770428322091849,0.051198169713059107,0.4536843843798956,0.9113574482041218,0.11347199883532069,0.4112009578978257,0.603019776423976,0.6438703234762271
louisiana,-1,594,0.324744093180365,0.19201817973402213,0.36705617660552886,0.30925315045442875,0.3918419705857035,0.32776619864280565,0.6478121944370251,0.5303428599153049,0.9059451455786605,0.9363575465130228,0.7165547514972194,0.5966773741926917
louisiana,-1,595,0.45288258780794133,0.6820390545568784,0.31700176123690593,0.5845632677553201,0.519436897749233,0.6029613609580984,0.9465818361928304,0.5465843175424079,0.5236491867307155,0.7043675608350064,0.7525621470932295,0.08576639054881005
louisiana,-1,596,0.5686264819284026,0.4277178571231802,0.6719100880063494,0.04067629376681972,0.07796039878241162,0.8271211622456569,0.24738901353288287,0.5409029646160934,0.014552506042976929,0.4919726470704918,0.9505940451309793,0.12008127126062906
louisiana,-1,597,0.14128935747876722,0.6244274541972605,0.9378830862691236,0.3076504760169944,0.12204831412693426,0.04358153371527533,0.8101464153082032,0.6260870235847699,0.3317313202544942,0.6775316822279085,0.9761089075811822,0.619831737943709
louisiana,-1,598,0.3965762429199752,0.40422674732408376,0.18168726583637762,0.25434469037392526,0.5961842232254622,0.9974203077143294,0.20309679859649724,0.8350949559857053,0.8514724837677647,0.2166283285816389,0.06710893222572573,0.16545767629580332
louisiana,-1,599,0.24527478402475097,0.127954688001948,0.3382349181646996,0.006623717549693622,0.9153679121037822,0.6700778907961984,0.16130566168211954,0.6279092218935913,0.24846482479698614,0.09283664355321358,0.9168344148062021,0.2151253561160895
louisiana,-1,600,0.4868168848068727,0.7363458347389478,0.23637871949374173,0.15424961755261776,0.05706194922853699,0.7926903274056858,0.9070146574911206,0.7207777170959088,0.787631494420545,0.557772781661955,0.5617309673703668,0.5548319069861863
louisiana,-1,601,0.053105725977073935,0.35555282310459674,0.9134660021859821,0.6282888439604257,0.5066233178281814,0.6957235545607383,0.6435402689133759,0.6194542864025215,0.8894373401471374,0.0314994534595909,0.20603778233441114,0.943260714599796
louisiana,-1,602,0.08183464553248511,0.6447954251967766,0.6644291414158134,0.41722073449157854,0.9602012246310969,0.03421423710223488,0.5317458586561837,0.3678064246957798,0.23147842275769223,0.7456164099995821,0.769705061800052,0.6984126341725045
louisiana,-1,603,0.01914798837534996,0.3991762222348922,0.7225655009088553,0.3008502462304746,0.2564099080373762,0.5780272273726561,0.27851912258061534,0.3992079893552243,0.37262832515429095,0.5584365018684692,0.2754675378878285,0.2750139241273482
louisiana,-1,604,0.3435678293797466,0.1747232482537255,0.3710516740254021,0.8178033076690105,0.7865329119971299,0.41002706181139986,0.2587998605635819,0.7582189409474591,0.7503348759457827,0.24112435367455604,0.08270277465491285,0.9819369582481298
louisiana,-1,605,0.6252116610150498,0.8845662257518487,0.24920311376871657,0.9654916313794492,0.7856147869508915,0.039580546523036914,0.49987362802249324,0.6509242291422431,0.7295278312858887,0.3075719798419711,0.7766067943921788,0.8098100154882338
louisiana,-1,606,0.27588922978736635,0.9412066691405028,0.4737453308795176,0.5222263860621769,0.9632566831933601,0.7981136139727767,0.18677638559275542,0.161693335537123,0.7903226671353379,0.815145140678972,0.9356149793243711,0.7190683324244825
louisiana,-1,607,0.4044538011328897,0.5300818287126848,0.13771397428220858,0.17385605060887097,0.28097502728500573,0.35428221497545187,0.5163484648346669,0.029004141260959924,0.6106612645397653,0.6701344180646474,0.5863653657600728,0.2584476750430246
louisiana,-1,608,0.5184668674462236,0.060340681679287925,0.7764901260185634,0.8482252863223976,0.5659878306212778,0.9994669729497677,0.7351318920286662,0.25381070828334135,0.6875734085260395,0.18742250652142922,0.08824536316978236,0.8180825217054822
louisiana,-1,609,0.7508040169529144,0.8040829085798199,0.8554504785330911,0.9031574108594671,0.5564803171223139,0.2457848415963624,0.8025752157320352,0.13312421993640444,0.017538696314022884,0.08086985910988793,0.7841559351237871,0.15319749422448106
louisiana,-1,610,0.5639348957046714,0.21297018018629227,0.11885464664636851,0.4829140586164286,0.3818485723819049,0.7303151720527021,0.11376714149713274,0.9532907309089149,0.8173474120883255,0.5162872544764948,0.009273889387006655,0.8771545169334659
louisiana,-1,611,0.9481262939274636,0.06277481561564778,0.34704290143510963,0.7573452780823071,0.33663836697101185,0.0791110417351194,0.3455943557383413,0.04874734233156086,0.31628895683271113,0.3223473688506753,0.4804060728000618,0.5619813486967594
louisiana,-1,612,0.8117112966097324,0.3983566777830753,0.922939422729948,0.10007332470113246,0.6054457046852432,0.28214477910108965,0.8110510579775793,0.11779056920805413,0.28723160283816795,0.8002970755307943,0.6363662034575417,0.490312327651162
louisiana,-1,613,0.0649082900883795,0.5949870206167389,0.7594442785390496,0.8658912337129502,0.04677177920628332,0.8671688519673431,0.2497631148457805,0.21498319551964118,0.7456768729086244,0.011790908031491779,0.15069888175923818,0.308057155077736
louisiana,-1,614,0.8396250702626774,0.793865122554536,0.7874173517391156,0.34990319043935075,0.773496802230272,0.6566121649695607,0.8554713482047119,0.9844290472105559,0.2900829295298091,0.1170677098440859,0.4845276745977212,0.8079140486566422
louisiana,-1,615,0.8186835875868959,0.6853557978001462,0.03790428553671081,0.4669328076333701,0.6507029969532055,0.3332051171391,0.23873427231112107,0.10232016366902509,0.9330997007810556,0.03514331405391697,0.44835083939611065,0.2274701226447486
louisiana,-1,616,0.128429888416129,0.8820892103977616,0.46478472785901126,0.900970040855736,0.09920353859653636,0.7687090904930058,0.9789063873180412,0.38909631849172743,0.6814032949283025,0.5479440469275881,0.0116706598665734,0.6469245839251361
louisiana,-1,617,0.742149519440908,0.24663062997591062,0.4844676374965773,0.372967137453639,0.3821551420521792,0.8295371972585506,0.5435069695589312,0.6458690466717554,0.8613957412810931,0.08202703029267328,0.23448015399164782,0.9719217984868557
louisiana,-1,618,0.2525715522268038,0.36001104797626093,0.6064021437453877,0.432962521230678,0.765227247471182,0.8034769942419342,0.08621466768279838,0.01776218207905251,0.4056900816188577,0.9191431464311469,0.989252111012103,0.7252301075588419
louisiana,-1,619,0.6609603571683389,0.4479129624696591,0.8516416531188066,0.6227148638823055,0.1311273111939605,0.3733325358991313,0.31649110215318205,0.9827102018170405,0.414062963159651,0.176975356460722,0.38266491917163337,0.85599784449386
louisiana,-1,620,0.8547541080654874,0.5788605140181824,0.8897382294760846,0.7483045850683498,0.06083665860817486,0.25511732843318546,0.29770713816480543,0.7409840648648794,0.5895266059813163,0.48521041174731067,0.0771083086585152,0.5703660664674457
louisiana,-1,621,0.7411960948641683,0.006565109106640125,0.9022359922397889,0.09092801895548946,0.04445303187750551,0.3253240885275297,0.8526384914780009,0.02841812650167093,0.253588883812439,0.9352008189362867,0.15317908646224787,0.16017137242447987
louisiana,-1,622,0.9566301948659864,0.34965192076639956,0.5095392232597934,0.8283064150343716,0.9407502303493607,0.19429706194793966,0.7310098603779577,0.06331909085543029,0.6588517222559157,0.7304258747159024,0.9446880747232687,0.014670747016593573
louisiana,-1,623,0.762280433946057,0.9606031576513027,0.6705309723843431,0.7252508916210892,0.30741924025240924,0.43593263661165116,0.6415857789544179,0.8615025867238228,0.7973866482011072,0.2214265757122916,0.16730535991253612,0.24889052910492793
louisiana,-1,624,0.865658487000431,0.7140345176825068,0.8656862277235456,0.4872687977693149,0.5403406591648813,0.5589399293472049,0.2005762268611649,0.449903329499687,0.7154927914469248,0.07508788300121397,0.9828131310522186,0.939912926507477
louisiana,-1,625,0.07824208124631746,0.11072312216691003,0.13434170317663283,0.05339233475382231,0.5374672127663302,0.009636267299155937,0.5068384663038267,0.8271855282493106,0.35453094781980254,0.04888233811208318,0.03300585817726873,0.6828418196571118
louisiana,-1,626,0.9521702139377248,0.6601631676950728,0.45199799373835825,0.7846520165216176,0.8065764206317778,0.04877624904630944,0.45007193526519496,0.008753044793618181,0.8081538496838755,0.25143219476638556,0.5570981287286787,0.22922342944797647
louisiana,-1,627,0.10078815708101029,0.467658928962303,0.359943734701995,0.8971516879970939,0.23145631105119369,0.3108109576304579,0.7037681726866929,0.5688152690861457,0.6614340110031076,0.09419570336091816,0.7463452036060549,0.24793573569626579
louisiana,-1,628,0.6156108022803163,0.21954838455098097,0.9109725167214704,0.5148342431614742,0.6270715111206284,0.908050733567545,0.013567550329966814,0.5702658203218863,0.8853630637033342,0.6395740034952323,0.4989358340785584,0.0013591325751732115
louisiana,-1,629,0.5136677759949575,0.6815543257910344,0.3431653386007036,0.3158525900828758,0.13467606474588384,0.8634971514355297,0.06091293850712052,0.7565377563219615,0.7817188607648237,0.6288027414315399,0.797865861885426,0.020112633466018506
louisiana,-1,630,0.45005938284551367,0.6180494657794137,0.7291436710933258,0.29235158674649914,0.11534254949105442,0.3637692819128393,0.6696890210877696,0.0439503206128921,0.8999595802460254,0.6959157530976137,0.5162668426980433,0.854259511893374
louisiana,-1,631,0.8330415389201657,0.7339392391927188,0.6112678305558349,0.6907372071268816,0.5144736606100481,0.21104213293815005,0.7125942941962724,0.33061906728335566,0.6368737727510259,0.3721523357271018,0.6980544671336848,0.8172427719628347
louisiana,-1,632,0.9012563382080203,0.7480049265304841,0.2612293453632051,0.7397160870793729,0.7877976438594437,0.5255170357835216,0.8122622466094825,0.04656802997402503,0.7527057237329622,0.2508573465045324,0.8957274041406335,0.6246425790336042
louisiana,-1,633,0.9606187546471732,0.9270219667464497,0.6309099471925045,0.6310106001621238,0.5957677735442647,0.46829784611286657,0.5045911743067724,0.1453408286293039,0.9060645957748136,0.8671688315807105,0.7181047714730464,0.7995200071106109
louisiana,-1,634,0.9921913234653004,0.9013604910451445,0.5592276269679124,0.9871383463077242,0.43527615390671476,0.5285216164548809,0.8790174469726518,0.6806463827083118,0.13319507859431123,0.043158240769816746,0.8589973445906602,0.9171043133147079
louisiana,-1,635,0.9620937034791975,0.8723742177616342,0.9700326418464589,0.2165473449968174,0.7415178425655569,0.6808942429583252,0.5370730705909142,0.23463183900675696,0.40977246294104425,0.016945097917529354,0.4068862812596672,0.6531921565220733
louisiana,-1,636,0.5692029623760939,0.2648404812949502,0.9058259724462663,0.36046510358813916,0.9768931184518247,0.5266313793886674,0.41626357450817203,0.879977880424919,0.4396182039539594,0.7379110736980073,0.48714697448879485,0.9563486945230524
louisiana,-1,637,0.3970218175932801,0.8301771596129448,0.1845159714689424,0.8340722556119133,0.11913528441829281,0.9021746079176057,0.6198706156795906,0.712203947356134,0.3421546567298319,0.25623088212318845,0.1854336292653376,0.07050331147416303
louisiana,-1,638,0.6476527418913359,0.013430065762074816,0.38577661327872914,0.2573136973801233,0.08460346055591277,0.7243344644121431,0.4678604993594737,0.21611233091846815,0.6314722664927858,0.7716683810717192,0.11245087921323131,0.6150540342491891
louisiana,-1,639,0.9043885193531128,0.2912877331994332,0.9636505442890242,0.5948088776554674,0.15376247345734237,0.6460553838602836,0.9645987098072547,0.5070300244231244,0.507111337298967,0.23564345352970018,0.02854060199683218,0.9426580890131715
louisiana,-1,640,0.2587711033327673,0.6946851907387446,0.667011679439775,0.9734255306388718,0.4304454497083374,0.2013614259534951,0.8859235077230266,0.18201514227159055,0.042068936581054255,0.4685652734887474,0.23076899500117365,0.6732044300034501
louisiana,-1,641,0.5548400247185179,0.08001530261858279,0.3564226430012112,0.8151924706402128,0.9359759443798257,0.4521702744194334,0.4176543654259441,0.5368374249138708,0.13472811409711785,0.941563670724572,0.2491957219799861,0.8102445191437816
louisiana,-1,642,0.8957906083733694,0.08208699306102374,0.3919734819334996,0.5361467733710085,0.31033853489030394,0.08680707918156762,0.421921125300906,0.42792938870616776,0.7014443290026783,0.19833417024618213,0.8479662789564401,0.7583375404095761
louisiana,-1,643,0.2713966243698134,0.8413988112262824,0.44843158962755886,0.9746843844139587,0.5662249968360581,0.334725020092391,0.039888131933372956,0.17546666840865244,0.8273214957120846,0.3548590095642282,0.10700749543934197,0.40002977845352317
louisiana,-1,644,0.8927916061351855,0.9782178851195443,0.36835873467059077,0.18777267170444858,0.12585406781857428,0.5044452895189643,0.5458259684366086,0.7340491651065089,0.06360909467414233,0.9995936380826241,0.3549288553906168,0.1270718915487556
louisiana,-1,645,0.0019820870388309966,0.7117089032168586,0.28010677859817174,0.23574909221917673,0.12856696510427848,0.5814166233937528,0.21271487113965892,0.6393070797375842,0.2988436138447106,0.9790415323412158,0.9296109914180367,0.6302098553263088
louisiana,-1,646,0.005117460795020555,0.7200524415620266,0.9353560662398014,0.9108213144009608,0.2547944029172705,0.9870394894987502,0.3288808781772658,0.08817844444019124,0.641969844574043,0.8164660547917754,0.5783317959468054,0.5197783600336661
louisiana,-1,647,0.6758565366515573,0.8922658158029709,0.18870241378249294,0.6266989541463655,0.3480761423409108,0.9231987194125603,0.3562511678436774,0.700500209205264,0.5881996226269285,0.7511032776824841,0.5841445970795036,0.9116712272804494
louisiana,-1,648,0.03995827790411138,0.8321330317053783,0.40213787051830463,0.6415835463839625,0.4913451465210198,0.4865131747419361,0.4688724049320538,0.8347776907865092,0.6377364731000783,0.7398830393970824,0.9326420124014576,0.6170896669985263
louisiana,-1,649,0.21135007118100504,0.9838451589646674,0.9762566166001951,0.7499577955363813,0.35491395361152234,0.2842908767263993,0.9548974165156742,0.5858747338122021,0.7188923485550898,0.44113109698877867,0.9877572210161474,0.8682576865297583
louisiana,-1,650,0.9765468574573457,0.5750742639600703,0.15373357167209592,0.6056922411292798,0.39086714132498523,0.8101671134396277,0.22611145558397486,0.2684359763301506,0.7757782111566585,0.2632101517097822,0.03819397196719792,0.03706500307660255
louisiana,-1,651,0.9647193081149842,0.26848227836710875,0.8004792216633777,0.1538982167509737,0.03147120487754411,0.33248867769563073,0.7637975751301253,0.9265860019459885,0.44920589076943956,0.0747178910544517,0.14981144965225995,0.2326659597229669
louisiana,-1,652,0.699364038473784,0.38437022302131557,0.7815842692041298,0.8067115395388745,0.8922655568504098,0.5924194367307802,0.18583141990640145,0.40807180579899055,0.3890824250745175,0.021267738622659092,0.28194021006053627,0.7774298060287729
louisiana,-1,653,0.1969768848769238,0.28034418326595945,0.21563081307566329,0.24937874109971253,0.7137460898319354,0.13180250899714552,0.5632925651729662,0.3513829448530207,0.1521340431467416,0.8218047834424816,0.6790831228464925,0.7012395500041195
louisiana,-1,654,0.08532919180462058,0.06166712360680904,0.41030033591248305,0.5668346142866105,0.20729467545466865,0.22500274463450762,0.2732235118484069,0.6644527624852997,0.18770914558489665,0.8133410323719411,0.9712101033142323,0.14449420697837778
louisiana,-1,655,0.5569546352748195,0.8560141055462595,0.006585534255189319,0.9338672795791726,0.9576834378816654,0.9257873022605067,0.4484875391944645,0.5175750082117397,0.15943924479769903,0.569153958283176,0.8645950787570124,0.07256696926599307
louisiana,-1,656,0.03084518917746864,0.6925108544511165,0.3027243959176909,0.7608197971276829,0.09800279570646937,0.2681371248893465,0.6371380421046727,0.7963640815253159,0.3934630137882936,0.1670707856086156,0.7330660392634913,0.1942977303006666
louisiana,-1,657,0.6570662754119188,0.16263939940862632,0.3511928129537607,0.6070573764895072,0.21827560909835553,0.101749655728324,0.8723077508197334,0.07557040958531916,0.7427724252355724,0.2364011146684338,0.542580574540979,0.13996917822369545
louisiana,-1,658,0.8430852902448503,0.31470753972021615,0.6547310833904247,0.39234886932290036,0.17831859651496018,0.05601816747190283,0.09905750645518697,0.22868418023496412,0.5528083741686296,0.07756158373322053,0.3768731985580097,0.9986350464318237
louisiana,-1,659,0.24924869535840596,0.608564141800908,0.4473888706079914,0.04182574204239606,0.8253183624932017,0.767571739866138,0.42397064348120045,0.6680034871353114,0.7960483203491835,0.7497048562098716,0.22227502527729376,0.4374878578934815
louisiana,-1,660,0.4984848068826128,0.2144715194469274,0.951878910789732,0.5325856942535738,0.9389885214418832,0.3293468023315882,0.07591097797408584,0.24141972894629896,0.23623666124315804,0.9970362702406979,0.05456527913303914,0.07881783441299785
louisiana,-1,661,0.40321673277206294,0.307641536311519,0.5080644705885244,0.0301373835064891,0.8299896656784505,0.5024790928748751,0.5564298794595874,0.46335595605008567,0.9202497335172709,0.858995678036771,0.43220248999549676,0.7401520219182417
louisiana,-1,662,0.4202443706113111,0.7073603435180889,0.18600452365876083,0.9513026124947734,0.23774260792591204,0.26781917489624235,0.3249159426133843,0.5519108772633183,0.7654737221317839,0.2656157324687073,0.6247027941928927,0.24071713939256273
louisiana,-1,663,0.4775585383949624,0.6044697843676908,0.13526432709654432,0.7191133152628584,0.9492936340865578,0.25444646194927656,0.6120989079371156,0.41077076430853615,0.28832083725787516,0.19240138327375783,0.6177899272477277,0.6482548628167785
louisiana,-1,664,0.5143058386654794,0.5807369991356618,0.49923859198337894,0.07246222463666618,0.6537437596964022,0.3895398189862261,0.5134803166412474,0.4408182643572863,0.5905283847375675,0.8405270858833543,0.9868547971154427,0.0007285093003217085
louisiana,-1,665,0.9739630419125963,0.052529513187364055,0.9393988742352402,0.6348521906444722,0.19732880545690454,0.662034161702392,0.9391093936246,0.40290129080516046,0.9364571874117518,0.26457312101988645,0.8432050928726679,0.29934224224014544
louisiana,-1,666,0.504622282948266,0.2137835312489655,0.5711437498517823,0.44875373140315905,0.24000640446808297,0.4273098414589951,0.631404401835671,0.22757761574396163,0.4367097476354854,0.6429593657803194,0.373265308793183,0.9201466172379539
louisiana,-1,667,0.7772308573588451,0.4749593975276605,0.7018333755475986,0.582681445942735,0.7279975763842869,0.32268396390470333,0.03050352780902818,0.642332727411481,0.160561272681531,0.6027783128305211,0.22120727811824614,0.27810224399255584
louisiana,-1,668,0.24303963534603493,0.5635180122872145,0.4776985984636005,0.7200743362627106,0.29025177995744683,0.9108720408700421,0.5678303318003413,0.9298212582758191,0.22254389286987555,0.6662547838921441,0.7196490087072551,0.7671619971923798
louisiana,-1,669,0.8737630653633247,0.6205194828516883,0.37744289818317994,0.6441906797342749,0.5328504144913294,0.6550170728943012,0.40712102841394987,0.8255075738211768,0.11271137330504588,0.13514813813471138,0.753517631023449,0.9888382750683692
louisiana,-1,670,0.03149487012804564,0.003265018719382159,0.7996304457360702,0.9265996687319188,0.41941620454508877,0.35262056591591595,0.43665779887957923,0.278857991660012,0.886327995156355,0.22618104005490383,0.13111633912901702,0.22377732410521725
louisiana,-1,671,0.7516780303115977,0.8382666524561178,0.24794582586423686,0.4136438778532501,0.14010665432907246,0.19178401685856886,0.5520340528967453,0.7193897225331578,0.2031533325968926,0.6942314276753694,0.9675832003306297,0.600180873133415
louisiana,-1,672,0.5489963282314236,0.5839707595566033,0.2975965695811525,0.6124990673620206,0.557076543300941,0.9848128472778992,0.4620916385870648,0.2327560160993538,0.9744804229221421,0.07898994563376505,0.8618505725106202,0.2951885381340373
louisiana,-1,673,0.36901639163791217,0.14591549917651433,0.770770052390634,0.2910374285155484,0.05646794138638076,0.7515355164487209,0.004702156200743087,0.9775149439215832,0.6840184817665566,0.632155317916214,0.3351513207555162,0.683775726891051
louisiana,-1,674,0.7292044970256458,0.026007585908288545,0.5187707065413878,0.19069552026325046,0.5091480822472159,0.8244983293698581,0.26084012892586467,0.17653000086729131,0.6696598898324995,0.6330468000527175,0.8234725759972744,0.3173981228720286
louisiana,-1,675,0.526588894482363,0.5457539722544311,0.6896591915315667,0.0012481758756200576,0.5385710885442846,0.9142421631945178,0.8276834291801203,0.10912523292692004,0.31528977165146543,0.9337488402434321,0.6687146764653346,0.695937100939772
louisiana,-1,676,0.868739550964948,0.7558053637789179,0.20348542431481875,0.13610494721719382,0.30600528156426005,0.8403003715639986,0.6298564091387704,0.21038252756232437,0.34983769841265006,0.7631693445016132,0.26329027045199277,0.5931022411287641
louisiana,-1,677,0.9722087994109399,0.9659720266271515,0.12215927738738552,0.9461195682419975,0.08798537933949153,0.6941612415635062,0.7629131554130155,0.01158032407311445,0.24002254412592233,0.7260583099369952,0.6906322044875225,0.025916022926684802
louisiana,-1,678,0.6588641591958548,0.46915275876040957,0.8968997218959546,0.5286413473433553,0.9142311786326384,0.29231750812782725,0.8017105641709955,0.8218910299507859,0.009669308725511016,0.5313862444487294,0.1064815032303568,0.5393584658638683
louisiana,-1,679,0.9782297848712287,0.008239771737582875,0.4887349111154846,0.3449098516370835,0.9584572117605145,0.20472864743677424,0.28940285594780596,0.1353258677653377,0.9397188401933699,0.006517194328358142,0.4397765821777835,0.8866983683950567
louisiana,-1,680,0.6349566991509552,0.08915071171425384,0.6564435626654858,0.4933996156104037,0.932638819457118,0.35172890879971397,0.47068704873777417,0.9599946357493264,0.2708668569990599,0.8497081481058425,0.5994321262141936,0.42228874809067973
louisiana,-1,681,0.34111844272512953,0.8892779208147366,0.6974171262059143,0.6156124665697197,0.906680233202262,0.10229020829975803,0.6613916141210285,0.8706947905570045,0.7096108914355843,0.43064977282661776,0.7443269864174175,0.005609222249862427
louisiana,-1,682,0.2266974250345814,0.37692413174517125,0.06703276780357513,0.5102357443552948,0.9819787297497264,0.12766147699831837,0.8443998340855451,0.8044017684889713,0.9351996294889655,0.9327839540333329,0.4165806046158126,0.32132787864725343
louisiana,-1,683,0.8991419498472237,0.10089664280829093,0.6156959816621727,0.11899789935402777,0.31992311235231524,0.9326282398252378,0.10073389592400939,0.722460510641128,0.7120191720100071,0.963962151013973,0.23212224544767515,0.34015564277477284
louisiana,-1,684,0.4409781319836238,0.9264873371977069,0.008594447900231117,0.06928024106719011,0.2629041388754755,0.6784683359715075,0.05474051551602204,0.10613005039430357,0.3005924221008482,0.8232212572979495,0.5898490467282124,0.7425089829014339
louisiana,-1,685,0.5885028776932724,0.9951475804171035,0.8160270794899831,0.9793430629218369,0.4684862281845238,0.7893883928935883,0.8598898533578793,0.09254888758137368,0.384737630387998,0.5220053415187221,0.21613788221997102,0.8634994083925206
louisiana,-1,686,0.05790951964893645,0.5005555334490388,0.3269358184586898,0.2705474544675624,0.14183319044784498,0.8021234845147743,0.1399583141367953,0.9322243715181762,0.45417519000637313,0.4708948536635889,0.37490660628657446,0.9523639588972459
louisiana,-1,687,0.008490374252257503,0.10209986939737999,0.31141847473957013,0.09785084758632819,0.3083740595473717,0.1775722013164238,0.387024281360478,0.6310630196895645,0.9875893117674587,0.43661996817820786,0.999474450498073,0.6113734707748376
louisiana,-1,688,0.9684301103015974,0.4735799025503726,0.8022754923971774,0.04735477100870618,0.7027367261196501,0.09187715813780763,0.16680962491464552,0.06203176294300881,0.1327114956176939,0.19088108418802188,0.9253893243698026,0.6999002323267227
louisiana,-1,689,0.6599421960473474,0.47760711988529114,0.31395719583832865,0.7339174700910045,0.8053022524602091,0.5903342765922235,0.9795092161490544,0.44710376068287805,0.620468315272373,0.007034619443334696,0.33906925750438716,0.8851307552230236
louisiana,-1,690,0.5452218471515423,0.5953648388532391,0.7861865619605146,0.029287246115320256,0.13080356426171424,0.6814561694170409,0.04286721861487325,0.38075498815309244,0.9694116382165388,0.6641130749525344,0.44677449939605907,0.7900508131830968
louisiana,-1,691,0.5517369096258131,0.8407023853809864,0.7243941136074747,0.7123530174253275,0.5617846065275872,0.035593188541800116,0.8738133269551531,0.2338416258930122,0.9914345441035617,0.698611923206714,0.4181018541611005,0.7207358311472615
louisiana,-1,692,0.26931826901929856,0.4541786666758462,0.5991321321238645,0.36620894732743137,0.2517482062243042,0.41145733464987977,0.4615661382212959,0.08699212360046082,0.8235393927653257,0.07905441376668083,0.3302992178356018,0.7568174380740681
louisiana,-1,693,0.6515438154173465,0.4718225717296546,0.9480064230302285,0.0868142712989555,0.8461988540769129,0.9330849254659367,0.4453230433236213,0.07007925689202713,0.6911713913464196,0.40437619932158164,0.28908138888467905,0.5927538243747327
louisiana,-1,694,0.5088672129143985,0.8549069941945435,0.9207208374003262,0.8828827468916063,0.15538668929140226,0.27464991747183537,0.7968313398584052,0.9384092659782102,0.8265593678594212,0.3958549760696899,0.7660165080889512,0.7431556035023326
louisiana,-1,695,0.33988233850472604,0.0015639744803160422,0.8304964288324229,0.7643674068700651,0.5804046190975048,0.3475402603037869,0.8835356014988106,0.6945034923164817,0.1971176087304482,0.6478713154710521,0.7572427653591237,0.9212475332948508
louisiana,-1,696,0.24755600953150883,0.2294677861508158,0.8125895236815885,0.4905858296373932,0.8113901540011761,0.6307122084430149,0.5741459426861508,0.24514017372971192,0.7553724210138436,0.4091547206968986,0.24470128053572615,0.5744075699707962
louisiana,-1,697,0.05536630216047983,0.5246894459637346,0.9161672683647563,0.811731869478399,0.6324260191829009,0.07432393949361647,0.8348111014312433,0.22356746266998292,0.2916315232506244,0.008614406831929164,0.659983395319455,0.8523103585320424
louisiana,-1,698,0.8505064913454767,0.9671011833430773,0.6727245706953279,0.5904773590052111,0.8796125298933241,0.6392991449548726,0.8689351293336447,0.5285542238683507,0.3809147692766491,0.8264206661126648,0.35042585686182354,0.10942736621063205
louisiana,-1,699,0.7882706665857956,0.6969255529397756,0.12056778826436929,0.6881806056251549,0.7608263037879576,0.050784357661804544,0.02067317610474265,0.6783331145052902,0.5161539234905844,0.08452763351717892,0.11037568736690063,0.5621420649356578
louisiana,-1,700,0.4555393741135361,0.46115952120879217,0.7583591574996171,0.045107965760542754,0.6847242609655818,0.10383676769370617,0.9888452228653049,0.2194304167489311,0.42807099116782005,0.665226471792759,0.5548698530964691,0.46204923620344907
louisiana,-1,701,0.9596881335410802,0.8074139420159749,0.9962391081824584,0.8744534814681093,0.7473243880786734,0.5657483480590781,0.9891118987468565,0.5187697011969832,0.7264699130008908,0.620037799885118,0.9770216182316215,0.23332395456076227
louisiana,-1,702,0.9059138579436736,0.32350009035047805,0.3218181969927317,0.06564425679139547,0.6349097024212379,0.6495860364977957,0.10936090132435555,0.8739287062755914,0.21586956067291566,0.1895600574483827,0.7933094698430854,0.7823073186145044
louisiana,-1,703,0.5423953717468408,0.8367050964278114,0.05030297058702412,0.4029893991191555,0.6245303285697233,0.6925149065760796,0.6683330510580866,0.16730295299825076,0.21605115229021693,0.7561945047804206,0.2873001532443434,0.2637531097759529
louisiana,-1,704,0.31544874697793623,0.8763786072461961,0.07370006221788637,0.4693123572166492,0.4539920483881033,0.7180904374808063,0.23426429256671352,0.6898888751970256,0.48826360879278735,0.08540539964920439,0.29629801340878076,0.7350082355870169
louisiana,-1,705,0.7018578936664521,0.93924333863342,0.24434201841844133,0.3513676490759094,0.5040337705938877,0.1838103079459104,0.6186985168881041,0.3384563957364459,0.8022115059107713,0.6976479768943209,0.7128076518850441,0.672100967223069
louisiana,-1,706,0.9776370117257489,0.22737677342999624,0.4531185319431796,0.7022486213718934,0.42534414486439687,0.4933606094097827,0.9293316586722674,0.6133983154702466,0.5729952851846243,0.6253817269903923,0.28203074466876366,0.5166403729808353
louisiana,-1,707,0.4607678789018055,0.7602763676736864,0.049064150787437935,0.4386091163264718,0.43400912342009235,0.07299447926253044,0.7002296765208041,0.1103349908931757,0.8145983470207229,0.592275004050586,0.19103356239911803,0.3109130289699972
louisiana,-1,708,0.5316812955288156,0.5155620320004346,0.9261967529065447,0.22488507465005889,0.9745859749606984,0.5739073336381293,0.06261326584865637,0.6734077692832947,0.7611902318078477,0.7666984719119017,0.7706124642881872,0.5897108899594607
louisiana,-1,709,0.1693162827254054,0.17332112149694898,0.14821916234095708,0.7529176208298581,0.8227706586473397,0.036577057096752706,0.16919370885532808,0.5914033668190664,0.19844157785579433,0.9291204689370474,0.540485828368613,0.7832609344558392
louisiana,-1,710,0.9269807602211249,0.7914469416340236,0.9506127475746347,0.08525951301273017,0.4762681955945434,0.5217996798994384,0.09582858284591891,0.2967041586887333,0.7691659037768838,0.32315561166309137,0.6722466077616777,0.5097522271726226
louisiana,-1,711,0.15009073084904948,0.4624234639570324,0.7234902094239485,0.976890739707555,0.5189371773204945,0.18854934300610168,0.793212949964346,0.6485327632933213,0.3259560353917485,0.13608673639117105,0.7605302092693405,0.9315133118904765
louisiana,-1,712,0.940036256210639,0.7989197210782454,0.1499381916121515,0.8391474767891586,0.21442814329685791,0.5632195840663641,0.012533430729174485,0.09744051554220257,0.730917536151452,0.23745392719271366,0.7048442305610234,0.6650662541989509
louisiana,-1,713,0.8565589150400308,0.8205993593645841,0.9089722659311708,0.7418831766349898,0.8360556091765896,0.788650038983472,0.22482156317412308,0.9993731383598957,0.8506647737236079,0.884030738165273,0.041583495178477106,0.24248667873900187
louisiana,-1,714,0.029542030067847773,0.3229735072810442,0.1569211374036108,0.5278184694595236,0.3036285023527256,0.14971201010129884,0.6226883615644189,0.9797311501140339,0.01342256629126023,0.6412228020568114,0.032260125631692636,0.7627897436344401
louisiana,-1,715,0.6726969569433907,0.9866530563330939,0.5463565859816147,0.7347599741505362,0.24732527141556657,0.27952872865134387,0.5053740546691309,0.3063573150862189,0.6628235531181371,0.5684693752167779,0.018841870357153217,0.4666751905033784
louisiana,-1,716,0.6746468025810486,0.8737889914273794,0.25816143329971203,0.6642681413508752,0.8563022477434776,0.09400938744922263,0.48910520724891243,0.8400658185424794,0.9564784049398749,0.410859883357969,0.47816351650809574,0.469354500789942
louisiana,-1,717,0.10138604585700133,0.138174839849928,0.9655520790673129,0.4284255782710163,0.9271819945850257,0.06286449682251674,0.7559056406351435,0.1605208849779064,0.9777946665754776,0.1744402830791789,0.002810276880273855,0.26554141111733376
louisiana,-1,718,0.7634731897382067,0.32116638446600215,0.5175822372567424,0.2424948059536197,0.7763561715520809,0.7162971915239671,0.35395506939748933,0.1960437404446112,0.30677326148500844,0.760925951155745,0.7365626230201584,0.3096469545138448
louisiana,-1,719,0.9121441063189781,0.585193970812159,0.9649767414576031,0.0684854411579127,0.6963490727709023,0.6334992795052906,0.009601438511408072,0.7015993989130037,0.18460970351765973,0.4197481942220619,0.8897215082136208,0.966524062760249
louisiana,-1,720,0.006317871604296415,0.1655645204860905,0.4928778354676573,0.1602917930629724,0.470287772247464,0.13398963362082744,0.7429471322654189,0.8575509984882101,0.40242372754477734,0.4984054738993645,0.12054457936829481,0.6381777781668303
louisiana,-1,721,0.3872021086626518,0.014385698701335787,0.9181454669820787,0.4716155817756564,0.18986728597762118,0.9804710883652087,0.8168417381187074,0.8144740220154323,0.17607427963303282,0.7732342257809954,0.29441586994487706,0.1612412637557288
louisiana,-1,722,0.6524028319339324,0.5215065397163543,0.9809543096494611,0.589255623593222,0.6598830546684522,0.25038845929714726,0.12061217910704351,0.8812049566605337,0.3566532290672195,0.45382930351888046,0.34664640717524126,0.09199248110118849
louisiana,-1,723,0.3533291508944617,0.04094079312770859,0.3896581296827417,0.3243099228026874,0.5675931307423787,0.39243936891041475,0.9916054250801734,0.46561221598270625,0.5679595628113492,0.36075307720994937,0.17111047835062768,0.16366773823647338
louisiana,-1,724,0.327773035381412,0.6868785409059776,0.2233235527932674,0.6064813080097993,0.6224746900096907,0.6841975553001076,0.4953385310983183,0.14371772284675563,0.8098516023023353,0.2855023741895459,0.7482970591148644,0.4708833206628031
louisiana,-1,725,0.867543744160517,0.1256535173509051,0.3503613195112768,0.9674107096093307,0.9544127576311311,0.5938051242702578,0.5708448643876591,0.9754648965485584,0.6721728598955964,0.8547542796167623,0.48853916362660016,0.5643456248650923
louisiana,-1,726,0.011175661154531617,0.09094847280174252,0.9464584119154483,0.9436301218946849,0.07664905110588016,0.9310674504122953,0.43817789196236573,0.24842299112162503,0.44178241731685597,0.7077434698403203,0.9963377055273214,0.7578744741064442
louisiana,-1,727,0.03506902691932357,0.4066151081986432,0.8325558421425322,0.18665371952840215,0.07114987642176222,0.5152761435386747,0.7231719906082466,0.44637770668588433,0.7226813825874762,0.6584905528381909,0.4665132998109431,0.6684047839284464
louisiana,-1,728,0.12424984169557049,0.7845401534217163,0.9728288200916867,0.9978577015262318,0.6418161794805393,0.6422466211368184,0.07787320637272092,0.6067715454887352,0.4203645558760674,0.8653534123348474,0.8176998089171926,0.14180809209693507
louisiana,-1,729,0.04324456327196224,0.5254970256969906,0.7031573369842625,0.13524270606871133,0.7468663165209426,0.21832635228720773,0.8779259978595689,0.6988572857805035,0.2678112852674503,0.6542348886631548,0.9172093151206766,0.9740521134864055
louisiana,-1,730,0.5654859469647006,0.16384897178601607,0.7643125367294838,0.2101742763539295,0.43896969392250185,0.38455200917599297,0.2644320454947988,0.7245733179116239,0.12091411727885482,0.9018526716132063,0.8834082518178843,0.5471259632208643
louisiana,-1,731,0.7984272609100108,0.0776542337167074,0.8768653627880029,0.9199390204092133,0.8358657157741846,0.0692606581895164,0.831214811559658,0.14430220764993482,0.7088701773551145,0.6694856181434559,0.7830383538158081,0.494275439796251
louisiana,-1,732,0.14496880966312797,0.871331191516646,0.5668167368977766,0.21774859028207608,0.615946000692002,0.9921753590325825,0.45762679559846275,0.7992535557631836,0.5056423267095754,0.41367182438848393,0.6093924008642883,0.7152343608295753
louisiana,-1,733,0.6637948728361405,0.8131252404548085,0.9472092200178107,0.4224864790244966,0.4326189599544795,0.008304784447920264,0.8473224564557387,0.05285146618343644,0.44467278899726737,0.634713910558295,0.12406682369263826,0.8748393540562592
louisiana,-1,734,0.9657208681973186,0.8032849525836757,0.7512970397958593,0.3215425898413846,0.4402363666397673,0.0060307445271931,0.04382782282704774,0.4834040731302644,0.869208450196936,0.8206050679249639,0.7205430519726309,0.026217363365127498
louisiana,-1,735,0.43131428833312013,0.7859155591064964,0.16515830675157878,0.32327278844840357,0.2736837176208917,0.08203310801988176,0.9929540641652438,0.8431631264253275,0.12654968358585397,0.3491514964847198,0.5767747283264292,0.31813148723965373
louisiana,-1,736,0.42216584070010094,0.09736626426961036,0.5653994786453408,0.9449988534021483,0.98220229708606,0.4152544904893991,0.7751933718362863,0.20795147609424922,0.7622258981925739,0.6015722396596699,0.4016625885068224,0.7182920027357202
louisiana,-1,737,0.3561394601556049,0.06838565855565643,0.8457282424291304,0.9930957538321231,0.2152128742012035,0.9908578513553605,0.5977369768743797,0.7310357802526586,0.1074709113717783,0.7050006850908822,0.689410567266625,0.36856721063202164
louisiana,-1,738,0.7698336615932614,0.3504038168482513,0.7388151088362817,0.3562180411139174,0.45678286298021986,0.4618058726572602,0.4971934482858326,0.6347050574594673,0.8018009408134641,0.39233607471863546,0.9127206587264773,0.5812732020158391
louisiana,-1,739,0.3859616530598653,0.1690041603500159,0.10526581021254768,0.5425371024147331,0.7899747440518585,0.24367140909478904,0.8826888513855536,0.8535480542021007,0.6862383412092873,0.7202534635413691,0.5935877236153358,0.022897293046572818
louisiana,-1,740,0.8125733826039901,0.5285044836318817,0.4074524422509098,0.353338376051449,0.35149370960334214,0.1094349465404393,0.1583949141730378,0.44472994537716115,0.44841682372384245,0.00515037739545337,0.19773817985947711,0.7008644140705695
louisiana,-1,741,0.6802391572295928,0.38591219155000706,0.43772262949702223,0.6537842165431574,0.08063728723455163,0.5967529249241499,0.24514387494605147,0.9632967374678262,0.38722750229990754,0.18625239393498275,0.6997763284425071,0.13644069025796762
louisiana,-1,742,0.14066879386639938,0.5840180082854475,0.25914224927588747,0.7182381369480312,0.7207471937608049,0.4422871121664081,0.8985460536798446,0.024759410264208047,0.6794939605204179,0.07117435166375928,0.6455504617105169,0.6457884707043697
louisiana,-1,743,0.2469169276963869,0.6847871816196819,0.26682311018993626,0.13811155093088343,0.8815826866782797,0.11291722972263352,0.5890204786948583,0.913833302798931,0.6672886047044391,0.13750104859755133,0.9423119101563439,0.5566667025158251
louisiana,-1,744,0.15815347969453208,0.90652567173998,0.18979921083945378,0.3179604648577798,0.7956443835752699,0.3132962206852547,0.3742352933634681,0.02633377335016126,0.32182230881630247,0.7904925904884202,0.6302973446544065,0.5732138741517828
louisiana,-1,745,0.08449226974422026,0.8520547810095397,0.20424508495139637,0.3573058396105341,0.41194574171541715,0.8253710353800198,0.35244969133049847,0.89636969456685,0.9764981747866145,0.4071307395788426,0.7630671247102278,0.7967097054129205
louisiana,-1,746,0.4970955022489241,0.5443699997692864,0.8699777983458988,0.9233575350302188,0.6319789389256998,0.4858351035784098,0.17505702314541985,0.6383129181087013,0.48982356312721986,0.7113388267711059,0.8317834840992223,0.32478294303323285
louisiana,-1,747,0.06391243454526943,0.26549943370407175,0.15941104366999703,0.4544228050617899,0.2749821654008667,0.2070111768734542,0.5350818086243145,0.6528548826952921,0.20768003326917459,0.3212931629821701,0.705665744067883,0.9869095191387002
louisiana,-1,748,0.3744719782511921,0.12193771686481476,0.09731035637203553,0.9784799717711825,0.5137720130221858,0.6134274937165713,0.7823018058982586,0.8085883118224135,0.5681829251937505,0.29179534107583577,0.8876510016886331,0.6758360255128518
louisiana,-1,749,0.4062617281690771,0.5677208750992849,0.4402887609645539,0.02112493509088404,0.9001761446107558,0.6875456146703974,0.792616215068328,0.48621752348625474,0.8968121170663766,0.8410537184570649,0.6086544412113631,0.7399661639026885
louisiana,-1,750,0.5193618842463193,0.6578416285992146,0.7492992768518434,0.08754092614528595,0.9777222129974181,0.29659335871447745,0.17212226024278124,0.8497296041169888,0.8202763679764904,0.9550052724917155,0.08072561810772787,0.5412279662833432
louisiana,-1,751,0.45775220441072184,0.8937313619712659,0.5454303187373651,0.8783832418814169,0.7964805671282282,0.7120979458216763,0.5710995174718777,0.3497331072324748,0.6595818744133456,0.6234951334124995,0.33659740908742947,0.08365065559288558
louisiana,-1,752,0.5418242956688937,0.15531444844219622,0.3760537966989588,0.9298829166627163,0.4441573968407254,0.8807753815045629,0.04809417701614343,0.16683101035590747,0.12443768024387966,0.8974366603914282,0.6311967552348062,0.48404621850617174
louisiana,-1,753,0.7868901368980874,0.11176273500416696,0.6748609943173971,0.9218227217876696,0.2586478196943605,0.37891112494594703,0.5303597500877791,0.4253513106687857,0.660672225466484,0.8714894709288431,0.059107501196462964,0.16735884962093892
louisiana,-1,754,0.1644444408709643,0.8817294809086664,0.17934062535937845,0.05255190760293376,0.5456223627264309,0.6535390318491405,0.9012329226693376,0.8957121481036271,0.3556024197432901,0.5595314768198504,0.49028278318981666,0.6416655412171388
louisiana,-1,755,0.413863910807006,0.951881762049895,0.8405950302052319,0.3420968206240938,0.16629440145592436,0.3365504210419104,0.48010941311719396,0.4515631252434734,0.4355716179679812,0.3261948634872916,0.4401251254080551,0.8015239311256471
louisiana,-1,756,0.9089988356295631,0.3083856754588012,0.25256307179985016,0.5710490046804059,0.5624127878017613,0.8696291929983431,0.8809052236374505,0.27676417815856197,0.2619222146281323,0.5746390179366887,0.8364457166944803,0.6892998928199481
louisiana,-1,757,0.5614399186909264,0.7095882254371998,0.8859784995460981,0.21579246668185473,0.5011948740225043,0.5148350510687598,0.09853046340310573,0.5727498819298541,0.8536845049997237,0.4991278702436561,0.6575908349474093,0.7108514808892212
louisiana,-1,758,0.45390010507496154,0.30122027874740875,0.1858350417039539,0.5937929684429447,0.8866982497645888,0.38638076200443483,0.7490919679769673,0.9258332026445805,0.23065967913432545,0.26149535844614163,0.5507780295288196,0.7595020948312607
louisiana,-1,759,0.17741294356177387,0.43321102344078444,0.5759018328531138,0.5680196054850091,0.0788425021926557,0.26409764150022547,0.686531897500404,0.38588739830519153,0.8215114630226251,0.2949309068528534,0.7397102376236323,0.8995096483755217
louisiana,-1,760,0.7615946463712299,0.5265241727223008,0.004619361464499452,0.6768053686497872,0.7065717701617555,0.3776204139252109,0.3177728023926391,0.01370086690966877,0.49663084607755803,0.09604712668784283,0.6253749087516159,0.7311382681808587
louisiana,-1,761,0.1843939146909023,0.5315973311636187,0.5034351745279978,0.6427151755190428,0.6047842456154201,0.14400225467359234,0.05933339347323553,0.059805423983973545,0.37351021956660274,0.6277777086457571,0.3445877490803135,0.04570613457132231
louisiana,-1,762,0.951812433963355,0.16823294511256648,0.3459526819567515,0.724678182757796,0.6850810890292878,0.8046123545252579,0.4760139058948401,0.6794018890321442,0.2809052624695252,0.8902658893250834,0.40773190836328566,0.7444143473336452
louisiana,-1,763,0.05687028667086381,0.8350266489779274,0.8530979360775341,0.835842527243021,0.7490327897604072,0.07745607033336228,0.0577285397390789,0.5561697404817704,0.6046432410613085,0.41482094575882567,0.7710249400449944,0.5314481097128634
louisiana,-1,764,0.13096368714098103,0.46038671584190966,0.8941971832748888,0.4010024235874182,0.11308443352139794,0.2988637077226548,0.10397919028390677,0.7375539243870031,0.912434262467624,0.8705856160926743,0.40915245926063254,0.18645235916523695
louisiana,-1,765,0.6846072010670096,0.2378443682331267,0.005046045325401089,0.24417241158759376,0.8246350861730901,0.24905357003532,0.7180180452642076,0.8397911684304024,0.1816442013184528,0.5629776235868716,0.44930490557052816,0.5016995538886756
louisiana,-1,766,0.3325639032036495,0.9911733668735426,0.8883100123677888,0.3184711012417895,0.578156115602221,0.5713103314274973,0.6262050787285324,0.9406148546627603,0.312422195574927,0.3529423526969944,0.24623339741811257,0.14390742092701314
louisiana,-1,767,0.9248517281148377,0.3091971051777427,0.024274072592391942,0.572481136061875,0.7560157258008644,0.8840179218661025,0.114352607481728,0.5614088325376896,0.4127841782586873,0.7388999570679124,0.20502473341116018,0.2709347783742853
louisiana,-1,768,0.5845394992811701,0.5224733448539184,0.14648143265882982,0.6387268535241428,0.9084699268949885,0.20648061135734622,0.08363549363713163,0.7357764707640003,0.6197386730279051,0.27565062123986384,0.9707806765784204,0.29788330992900824
louisiana,-1,769,0.4682172963924172,0.7130010682791103,0.3739711589531025,0.7586097689789386,0.03813038940183724,0.11747365265617003,0.42272115875033744,0.14131282550776128,0.5736258569366175,0.4821215650077876,0.07810075365127835,0.6576669756769987
louisiana,-1,770,0.4241191127957877,0.5101030310809326,0.7527975017951912,0.04288884513000314,0.6642063579502112,0.016255959005101548,0.13606162354027812,0.8447949322671181,0.6300572591186847,0.5364488667740487,0.17039008519903479,0.33932235457236065
louisiana,-1,771,0.6077586451902827,0.1260668914688598,0.09021302976404001,0.5159634075369856,0.36821049176731496,0.9116429238112949,0.1658439598016058,0.510117851545694,0.3220844640344793,0.3203275843756676,0.3877742958484899,0.36668177644207284
louisiana,-1,772,0.6124362372660245,0.7217630469348277,0.49556491538121855,0.2287085881568701,0.22747732797001602,0.7212847681339402,0.337675613762125,0.3539151411563032,0.19526672489070884,0.7996517515144649,0.5978168071982498,0.09921158828986669
louisiana,-1,773,0.719980965875134,0.2495726426092317,0.38384422239504673,0.007579834974449462,0.06287763573638198,0.9827948728786475,0.03486508311508325,0.9956437583303498,0.22767521770292004,0.55240093099786,0.15266339391049238,0.0947455280911042
louisiana,-1,774,0.7814821251151166,0.1996230072861798,0.9558374284208973,0.7354748932637248,0.3218924424040373,0.17024565250773527,0.5549079987129361,0.9965048806394556,0.8557098093846514,0.8528767400826964,0.9226784529463838,0.6636929016561514
louisiana,-1,775,0.536399706547769,0.09312508158676253,0.26573266001565027,0.9476540114739374,0.32556387017978206,0.8558806281585991,0.1591350334660292,0.7512942216195838,0.45541657487995896,0.3143139723449134,0.20120621685570883,0.3742258823050124
louisiana,-1,776,0.8452178109466663,0.5482902666820256,0.14154095075469486,0.5215322344692691,0.8471027962204132,0.9078353463278618,0.835560886081,0.30978262643209425,0.5998554208043068,0.33749719170735487,0.16934552156457555,0.38069424627003434
louisiana,-1,777,0.07462238162353499,0.9249814271913769,0.4674148170184643,0.6372444775622942,0.8428955092738954,0.4228818828733526,0.7660458313411445,0.2092796003106083,0.09525703439199,0.6881756798663026,0.17907862994267557,0.9196698276459058
louisiana,-1,778,0.5092715892880518,0.6000352188114495,0.9532222255375828,0.28837598448839136,0.8898103801253882,0.44656856990575416,0.915419523415581,0.9818322572347656,0.10023693408638604,0.8220763198337082,0.8909814088356932,0.6351207106678755
louisiana,-1,779,0.26265568290179975,0.9426926168331552,0.7448028993885106,0.6801781477921289,0.711235441232449,0.15841796357277088,0.5264673085086506,0.29432073548712107,0.9750669332104305,0.8646025321435354,0.11398054218818195,0.6910153587811415
louisiana,-1,780,0.15775389428368836,0.5614497780370655,0.8586488215430647,0.322557890876686,0.08951502253556105,0.3508198988451703,0.8674508177321656,0.8909735848066005,0.4297602477376923,0.980338405223384,0.10832013150025327,0.7970339668507623
louisiana,-1,781,0.20030846797585056,0.9773349371220312,0.38274570451094464,0.3523759250312264,0.7224859818713537,0.8165581224676203,0.2631785731990233,0.22104071141128062,0.9822851455726144,0.616946147962116,0.7234264837624133,0.5464592014998975
louisiana,-1,782,0.809552853463937,0.8482658621946115,0.8625413474527567,0.6432029849702093,0.4867852439741082,0.18115048907118755,0.8211431768859573,0.44372512766257544,0.7850904470278879,0.3018025153418497,0.9834017996628532,0.526145482410579
louisiana,-1,783,0.925341571948625,0.5728072765889382,0.32862085995436385,0.9064237713034832,0.2664707658548482,0.4692847755126642,0.34959202899289316,0.8324193526245822,0.2580363291340595,0.1124735482730605,0.15696269361477802,0.47227740386335904
louisiana,-1,784,0.25573571848913174,0.9237138187578656,0.10137430466070692,0.19365169133964788,0.17168640013034875,0.03070983381081679,0.8304852534289304,0.5924285611244099,0.24140600489372138,0.15204909490029547,0.8484462843940663,0.5727664269919831
louisiana,-1,785,0.5999836930397351,0.2027812129720176,0.4325779251746172,0.08415792488233188,0.29800233605382204,0.0005374840854263666,0.27944680669556987,0.7815290212623004,0.21452013563507571,0.5079902976946717,0.9396778765874917,0.8265734000824125
louisiana,-1,786,0.33866816469419075,0.1202347271413366,0.35280480960482097,0.9646970605287609,0.742730769933414,0.8239852786052413,0.6062247716530446,0.505921739943641,0.6448328325785093,0.2694219622807807,0.4103103676786138,0.2370531136447898
louisiana,-1,787,0.10380472086774654,0.06451382552928712,0.8727470329175494,0.8537522801376828,0.0005807950368824883,0.754880304897439,0.4099453163098108,0.4711246673739898,0.34361855915703077,0.6370833941965555,0.39141083691603606,0.7096415770900032
louisiana,-1,788,0.56697729968848,0.8498379848860701,0.8499722012189243,0.16223353369286952,0.60718867989368,0.3993834953587811,0.4497038262807872,0.5971754039732202,0.3196746704509026,0.8875259851922761,0.3619720266066984,0.5444923935307363
louisiana,-1,789,0.7204402240724592,0.9576733686652279,0.26338348654666777,0.11396677816298527,0.4391615689377424,0.020657399945266167,0.7028917772468418,0.08059785376999996,0.0653367967039783,0.5977090478829838,0.7498582672516269,0.6074878410066054
louisiana,-1,790,0.6700061554469656,0.6468546965370934,0.08200930409159558,0.3385166058451427,0.878759303675865,0.6373730930416205,0.1505451241122977,0.25841078441990956,0.108415461667604,0.9674713504212868,0.23709675938418032,0.15232474790697306
louisiana,-1,791,0.4489601201770529,0.7340208019947831,0.9663944938710239,0.148716067918092,0.5882657208772658,0.8538409497545452,0.29625170871764656,0.9939944056870752,0.3834997795781985,0.8698275863855548,0.31696266938790624,0.669822586526109
louisiana,-1,792,0.49440467333501376,0.7021592429345471,0.6813617987434196,0.8089127604335339,0.37905515031926246,0.539787923723684,0.24243744514288387,0.5498603665630092,0.7256577308593163,0.6401877560677481,0.8567337511899209,0.598277663891422
louisiana,-1,793,0.3371734638365492,0.28447291053673757,0.3342113222719148,0.9223163338609154,0.48278818600251894,0.8001332771197893,0.6544706370959338,0.49391179525763024,0.7631320170140753,0.5258078710346696,0.9624919897539472,0.32533052587211364
louisiana,-1,794,0.014508805739155556,0.20814881631016205,0.6417633499085301,0.6149389545933236,0.2776017709032177,0.43414178466206915,0.7156687191800652,0.09073102500689262,0.09249745575398474,0.5837900212010984,0.7456447765150525,0.2941177546748073
louisiana,-1,795,0.8044373767773946,0.3100829600702376,0.02302644678770369,0.19207983685432287,0.884382025239144,0.9563347164840373,0.6106502349935526,0.42278404023079014,0.12317715227848447,0.0034589789727201715,0.6351632435911327,0.6328956601297062
louisiana,-1,796,0.23845897468240773,0.8125694323796723,0.6589732623681384,0.5475843623243668,0.32905457238672997,0.027836653906041297,0.11251619281126249,0.12960327630505303,0.5154631499255495,0.6383895747060777,0.32130701619241414,0.1573125278788073
louisiana,-1,797,0.25034524910848294,0.407310695637836,0.9422557691726197,0.7448099310721026,0.7189627561326828,0.9128757320797991,0.2097858655230823,0.2890854684992287,0.6146097553484849,0.3905667704127254,0.34528579767223155,0.055877226597324865
louisiana,-1,798,0.0773725563841054,0.5979819633917057,0.289037267042119,0.16555951752536807,0.3753304601820048,0.22253791773340606,0.5606251580369768,0.26977054049046945,0.5823031081818472,0.044300299782939714,0.445432764963912,0.6122426747296988
louisiana,-1,799,0.644951407318993,0.39079600983482293,0.05465159107324806,0.7453863293445228,0.71021172886493,0.1756191679133986,0.2418609986923786,0.6287036544678012,0.901196589757618,0.304788713154638,0.4624978472270738,0.7048236830354031
louisiana,-1,800,0.949265499787127,0.23585882023390112,0.09882074291233624,0.14615750860915755,0.9993058431569757,0.13244742161010184,0.2375217796016195,0.9433246497519784,0.2751034532762486,0.8635017275289193,0.6914085267501795,0.9827148661770783
louisiana,-1,801,0.6710076059612011,0.23169369609172608,0.516005343147311,0.7500891714753899,0.6403024581261936,0.8903750654024806,0.8417115022178036,0.22410339774189836,0.6115226997327698,0.4573658924241927,0.9985754316057884,0.8356920666144833
louisiana,-1,802,0.6480754269758855,0.2898242581661023,0.7403553213956756,0.8252090245738729,0.7690560490761915,0.12014353379822634,0.2398946015300226,0.7742020053943649,0.3570678090899849,0.20417477925344205,0.6678039033588951,0.4997606150438259
louisiana,-1,803,0.07553444935436336,0.27594433424696246,0.8367095131113613,0.3587123123406248,0.6896026394864282,0.6606234459882052,0.2768237879589584,0.1082506597566174,0.189355342469609,0.09735275689776221,0.5725413794423905,0.47993453190423385
louisiana,-1,804,0.300683899991333,0.31943986587657913,0.9820943271716379,0.8556278272400564,0.008256495643690256,0.17436484776040498,0.22501297819237392,0.8477793641031088,0.34124723331048734,0.24370170931653057,0.5376197835519438,0.4781975509897674
louisiana,-1,805,0.31321743009257796,0.3176807400338482,0.2097653757136719,0.05784335613184071,0.6940321910011458,0.1614018647850658,0.9539324422269404,0.5762114473416526,0.46100565202334837,0.0705171372962235,0.7729810912247097,0.6775023753683879
louisiana,-1,806,0.3475201363761563,0.5876371034580541,0.11709119950107219,0.38082373741629083,0.3400498219043993,0.5700732920695576,0.4474602150796157,0.5503718052994786,0.7236688493923421,0.8333045904291463,0.13795478919949386,0.46562102241190206
louisiana,-1,807,0.6297515158001804,0.18831859649163377,0.3014013874895439,0.44129938327274987,0.2632616057922367,0.05775595058509887,0.8006510933974025,0.3264105454913085,0.01829975062105823,0.9609419656594173,0.8086123797362346,0.3714693247601451
louisiana,-1,808,0.5223575080109832,0.2420982140899424,0.07508367740584486,0.15243930286408292,0.6206629458883317,0.3622065488021921,0.5486151456911749,0.3409619499147596,0.7282592230385148,0.8397957007284194,0.8759363857486324,0.9921177971087503
louisiana,-1,809,0.1711023570937824,0.4436350281281558,0.4627752320534888,0.031442435540341825,0.38498080022145365,0.6736945421680837,0.42555668607596664,0.7435147970593003,0.5593661923969736,0.9031570303570403,0.45740758086893163,0.18181120013997992
louisiana,-1,810,0.08050578597767692,0.6375508330811197,0.5874162515188789,0.15516331939308034,0.7715928813549816,0.9918238493180613,0.9117210650846557,0.5359240210812117,0.024117394520340216,0.2305699105171583,0.31980073085209687,0.7944677115202122
louisiana,-1,811,0.348708033801246,0.01952889167134227,0.7046672043248549,0.7261687657609961,0.8499391957963258,0.7999393423896279,0.7614519154564682,0.6901381964728623,0.6954269727882205,0.7702135725051201,0.7340112851991761,0.7482163172655268
louisiana,-1,812,0.3077513258618654,0.16729213006161947,0.7571289657964309,0.7118649354618696,0.5478280698930741,0.775275995117157,0.2142466972163602,0.8240890132522969,0.9329937767386558,0.09189395715729338,0.48114758340907926,0.846968615463667
louisiana,-1,813,0.9947167162630386,0.6662372987650621,0.18079087317056322,0.8017186751653053,0.2383114570769818,0.3110811403860749,0.5684311429735565,0.8364730012742385,0.03820767870846052,0.12922786813410508,0.3995140017660269,0.732642488671602
louisiana,-1,814,0.4697753118964865,0.8997724412007886,0.5807374806769077,0.2537052287120103,0.7124111836784648,0.44853450749291995,0.8535940454004947,0.24092247739209896,0.5492550543803161,0.9279086758772608,0.8960580760010488,0.3630858544996323
louisiana,-1,815,0.42587793423660353,0.2733046974237688,0.7330181833842586,0.2696897510628872,0.6524768257721961,0.24882928017427994,0.2332801674883578,0.3861379488706847,0.40366331126542593,0.1064697128901771,0.8188367152563594,0.9496178926395897
louisiana,-1,816,0.32629593342092755,0.4834114023600833,0.012749550773846964,0.014803543264012908,0.017735665130587077,0.5474571625084512,0.7870277525983197,0.3139686293710872,0.4379501234843636,0.05416527602743245,0.3099985025842173,0.7281571955505365
louisiana,-1,817,0.7070923457079732,0.9930131971534529,0.4159069870944661,0.9998915673720586,0.551059130573761,0.15991910057440392,0.632727984361308,0.7454480410547598,0.09477877518987673,0.4620134516086609,0.4044087472029042,0.502775343990784
louisiana,-1,818,0.016009308951116085,0.9474155334858714,0.4583689859560891,0.8683076283619825,0.8629079561473917,0.35399245777360694,0.4114003610573864,0.769008014776966,0.8942400342014473,0.6710558434020659,0.8025776745929386,0.9791801783520716
louisiana,-1,819,0.6116051923577391,0.017743614352385157,0.17443490259901226,0.7281517757862319,0.7795292739995162,0.028412595708412702,0.24475000026758273,0.1375499398483646,0.5241265143957899,0.010796975822407885,0.3376130000387263,0.8982661995530776
louisiana,-1,820,0.9036366956323906,0.562164707090133,0.5306710448020111,0.8434221745719254,0.29477315239445945,0.04143855254972434,0.6285267749386853,0.265297284993195,0.06867414581580508,0.6319256437146368,0.8091207414142729,0.3787425356982351
louisiana,-1,821,0.6864759839274789,0.22145976781356586,0.1942749600794889,0.6088583996965304,0.03763728809409319,0.8790664981631455,0.021382060362757516,0.4673257555669081,0.2994190788814146,0.34437563804525767,0.801718068979279,0.8571833623235229
louisiana,-1,822,0.46153890412828513,0.11722501335511905,0.5193248092312286,0.5394681500169626,0.7843057915244331,0.6299080973867549,0.7597744773354586,0.7463806802095206,0.6497420731603389,0.481661830229466,0.8828971818944962,0.8613050800071221
louisiana,-1,823,0.22026140629350865,0.01608851457497846,0.30330824559220315,0.5985234599322454,0.39953293057730327,0.361707587343433,0.8810595143103395,0.5089769292287393,0.9617021173683197,0.1607036290704874,0.7828250913964648,0.8700943050353154
louisiana,-1,824,0.45427924054843927,0.5655045660725786,0.22174415303260153,0.9027716865198782,0.9432287653035346,0.28505301624459206,0.21546053695159914,0.35056565614503804,0.7893201022863174,0.8191529325860443,0.5558038607347678,0.1711710334281296
louisiana,-1,825,0.41813483963872056,0.5115390612892045,0.5747957049486596,0.2737361137146455,0.875000926123483,0.7437832235404681,0.34712374995214756,0.019023784625814655,0.724605701383265,0.9983367442737966,0.7071362015505007,0.5490068904065555
louisiana,-1,826,0.6234029651339369,0.2515545506065336,0.7727308132083055,0.26318403551316116,0.09400157129914646,0.2576160243591983,0.9998915289551286,0.7846348876319329,0.05985523772298339,0.009101201875647108,0.5739082430954441,0.35531175220435746
louisiana,-1,827,0.8807165159110958,0.4132241689260782,0.886057629063655,0.5263046770106888,0.6435112036212454,0.2526008278616615,0.427807635112947,0.056182954213071956,0.7660918311965998,0.14223620607087922,0.6049604882069529,0.01816003739219414
louisiana,-1,828,0.7066721351495423,0.8272342713003463,0.4437237345217999,0.5671102771679866,0.4060833382944549,0.6414267851047172,0.8148570525960986,0.1978768358424068,0.14647335115317725,0.08816851951193085,0.8423900834197735,0.25670845191053304
louisiana,-1,829,0.5395535823018132,0.5090745849524887,0.3810243944057515,0.7473458003735515,0.01242750885064145,0.5913332607768644,0.9060066391258822,0.4215875768216891,0.5608075371233285,0.2555413885648911,0.2313636161452632,0.3226683240862926
louisiana,-1,830,0.7931102817156933,0.6119120623059805,0.2515227258465616,0.8711699592451696,0.37202916720461604,0.5559579640229265,0.1064573277863697,0.18833017071911848,0.17433706841126131,0.4657997704755781,0.2886158928968401,0.10465189470814987
louisiana,-1,831,0.4785177506808258,0.8642467333007751,0.6847855473136317,0.04921574348253593,0.9508056071070039,0.4414793992581742,0.46988532114061693,0.3050169297142755,0.9487789515568342,0.7338204577415539,0.47672800977714014,0.9255392326999372
louisiana,-1,832,0.7752295590135874,0.44648673195024136,0.245761476270458,0.43360839836644305,0.09276229015390326,0.7266488642361945,0.7886795540429467,0.7632802275637605,0.32963556925606124,0.51080595928318,0.2602817051124459,0.11424300605022482
louisiana,-1,833,0.04459862842686861,0.011166777031552147,0.45747449234599635,0.7861993066162418,0.4032883216566002,0.5085808051039485,0.06181755693426221,0.11221950392247233,0.36178982059820447,0.14057849707696438,0.6769461354975512,0.9974948882646651
louisiana,-1,834,0.07919202676701509,0.6684150350965501,0.09637122918110629,0.25199373643614853,0.19998345815810803,0.421825008664434,0.767410940468785,0.3238702662405336,0.11997580512789935,0.7097384046409412,0.9694443374989521,0.4936801193162794
louisiana,-1,835,0.36242490530672355,0.7128265761995909,0.7086184827592636,0.8093936621308713,0.47335332775716177,0.607118182919845,0.04024182630711641,0.8467025724814977,0.86754840168401,0.042019286074226225,0.795488903109335,0.8125438709020012
louisiana,-1,836,0.8378561793977882,0.3757344636692501,0.03635908111809734,0.4117448127699619,0.8556212353096856,0.560641638487014,0.30150617986312916,0.40770286400970457,0.4436414686420047,0.049240888064052336,0.8996003346586972,0.584735988888255
louisiana,-1,837,0.7647247413659233,0.38106769109828265,0.03328220555396809,0.24360183520607048,0.828674204992894,0.012913140622324274,0.3795413623442686,0.11983026740481333,0.9249180994683589,0.6116181781521439,0.8344707007492369,0.656467056703409
louisiana,-1,838,0.5810085049006295,0.9164877526129662,0.09539186602099348,0.10655254513418864,0.541205295728119,0.8306819042519543,0.11711309734441115,0.6727379328605514,0.5285623871368437,0.29607765660655233,0.2508274801774996,0.8160755565965241
louisiana,-1,839,0.14608776801814172,0.8901263822476339,0.9952542734063939,0.01789342135397295,0.2656702830370102,0.937885009520407,0.38506135426369825,0.9907381557070806,0.12207870498217646,0.2597081219641577,0.5661611311121586,0.42084624339929744
louisiana,-1,840,0.578426582133973,0.8744446840888505,0.3789474501398305,0.2797534990685282,0.033769515387029055,0.38182920481028904,0.2933795250133512,0.09334658553469159,0.43260506044700164,0.6794776235991468,0.4610645307798874,0.3763795631849657
louisiana,-1,841,0.5370896630478288,0.4156441161003719,0.5603492304112663,0.7831077473334398,0.17412930259959136,0.5223452460955627,0.2612682314178812,0.24710800337334127,0.04750737110287253,0.4184551224598338,0.21318938465519727,0.04381165176804674
louisiana,-1,842,0.14888021937276824,0.9562004679526269,0.056285886190590884,0.39763414079356496,0.7336567163426087,0.21577900304074127,0.5648661096652586,0.8588342661700344,0.9472231352862084,0.09938247017806395,0.3973575427792421,0.787438941999325
louisiana,-1,843,0.4372511972694893,0.8466851195489281,0.6342254823453466,0.8634066953269303,0.2451270348265631,0.3714173498325058,0.17689155022020028,0.29008026182087626,0.3623398933472183,0.6088922774438619,0.3929496649423266,0.32334398835470013
louisiana,-1,844,0.7274204340833547,0.5585776106213838,0.18764567839161697,0.4679230656055077,0.9640126544835261,0.5121754292623317,0.19964085810332427,0.914349011300688,0.11157844587250061,0.9871393931121988,0.6502958429869476,0.8802221610226517
louisiana,-1,845,0.8225295393343076,0.5811588840501375,0.680320150179175,0.6568101064874006,0.016888307419752502,0.6883541987151698,0.9775711330897803,0.07281893130743075,0.5380969366423622,0.2185974228644413,0.5143518973596328,0.1263593218708462
louisiana,-1,846,0.6835375708966362,0.21802710455609853,0.06609412525300103,0.35968254938926325,0.33297057957440157,0.37063450779030566,0.3487737505469951,0.9218317664684273,0.5764284590715931,0.7431862761228017,0.8530562063946835,0.3539236933895064
louisiana,-1,847,0.7009965542463753,0.3169752723412223,0.43090875067086115,0.6667252653973439,0.5435531278209942,0.8494244172102741,0.730584601419157,0.9014808671720544,0.5654024785772674,0.4580582642039377,0.5516302788277282,0.4741884870285531
louisiana,-1,848,0.987134656920654,0.5640495853428898,0.9572196106397635,0.6113188383905016,0.31555676427712864,0.8938085938747902,0.7989637121485293,0.030406012172177484,0.2298764779110742,0.5814892124721567,0.995408285836904,0.8134762279280727
louisiana,-1,849,0.25983789873349905,0.2949385633760804,0.030610429241420812,0.38121618601983936,0.49508915435107187,0.4580604324687593,0.10209422635806452,0.7446391801231974,0.570823555842406,0.8259569779055487,0.9632731349897059,0.4735107278138212
louisiana,-1,850,0.6894497045884848,0.984409679640416,0.17553882632519482,0.5730509189267987,0.16588047470311448,0.13632307459080054,0.06442669266857108,0.9161332430785812,0.4658730354334284,0.8817578537397531,0.12528516263787806,0.03362793985299753
louisiana,-1,851,0.11340220695796054,0.4176043816798171,0.573528625713945,0.8318427993755981,0.14653032090878892,0.07094269387130786,0.8264743598379815,0.9035537944071952,0.10653814792491663,0.35907970999386807,0.4267777079458211,0.5670315239653797
louisiana,-1,852,0.6060177250854585,0.8147677955542458,0.31473099444274083,0.13241291349037157,0.3671762737115821,0.13701839255317924,0.6356628634860109,0.15307188406368513,0.1784138853092499,0.6191971074509258,0.5747984816004095,0.2307392032207083
louisiana,-1,853,0.8312828794984082,0.03475015662273703,0.9405637561512953,0.2230460233746441,0.6823286140139133,0.1620183815730468,0.544285742022329,0.3601750049304394,0.060973836332203955,0.3419923364567652,0.5002144521587137,0.5458275294071914
louisiana,-1,854,0.7579399900768142,0.5693893341663612,0.5926269076788699,0.034305081823258365,0.9036972002608613,0.42397244242777965,0.5326895356346953,0.17806817700268365,0.6171701963136914,0.020223148754872116,0.47494367786069,0.00910554141505112
louisiana,-1,855,0.7483048922593273,0.2979923279361663,0.5281563724661729,0.458332217630535,0.1449319323658259,0.9616786935542508,0.09035415293822721,0.6253250574134283,0.26849911377379676,0.6563670542338963,0.4941331330912588,0.41698415520854987
louisiana,-1,856,0.11706037032210313,0.7879138251505425,0.7186324370530531,0.11194320696505582,0.6479187700883917,0.11011211200787845,0.7506841550251546,0.9189620095783784,0.029945056971623057,0.21286745198135268,0.3079137558610087,0.8953612822491753
louisiana,-1,857,0.3233933482335641,0.8155401601755843,0.9523239265989738,0.16133644731631447,0.7619453899877766,0.8189542387777148,0.7344187294704234,0.8004559452750314,0.8102043330297066,0.1887731604722019,0.8945535740779386,0.5380273237656528
louisiana,-1,858,0.6016391106312109,0.7735838852951916,0.8487732229699826,0.4915166880125868,0.2963928339232694,0.0070532373973049975,0.9008802338133162,0.8938497824209944,0.5571129796325315,0.5304192862749855,0.2958107911420113,0.753204187708695
louisiana,-1,859,0.547993724280631,0.8534902043215346,0.45005646221305184,0.8247569090577442,0.9908613189430768,0.9987778280312316,0.39694787513571816,0.6518281978988547,0.3460073722869097,0.807545008633716,0.6521567570843811,0.1584756241109351
louisiana,-1,860,0.30870971960326626,0.13425973538768815,0.4053715099621163,0.9889648196721897,0.81245662227655,0.1556047538876535,0.8717450205530374,0.3825862219521715,0.2950344433242577,0.0407942956909125,0.40815167655845974,0.5067625511165936
louisiana,-1,861,0.3721487879099333,0.48995396914725964,0.8192330389466242,0.9696010179205676,0.44279731425157753,0.9830540688866383,0.070059436075536,0.4814506386682232,0.04450264829310137,0.6030352688989703,0.37542441447193087,0.32022351051893566
louisiana,-1,862,0.36144747820315454,0.22839144254745697,0.3412749536546301,0.9070836662220066,0.10268541025733387,0.6489234589802516,0.7384783029323441,0.15114603588437586,0.1653886385268784,0.6635682902725158,0.32911316233807647,0.40902467802789655
louisiana,-1,863,0.26354364840438155,0.6640935457604685,0.4933986323067237,0.2144459529904193,0.15824449080078354,0.5777098469546582,0.2709960794442695,0.3901013728489036,0.004096948632841726,0.9896532009787233,0.01936272766488575,0.5532539908722014
louisiana,-1,864,0.37309098724355394,0.17528434710883098,0.3191941537686166,0.6786381338952042,0.9411782114412652,0.0960684419464079,0.5764799354233542,0.8382957539119347,0.40167273153377897,0.8108648117731437,0.21112246356961595,0.9051415082463674
louisiana,-1,865,0.7116393524484105,0.7036840567717448,0.6954509156660688,0.41286259624200977,0.5392073668324825,0.221177728409163,0.6486597475849865,0.14987590101869747,0.15659132545169582,0.2241794654429032,0.5693693723522463,0.22022058580500853
louisiana,-1,866,0.989670427625017,0.34840008824345614,0.7478063634710361,0.21118785465318515,0.9782017767742092,0.608396013384311,0.4924563473810923,0.15030092329798597,0.11061691701194955,0.43256209298867143,0.19234965651971891,0.44565018810956797
louisiana,-1,867,0.26614178569469543,0.7672343165405041,0.47904089800158406,0.4373034860223995,0.28249227248122244,0.6453233351817189,0.4240001275723456,0.643477429100383,0.80371048441744,0.7611213083186743,0.27413898200580694,0.3982147372531303
louisiana,-1,868,0.08636021555008706,0.7354326157547222,0.22790029940019915,0.5129852164971042,0.100703880845923,0.4963796247604542,0.00219841067414697,0.8078980353468843,0.07203213972695288,0.8804968863261133,0.25413443814920095,0.7855442709666243
louisiana,-1,869,0.630791280679246,0.30274555672273906,0.16803017678405813,0.4311331812206509,0.6815115351242966,0.8380446806040175,0.4902116415479039,0.509862508950523,0.9724626026165283,0.4841109376650029,0.005207705122197848,0.6343535644405724
louisiana,-1,870,0.8584930855331933,0.15735198131766415,0.3906335412457939,0.15108347088848298,0.011049488632339349,0.3609778863002348,0.9342772915459728,0.5212659111656032,0.1417841079662339,0.3454713793958046,0.3936099119667745,0.6587259916650137
louisiana,-1,871,0.8087262164874544,0.855011372762726,0.5334517439717258,0.9052922113058658,0.4248365167495881,0.04983979928863523,0.05090370259391408,0.442371366793212,0.8248490891763279,0.0890589196256018,0.7119141875199566,0.21696126102075514
louisiana,-1,872,0.9982261389796041,0.6392510359973071,0.3396188954420073,0.1302501179979452,0.512681821078488,0.14232313142674755,0.3305146112752954,0.10444061328083303,0.764611165126942,0.3682087990239049,0.21843537565844223,0.6258168503491198
louisiana,-1,873,0.38040829081296573,0.5923802779668956,0.7355608991930781,0.07081880042914791,0.19044041545976967,0.16555998828781565,0.17844790909263977,0.5597264635274605,0.4248304219905238,0.5738961915875548,0.04310625374288102,0.19602313762310883
louisiana,-1,874,0.3946619526666013,0.6713945851588254,0.013137571405243336,0.3837096829204504,0.3610218858188588,0.7963482729240409,0.04119815564548909,0.021921388178760604,0.5711995897019524,0.8824809069804899,0.2564094546515466,0.2591264888449499
louisiana,-1,875,0.5701390144952424,0.3377070515645287,0.5611028335059575,0.23244546569412916,0.34294869874541467,0.2618739407256774,0.028544625262494454,0.8671116602997038,0.48752192876581235,0.15156391127957644,0.060161828083490604,0.3960316227374394
louisiana,-1,876,0.40774323172423343,0.318878758746198,0.4727080787085495,0.5786665044668263,0.4200908593152321,0.8922831097065489,0.5915459063072079,0.6373825092133416,0.003173311310891342,0.5501045938770174,0.8494251112387735,0.012718032189931151
louisiana,-1,877,0.7041079832771223,0.8108671390490421,0.36230121124206094,0.9952747040547547,0.8102972226714266,0.23777057243708494,0.675109324665121,0.7554064253835803,0.26407952639901416,0.4779884712056776,0.6610259262121362,0.2860673077179307
louisiana,-1,878,0.31882079623529386,0.4050274369417715,0.35867831668850286,0.3747180320633096,0.07277114084462367,0.2730691830623807,0.9904973017278997,0.07839673861588996,0.9606094663022954,0.7681358843606848,0.7088350517290931,0.9327292121531298
louisiana,-1,879,0.09081896111148781,0.5173164336746402,0.1547436725036081,0.4777667116163925,0.28821034193910144,0.14063096968645683,0.04524245752095312,0.7429832470737259,0.13505152005642193,0.7005528870881681,0.7407985031244528,0.7724005426427292
louisiana,-1,880,0.9474545888892288,0.08480194880332663,0.16749530254862716,0.7772280755395797,0.9313961921667092,0.4994725169765459,0.5251366521249321,0.49222408999792333,0.1487249433952602,0.9082301060423686,0.5600415878580124,0.603006114518627
louisiana,-1,881,0.11664007713228389,0.7409367580064238,0.7894726813726272,0.8779023589095117,0.7803720206805848,0.8584251324734377,0.0016912828166867734,0.025726477054866748,0.08375625592001673,0.12808824029185717,0.3127279611223478,0.8909544282146882
louisiana,-1,882,0.12237785466614988,0.9111311005196318,0.5533581849394589,0.5853610385547849,0.0077854083993408344,0.4336893070900909,0.22925267800987378,0.43290726462201873,0.13700043245459603,0.796746206641742,0.11556533135524431,0.44471167900186775
louisiana,-1,883,0.0549559437829992,0.7327446388570311,0.2867168013588102,0.7313303393458995,0.30941887876657287,0.6831673015459789,0.12261344274796172,0.17390233720296303,0.7042240191407899,0.46969320968302436,0.07306688400258726,0.8294391401023086
louisiana,-1,884,0.4660076466814823,0.07016117229204016,0.5861287293443309,0.20946462911583952,0.8883446154620367,0.44351888010466806,0.9453766191572083,0.9173339148044781,0.2634832283729471,0.9886747278419836,0.7733968263242286,0.7163392465954658
louisiana,-1,885,0.17405179618905176,0.8967394295054361,0.794898378189768,0.07306211264070409,0.6780244997482507,0.924006672845158,0.9224808829361484,0.985876192975897,0.45929304663268916,0.6496601170523303,0.8989195097484103,0.5525417093145728
louisiana,-1,886,0.0002575377739867224,0.7637140275499331,0.8612155607286041,0.9168629166606606,0.49467915311221583,0.44970785579970424,0.8954471512306499,0.034842329491996296,0.9668981174295458,0.7189979343229168,0.5799408306706564,0.35072884731722737
louisiana,-1,887,0.624978687180483,0.9765817217239479,0.6124936334063379,0.1757296617711205,0.22960446972518544,0.8415473444378128,0.03355971070708974,0.5024647636068919,0.6335083045827714,0.4261975536974613,0.7149512143445237,0.8390388675486208
louisiana,-1,888,0.7602600246902856,0.49852025928869903,0.45511782835661324,0.01696987945820178,0.055282500159244886,0.045043774371716146,0.5111466877261944,0.10724010654471035,0.4195804519646145,0.9177716272412606,0.5173355563821688,0.4398154492728335
louisiana,-1,889,0.052972486898423696,0.752493763748527,0.5119814828946924,0.3060521419458687,0.16105711396704855,0.41747997369527007,0.45648834409592076,0.5208905926623735,0.5276389687150747,0.29353397651713337,0.24122255578048607,0.43142371038543326
louisiana,-1,890,0.772372448786201,0.27015505857319627,0.5515530883034059,0.42904779956992156,0.025568336793606577,0.5451549338355968,0.2903360324935927,0.8314077397689671,0.9375717783942211,0.3036503689974329,0.4502824180802555,0.7071931135260849
louisiana,-1,891,0.6438796527476897,0.25641804423904596,0.3224963339721903,0.12747705205009757,0.35762975093359045,0.6184055296054307,0.7391676476849289,0.12812130914106776,0.15356337550754118,0.05535440904969482,0.6547803318113005,0.7618829448844032
louisiana,-1,892,0.7995555987898231,0.31390637918537717,0.15527064358916537,0.9895870685627437,0.8029305598318037,0.22999938533218867,0.8994653691313526,0.8107956475262904,0.030912950256109486,0.45043244402473426,0.5889212649484967,0.040994630670126736
louisiana,-1,893,0.5770259273842385,0.9458496901710434,0.9832522682959712,0.9289598551211857,0.5537863457486045,0.05509945534242386,0.06867518243654641,0.7957035173092353,0.37469736483368304,0.9926883636431849,0.9934917771081866,0.3898301776087332
louisiana,-1,894,0.787731356252184,0.7898961383168012,0.126394655800859,0.4460645596097313,0.6553983355935903,0.23973267818957952,0.30425032960735693,0.5534656210703705,0.9148195688377416,0.8625365946780214,0.3799486276196805,0.6476592748868534
louisiana,-1,895,0.38935553010367274,0.2111881107833101,0.609721910484606,0.40773904107650777,0.8597287984992183,0.9065136458947198,0.3129360215809933,0.7496703208742057,0.9541051091385621,0.5050879168714953,0.17474718564115685,0.8943439320209922
louisiana,-1,896,0.21565896478497337,0.3938589636069404,0.5400093735452467,0.6730089705074408,0.9175660155693012,0.2894251202694273,0.6344364556415072,0.9986455528682435,0.6284333774788492,0.44902996405727325,0.5339378331312109,0.9381456503371765
louisiana,-1,897,0.9071882656690756,0.34566830607858967,0.5987647194288662,0.38757853767984674,0.32604637986062196,0.21751610571176255,0.8573085555217076,0.3434169036404381,0.05377283426132768,0.9103566515345924,0.78544473971422,0.0799451273417597
louisiana,-1,898,0.7446885683987918,0.6505521301267723,0.6405759131941573,0.5830643475575763,0.7287656334364683,0.05222409841805997,0.8248273310054705,0.9564756228464634,0.6264588616408439,0.4161312665831984,0.3048549311508902,0.889010501162839
louisiana,-1,899,0.9397586174429012,0.6986722228785242,0.3926437553679378,0.7296743347665502,0.18053375025906138,0.8482007478406899,0.9745560566275739,0.9581492966139034,0.02895484178504332,0.9541240472105784,0.8137760106894459,0.9964241994458038
louisiana,-1,900,0.19534084770389007,0.00011153725990868668,0.2949145489272979,0.9256582836088768,0.41064262344276764,0.6505829004669422,0.032504739904741724,0.5909069611537326,0.1933096136505708,0.36638942807165586,0.3907420352301427,0.7023738665673165
louisiana,-1,901,0.4051745705672582,0.6164206351277585,0.04851411587708794,0.0159724864968959,0.8396463418470526,0.08894896104429177,0.22392319139503142,0.9360906460218555,0.4854656922948867,0.9425477965029182,0.5536725253095373,0.16862840038463037
louisiana,-1,902,0.2681071088125255,0.8247642152161423,0.6282367148065733,0.8323805746669565,0.9726016286191325,0.46320891297977307,0.14723447982700794,0.2360839831338446,0.6351187746005205,0.3252200559025803,0.5200112629701481,0.06207748085362285
louisiana,-1,903,0.19307345507110163,0.9751780869336315,0.4862571512208305,0.9187734310042723,0.5500248436246455,0.17343338732763577,0.06709891204970211,0.027207694540986347,0.751561665065325,0.7775253773426023,0.6487592494406563,0.6316432779910157
louisiana,-1,904,0.5807918118517056,0.43165208969563945,0.8013765449050649,0.14193053056120036,0.7709182271851462,0.015095731158122735,0.7462979563548697,0.13601995758262111,0.6715487843363976,0.34231501664405345,0.03582652921498066,0.4298208762442595
louisiana,-1,905,0.43257945062851366,0.11537687762606169,0.23826786063424996,0.5130822398514986,0.7740255621776206,0.2785181059980808,0.5287991609272548,0.2117584376981157,0.388232824187247,0.14743906109549515,0.9435896327889304,0.22669748472302736
louisiana,-1,906,0.8961172233560742,0.14644019718459267,0.3840261493121651,0.5513516788414147,0.24829812089138897,0.39165504781226973,0.733505524053346,0.4125015120161409,0.6154597296022096,0.5088783363693719,0.4437718883781739,0.856763673424794
louisiana,-1,907,0.007869675639189881,0.18755277858440467,0.9498297292287021,0.5958010488929821,0.5733423109412746,0.9718054762308453,0.29917853249290705,0.8305130305579839,0.1253037251514543,0.2981630816472507,0.003887508582387148,0.5774754871309541
louisiana,-1,908,0.03342501795292722,0.7005944664599006,0.2823922000159822,0.19866997887808166,0.5726530150867952,0.20002304998484785,0.17021583919884417,0.06902773576806238,0.44624402645129163,0.6910420039177537,0.6227571514542977,0.17610967749693596
louisiana,-1,909,0.8600435782659314,0.7424684629714822,0.14266564022729689,0.8510799987834297,0.9617930061597274,0.18295655484748033,0.05626086890945104,0.8299749696079419,0.519253162998438,0.4715365610392333,0.48651760205853606,0.9337527262616807
louisiana,-1,910,0.034601812242127716,0.6027083947997234,0.8359430459543199,0.9663474581958647,0.8614514078412613,0.3027451279813195,0.24832528619358732,0.8036555061795916,0.5853494535507043,0.4212532122545001,0.9543912809049433,0.06921407415055175
louisiana,-1,911,0.3672450810635793,0.23323875086242624,0.5158559080684854,0.7386393259082453,0.39640725279078426,0.37562522775329116,0.8072943498534861,0.7548803577223052,0.6637372678806417,0.8927908641201889,0.6137670689308468,0.5251242671933332
louisiana,-1,912,0.41467734606459883,0.07143023273502316,0.9736379875664347,0.7105222748831562,0.8998458309748734,0.31520146266797466,0.6332709883337633,0.8989335127684488,0.5454988156153179,0.6149924109532904,0.38171046067255493,0.6227008291490427
louisiana,-1,913,0.1321967084378888,0.15419183490333577,0.07876414834566892,0.6479929485978404,0.8673249274505704,0.6689109717216536,0.33367577199372317,0.6667304777183145,0.7778161500772234,0.7982356059304163,0.27209219321668765,0.02730537973310739
louisiana,-1,914,0.2903334793179011,0.5435915652394783,0.878182119332631,0.9825785617352023,0.4265615831067165,0.431682118210894,0.3116829163935909,0.6129861156763434,0.8334297630978615,0.33890632398955306,0.8667695142347266,0.623059773585618
louisiana,-1,915,0.9954140381700006,0.6616017775542762,0.8832073154586503,0.39355851058670116,0.7034702278881154,0.5999708143590725,0.9678236592881557,0.48873597872553964,0.039735638985098264,0.9750313126035818,0.4634757641444956,0.3861355376290967
louisiana,-1,916,0.8745328322930287,0.10432854115597004,0.11430307543710132,0.4949185169206529,0.6112832875278027,0.34493558568259103,0.6606682991575563,0.522012746480975,0.20273762470479798,0.0988039506156963,0.9485845808546319,0.6704730588186506
louisiana,-1,917,0.49997518296267485,0.1401855626043856,0.04584356281469712,0.5775999692820579,0.177950340234626,0.7174351758879687,0.9355616785959086,0.3650369786030571,0.23425959807726632,0.5439727671096339,0.7506306484813243,0.21922110223763147
louisiana,-1,918,0.29887600630550365,0.20488359720274146,0.6529964379350743,0.34674544942761076,0.44527797302306227,0.4126992982001028,0.5409260932496956,0.6768692793846343,0.49093841485502887,0.35871093777530066,0.4351064039821968,0.2960994724565921
louisiana,-1,919,0.7265574462997908,0.009841335618189527,0.1711761820274382,0.43407445504046954,0.06359046700273605,0.4450716981458146,0.7525101504383978,0.8609400508172671,0.054530707033696606,0.8449007062166033,0.22989708383552174,0.7232739321429703
louisiana,-1,920,0.6799431152396944,0.05125223858275212,0.5707823825046284,0.38289981154729097,0.5076909443731474,0.6740327496668849,0.6954586039781011,0.5435874258714816,0.847202102868044,0.14873625045543393,0.09029444951187418,0.9402097435450413
louisiana,-1,921,0.2958115462046435,0.5513873133345496,0.4441401205849411,0.250583944373111,0.06415690927535955,0.7081626587839751,0.6275696848018743,0.5823664489973963,0.7929482418934654,0.4941261054888322,0.07943232226187097,0.19719106068028946
louisiana,-1,922,0.7526380081927996,0.2501934377005341,0.873992055678694,0.13920132738795774,0.09339159891518653,0.5234938593356869,0.5861062014568734,0.8872821862571898,0.9285596553291856,0.05943178135376623,0.9611169568465611,0.5576207671140844
louisiana,-1,923,0.2720733133197841,0.687782847556699,0.29901697750643236,0.932063119413563,0.6546808560208575,0.4670456870509928,0.09200582615596886,0.4500864188869589,0.7316033101164561,0.1844753579485663,0.8413278764420133,0.25152799129294307
louisiana,-1,924,0.6968904824428324,0.7068372830382972,0.8181464735739121,0.8331010963328457,0.07021075700737843,0.936970890769012,0.4919176807015238,0.3661245221601366,0.561986826529859,0.6728954895829825,0.26140986647301534,0.8330020873683761
louisiana,-1,925,0.1759382719827461,0.19142309856818554,0.6473858111318291,0.09576764308144597,0.9841806853502701,0.7606436042931077,0.34374510848936507,0.12237826749630724,0.09114247566617965,0.9612263100721412,0.9804394024158952,0.7307665281138763
louisiana,-1,926,0.7402013426122744,0.07515364926538073,0.21243656106337197,0.7712711565049506,0.7378679954213334,0.48228282175730647,0.7945860714276188,0.26466774244281005,0.9173363865542421,0.2957161182713188,0.3854538458058624,0.5851845577803206
louisiana,-1,927,0.1310417902156943,0.4965371047375904,0.6198430010361008,0.05864921390440842,0.21314805427985736,0.9606891477818382,0.02436717160065088,0.37947443381270396,0.30886224094063774,0.7318923564417839,0.30188148709544765,0.2735711713925793
louisiana,-1,928,0.11540153095363456,0.8583315975173218,0.2536612921184557,0.2828139560592809,0.2977265447140425,0.8088389394001259,0.04473638171779497,0.30146951007426404,0.647943666532165,0.057046538611411256,0.6264458663475693,0.5692337732270165
louisiana,-1,929,0.35018152390175683,0.18683963316814317,0.3062109651853633,0.11654278612268464,0.618887764856696,0.7390752387006486,0.09172919689378502,0.7771784942903449,0.8630817948430023,0.3282683043179623,0.8272262801074927,0.7702293587986315
louisiana,-1,930,0.5974892777666236,0.9962456321111848,0.7431387788666144,0.3949644139817593,0.6882749974195272,0.9954168643770142,0.007997204931228066,0.7059573501266517,0.02595801035834366,0.5824444854541376,0.35283956691133966,0.1788872378631339
louisiana,-1,931,0.2769685247121614,0.4959227384076948,0.19076590245655536,0.8803851368956506,0.9441788058571784,0.17628896706241967,0.18078536833198572,0.2634668511848737,0.6130539631126899,0.1319499599602675,0.9584881599236231,0.6181867966967716
louisiana,-1,932,0.3454894661778583,0.4576933558609399,0.5976304287321846,0.8646468567679085,0.2530402121771295,0.8724811066147609,0.181122507726386,0.33784976542760503,0.7431416970273516,0.33056426124840715,0.664701955735881,0.07100051383950379
louisiana,-1,933,0.1809455734749781,0.5554364821051646,0.09457455089524897,0.7990793224536056,0.9624777403289833,0.9510697879542503,0.5152325769243586,0.47558148514615584,0.566425621276362,0.028457397817218417,0.5625058007153384,0.505423283129191
louisiana,-1,934,0.23554917612168866,0.7399939502691725,0.6772185001205017,0.9532476589665028,0.6264224782217904,0.9639085032760744,0.6837559412498952,0.13921212386088025,0.14014027677121563,0.01723617665641375,0.4296465738655268,0.6646873887704144
louisiana,-1,935,0.8572103213840918,0.38209987633491715,0.374714675957347,0.3042670554630252,0.6513527606785453,0.7614804358816122,0.9751168371706636,0.16839250787337962,0.16104659559066398,0.6365351981480029,0.5367442270672945,0.9904661190880263
louisiana,-1,936,0.3057838711930353,0.8629862770339394,0.026612717063699668,0.9208761283906053,0.41508932422108125,0.9132864380671651,0.47104382408937984,0.7321913691507115,0.1306977308757921,0.48640715352902836,0.6393076454749683,0.5040748276215141
louisiana,-1,937,0.9701661593097449,0.1609509483247711,0.3244469057459422,0.4030376382771322,0.026047282648834047,0.6827471437718753,0.16228291539462078,0.037859405105480054,0.9440004167922365,0.6672410708280083,0.9643039803475882,0.7267406313816674
louisiana,-1,938,0.6050949235309421,0.949299951682089,0.5580480161027098,0.2024794118706726,0.5225095265613883,0.5352727419988366,0.20537013621319175,0.27243237435985107,0.5202629814603358,0.383773245257979,0.22663079316771123,0.05184973041823424
louisiana,-1,939,0.04069431643744963,0.2010832673988311,0.6029445911003746,0.7166527524002738,0.38837614356875894,0.49129365045746665,0.7443971994013894,0.5042950291956785,0.8910932775613731,0.5564520330669442,0.380371236908616,0.25344113006490326
louisiana,-1,940,0.6355269422739008,0.4149972172198187,0.9116003887810862,0.9153618857171947,0.6106392122997458,0.06404227457919245,0.5582656764267934,0.9661091597675038,0.6087451651772416,0.6157783140529224,0.7371223834549705,0.9377549123967992
louisiana,-1,941,0.09183612490899265,0.430887529644724,0.2818676214404703,0.25847986602670053,0.3553429434667094,0.5593573299627301,0.340364524659631,0.9502490583407155,0.8129259111922406,0.27902580741040295,0.4828034021435928,0.33426178319610916
louisiana,-1,942,0.7790680132349171,0.42969636226171887,0.7128433460411339,0.9311112125575329,0.9483127686963565,0.6114382176228232,0.6829938005567464,0.46689753970583675,0.8304358430988974,0.9132314179655581,0.24386321010821038,0.07785780650589658
louisiana,-1,943,0.7121969621923254,0.8780915640324762,0.6148548160905221,0.7420703475531824,0.2556825109075706,0.3555056707753919,0.3670700380726638,0.19228637419479297,0.38281901386321765,0.4561261917332891,0.2142241454504561,0.20629611405775147
louisiana,-1,944,0.9270923788510931,0.4688793803576687,0.27958613819446926,0.27431730939404764,0.9297983615068051,0.6657015538086996,0.7641910472799917,0.14706354939743255,0.40691566742955493,0.3933582213859669,0.6657294470047244,0.12198415624752204
louisiana,-1,945,0.7465742104871864,0.7316221111997583,0.56930324457924,0.004975263460729435,0.5548952062404003,0.993526344664287,0.4814013105189942,0.7535901603075413,0.4178419619647099,0.7768715403907749,0.27703735081639136,0.394493978361635
louisiana,-1,946,0.40205590158791227,0.22217011844489573,0.26878913037465696,0.6460543363050107,0.8153537395305099,0.013328777575926163,0.6844336275388242,0.31721666530214543,0.8541077631903424,0.9305945570006496,0.1454824375395841,0.8452859109189118
louisiana,-1,947,0.2078350309145206,0.137033044975456,0.9176618445444272,0.6213016044821217,0.42102355543736103,0.69827084201463,0.3801865212692545,0.17192179505617045,0.162116669713062,0.379871761603414,0.51944566673974,0.011657571022793547
louisiana,-1,948,0.5386561547356797,0.010724055769428944,0.13204705569737715,0.8100897364280484,0.5468322073726383,0.40695415928816503,0.4428984752741195,0.8221862772663049,0.7795643162205469,0.24473806525296044,0.4413613708228477,0.34115923320643377
louisiana,-1,949,0.9065824445985625,0.06731500728094023,0.3656617930390901,0.8858491965985477,0.05199692141115657,0.41396108135855897,0.19889737639223662,0.1407140631277885,0.5023446501778384,0.39960175298892237,0.4924167321915502,0.9139415781056696
louisiana,-1,950,0.7586354460809394,0.5539321482871934,0.6104391491885467,0.7702045401720545,0.6980600244283618,0.7473244004902381,0.7278786399782202,0.04237509182110712,0.683079499478681,0.6754860093294919,0.05249925451366942,0.06009446705746387
louisiana,-1,951,0.6024713849182517,0.7940364293610971,0.2951567050943717,0.6512595199422233,0.37820574090893744,0.8508901730050709,0.5941247410700401,0.9862329954394219,0.835489947401405,0.9713864820828766,0.2625724657704476,0.8877271427652509
louisiana,-1,952,0.27896686867084586,0.43871216932126844,0.6262446480942984,0.37709997794104366,0.7588941973072136,0.2428893160629862,0.1523721944401103,0.7922516917790158,0.9526386630557436,0.9516491831744219,0.26423077263750827,0.7652553270250345
louisiana,-1,953,0.6889092481824883,0.7775434231391988,0.8273180853281562,0.7901629969211271,0.001711631301024249,0.9570442239147781,0.5989633178304723,0.46445193874670504,0.8066096362187652,0.8776196114089988,0.29321390718038254,0.5584721038262161
louisiana,-1,954,0.5016227604734271,0.09965601161433348,0.7546865482267415,0.23761357243891865,0.9955750105782286,0.23656495337127467,0.39742849366943017,0.47822785156303105,0.2777137565396932,0.6437785036668106,0.35121721452510624,0.3366928644445072
louisiana,-1,955,0.06793627835951394,0.7380479830104177,0.3997968113188965,0.672924757901075,0.5421191424112102,0.0292240563277302,0.19784439614837984,0.8261474523523377,0.5947144780283496,0.753027538363659,0.693745553099684,0.9463980556493639
louisiana,-1,956,0.6909453586103784,0.946874916418692,0.7310466392250299,0.08060438196703615,0.3587530400906261,0.729299453828385,0.653434330480573,0.7854452247772251,0.8469761227839829,0.9464692159111898,0.13409838306573715,0.8146910815443636
louisiana,-1,957,0.6940348844817179,0.8394575674170879,0.9341200161798561,0.26654890702432654,0.1432419565296446,0.3936335370423888,0.295716204830247,0.85490753362066,0.25744476604970973,0.1970906182082675,0.8545161771258019,0.29103978981616896
louisiana,-1,958,0.507915445689359,0.9404579482656829,0.16370720235338088,0.7676957438955893,0.9861374160985505,0.18924902949469513,0.5097608674130599,0.658497650174057,0.9942412546981858,0.6924074511610451,0.9665506999955266,0.0475886384872294
louisiana,-1,959,0.2930937633332144,0.5548826548715778,0.6223258698743905,0.550580965143706,0.13979366397445162,0.7952577868442853,0.874233160914985,0.6406482156855451,0.29656267986091156,0.17782766725429477,0.8308563268063799,0.2939526971004232
louisiana,-1,960,0.6686455781153665,0.03566914876855715,0.10395661212807578,0.8819300140639672,0.8983477981643468,0.2974037658802135,0.8177186872394112,0.3772543990043347,0.4640145310676785,0.4483621621359322,0.11812419218352713,0.7087302895265042
louisiana,-1,961,0.48297426577068076,0.642235724887004,0.4196783397856062,0.7731058046090609,0.9701892569067307,0.7068172133594424,0.5493702504326936,0.7411468555484658,0.10253586592786702,0.5609193821137639,0.9262386160315517,0.09295853829612293
louisiana,-1,962,0.7534737183603325,0.4374384283176286,0.8561025257430961,0.9573431879589286,0.14293183726340902,0.37287509728789875,0.15508387002147422,0.9833107246168203,0.23335058479063114,0.8741547927198934,0.042236263014612536,0.7910150399049133
louisiana,-1,963,0.9297613071180388,0.3771359570671207,0.25540482458272273,0.6190411585343228,0.19800548330602682,0.6617237213931438,0.48815146497730344,0.3246235997513883,0.05132633117023946,0.982225768807303,0.32776645268568416,0.20371559273127626
louisiana,-1,964,0.0887526195730968,0.6135336098200376,0.003598492493329269,0.5558862013896863,0.04051695494735957,0.9599473108222218,0.8872718665683139,0.15439417732767455,0.7932842778508851,0.5550433296352543,0.26799704999523893,0.9045498994220447
louisiana,-1,965,0.9411736793796561,0.5189677905897118,0.7053502436032649,0.8797545556230829,0.22443388687451638,0.847109714228808,0.5188355020826138,0.03392787299117507,0.1828189203406441,0.6780615459907174,0.8773443195825097,0.3657050240733424
louisiana,-1,966,0.10463402260656975,0.7248390719050792,0.7686630281494558,0.5694181556871624,0.6682328870846281,0.5112670092902581,0.6093992788943726,0.7783516852600905,0.3679804863611241,0.36959127256383006,0.6862561629171722,0.6212217149417399
louisiana,-1,967,0.8176890999803,0.6354343181975872,0.868031854524564,0.6391634490135418,0.06147591021695755,0.5803839670806413,0.12528330469598098,0.0009602921475231654,0.36832179480484906,0.28452360125894643,0.13065692512880278,0.8366450803900182
louisiana,-1,968,0.7732163121984188,0.9709525965142815,0.8138301205885307,0.901691359733534,0.36219767248951296,0.6289382295684697,0.13383644649687934,0.6598882363575659,0.9883071567799453,0.6109032125449037,0.670250543507314,0.8192290216515731
louisiana,-1,969,0.3176682598826182,0.23409749025265694,0.48904489353118236,0.15919788884210678,0.6213850013395736,0.11366421143061178,0.8039440574176908,0.24272340192547268,0.5470824200031311,0.20343526372394793,0.9152247205363608,0.45764463062297017
louisiana,-1,970,0.8755543808226882,0.041582864489692645,0.8157410498177582,0.7063988627460218,0.6177448400810962,0.23815510134397416,0.2314994861408552,0.7068219084908809,0.3013279013844706,0.12349456873928687,0.3550957185564718,0.9998891519871196
louisiana,-1,971,0.6206696710234835,0.05350091105076767,0.8140738069323896,0.9137840702412605,0.26440322670369154,0.5750104153336963,0.9594770925815735,0.7119488963409919,0.15144953973202455,0.965336729106096,0.5702696502911879,0.8927014183284001
louisiana,-1,972,0.19489578335002275,0.9150711396207478,0.29026289728094706,0.8001224436581278,0.6448215004155586,0.14589423218552544,0.2920364949810751,0.30829812625234576,0.5014270939602263,0.6804744699502232,0.0017345632225908058,0.5659136764083667
louisiana,-1,973,0.579311338001098,0.24742982616745782,0.1250609681711068,0.8025854061420461,0.41429370145702926,0.8640667374085743,0.16884708453650954,0.8182988989373781,0.2374066756025153,0.19570375466204226,0.0456163872231223,0.14961593564390732
louisiana,-1,974,0.2978440927288246,0.3387500711857159,0.36615097288007314,0.5492728885930808,0.3970596746978097,0.17272421808395083,0.2504439252615187,0.3644648047856578,0.44260086704820345,0.2522667520703662,0.5943218771991858,0.11791473084973549
louisiana,-1,975,0.15349921515054044,0.2389482220584476,0.3554115312573796,0.5531790976633467,0.11049200633637662,0.40373703410707895,0.13522864530549067,0.889175362134877,0.8480338591042904,0.43575693093333384,0.4536105820384452,0.2923551091168048
louisiana,-1,976,0.8032130075000308,0.45996741277077857,0.803357853657013,0.45202612590979824,0.9790605978889206,0.32392680514523564,0.4347973507680969,0.11878301883836284,0.7787210298362439,0.6937950332679226,0.20209046555230156,0.3284389399439006
louisiana,-1,977,0.9575691260715304,0.32488913323163915,0.978915272891773,0.267860857823058,0.26160215971200496,0.6728410035110776,0.32591133747697226,0.7933590936182472,0.6397090925160617,0.6075683613561466,0.7415668457853604,0.40368142696156634
louisiana,-1,978,0.7091249296829881,0.28651995801518765,0.2067796317625724,0.7227313446084375,0.38625268642450705,0.02272745576447405,0.998104976034308,0.7800848969290104,0.04993359811402432,0.1812743312773945,0.8654895562196975,0.10379738200245396
louisiana,-1,979,0.6789137467492116,0.28536856654824677,0.11203510105936348,0.2293424721024184,0.8203341295667128,0.018583784756788898,0.3944539757072172,0.7362613756664881,0.1151980351007841,0.18272702232716637,0.6745245907678993,0.45973236890781555
louisiana,-1,980,0.9382144040616609,0.4280896060658322,0.7320733927841081,0.5093342364450446,0.0026258236845759313,0.8115067881161474,0.22259810037580982,0.7159781293391064,0.9041267453898486,0.223525903318159,0.2391984997188717,0.4366118325296681
louisiana,-1,981,0.7185810536884283,0.3397639472687155,0.4662546645912549,0.2458781187331912,0.5907112421444777,0.5945558767697884,0.15409034528830087,0.6814712757816882,0.14781231539944234,0.8059579601817084,0.23843612775600756,0.2544899881863604
louisiana,-1,982,0.46537265729594796,0.6275085386101562,0.2743799930414471,0.7219268188303113,0.7251624633071688,0.530338063411252,0.9256470784048882,0.11465781752226042,0.6961166561801744,0.515616697424885,0.978217126770008,0.31378746567308874
louisiana,-1,983,0.8867772558918704,0.6333644704781537,0.07689101553149985,0.5377602120001698,0.9698534008956398,0.046303640895166406,0.11669777354629562,0.4458036603484171,0.5340608398132293,0.05012007794327646,0.09175725279814992,0.4646048835453698
louisiana,-1,984,0.8883751507698873,0.49260619813589257,0.04153235205643756,0.7803819128620612,0.6289684809164354,0.6231594861862104,0.1712740487891249,0.5719921731999563,0.9211228234453152,0.2768120153754744,0.05879673085130871,0.5802466752441575
louisiana,-1,985,0.14507919323444707,0.8095036000631921,0.010801919355304073,0.3083909047537683,0.11128352937066084,0.9201741211087044,0.011160425857725732,0.6620152876591298,0.586234435910853,0.2329868427894601,0.46772383401229267,0.7410635983242622
louisiana,-1,986,0.4304528461767378,0.5236416553560924,0.1723648632266223,0.3957758469623274,0.49055545240822734,0.12585035675488607,0.8054720314720087,0.2919041764252398,0.3113552738497382,0.6462362109682622,0.5086603681334005,0.9153814934273771
louisiana,-1,987,0.4416266917787205,0.7470315257520758,0.5378593467865024,0.09813779484741293,0.15623046219761885,0.7142561613960713,0.275978771142964,0.4174653334052115,0.8760093539534998,0.8044136710431569,0.5678368861469373,0.518801307150382
louisiana,-1,988,0.544684022016169,0.4456550241222037,0.8373705458810451,0.2076542994399417,0.6996420055272502,0.04793792285514766,0.8463356956577186,0.5325219342616988,0.1440102243056637,0.36305219769583214,0.007542816675723357,0.3032520904261071
louisiana,-1,989,0.2658693363162855,0.776920081444509,0.12442540809338937,0.8474361994867157,0.9120122349082276,0.09839949032546062,0.8186932146850855,0.5638339333751289,0.6973896238783621,0.40137916779629534,0.12641182285953084,0.2710220171069593
louisiana,-1,990,0.997071323942508,0.6328407589519006,0.19528272773206976,0.5812232204998949,0.6232274359814111,0.08062558800482572,0.5335642439051224,0.26768942319660866,0.6122654114423892,0.6455196096801976,0.5496007265450434,0.003885433757807206
louisiana,-1,991,0.8828262977082573,0.9619371608210244,0.017052825895663815,0.6580915411848561,0.413582558868192,0.30627973336071274,0.3223535342343701,0.5885336134644731,0.9584289200542845,0.45232073498195235,0.16032659108087507,0.8437689322000343
louisiana,-1,992,0.6419401710816047,0.9648471101388805,0.8226008670372559,0.6353782078898164,0.16781740309449267,0.47447616819701965,0.9400437349087236,0.6543783917622464,0.521348578315877,0.8030771577625662,0.794994076112786,0.3578053786527289
louisiana,-1,993,0.9340620761644058,0.605534206753901,0.1984815112435325,0.8615338305533786,0.7321523920756218,0.14140610505640286,0.31318486294751463,0.1381461666504937,0.596701881527923,0.19673825191621172,0.32076538770892526,0.8694874656987076
louisiana,-1,994,0.028746868398152783,0.36734425932246734,0.8469109791920689,0.49881504482708117,0.11787385804180371,0.9688391214503245,0.7474312652614931,0.0669256683940741,0.9191725077930724,0.8734856706181076,0.8575306219421732,0.8400663402053861
louisiana,-1,995,0.371921920407194,0.5292404025754555,0.6370138985073407,0.020658421071821153,0.37493499311522055,0.25828813849235,0.07852736022691302,0.8747372321653816,0.9137697731177181,0.45949969018644143,0.366743657976468,0.19098610559380938
louisiana,-1,996,0.7367014591465888,0.546430232548166,0.7393030224323573,0.05417204298082082,0.4511814518834041,0.8751077609109048,0.8541043635020735,0.6016687941588096,0.36453338636279015,0.8798310719681128,0.20442472380816698,0.5084198735864289
louisiana,-1,997,0.4842442816921204,0.2321926948133894,0.4111412129958752,0.6773987152379914,0.5362234259859859,0.2759013603214099,0.26843608483222886,0.2775613697757328,0.6995015961983464,0.579293039767353,0.8267717610432372,0.5100349511090048
louisiana,-1,998,0.5940764510635725,0.45365290099876904,0.9990485467740634,0.26033984418376643,0.27659928535912603,0.6690463061290802,0.33596756895152213,0.2513188537061144,0.20515483190969014,0.2788023332520732,0.3593218178983388,0.3444829314265513
louisiana,-1,999,0.9913270524037141,0.18591064921862172,0.09330793127216945,0.002969354383915064,0.027929815787841997,0.8436343229977559,0.8061223977373607,0.4384074428090835,0.11603849677220002,0.22283205027139477,0.4153878639290316,0.4344702467073252
louisiana,-1,1000,0.9130577847988933,0.689312413338764,0.25651199275770414,0.3995738235629877,0.581141901231668,0.5698892273511923,0.023356560856115646,0.31172179824192076,0.7545453143177423,0.3827900572199036,0.4773958480220312,0.19200814241288927
louisiana,4,1,0.6393630777133752,0.2613325305557979,0.11589531062770451,0.4569088592569238,0.38937550783883657,0.06525361612252024,0.45224449783599063,0.3956088607686086,0.19089055885255643,0.6814115871146215,0.19975826563533014,0.9692203778441049
louisiana,4,2,0.5244224940712546,0.1411909792460871,0.6252910080039956,0.36973985548823246,0.47566663378918755,0.01797888647601569,0.9124139861415289,0.8940089369623502,0.046744981106852164,0.0007976962589331767,0.725033730817251,0.9023450396127672
louisiana,4,3,0.4387752352373975,0.902956385325474,0.0990147618427983,0.5116024814117791,0.40529188363231244,0.41692918548828795,0.8324134138269755,0.40610286718991917,0.9293654467649617,0.5750668969419245,0.20834979147810473,0.17536519827271654
louisiana,4,4,0.025503193502487958,0.8335530452233892,0.6668403190996776,0.3018186851760918,0.5696983470253396,0.7789867365920611,0.9956286041665025,0.9941534980386395,0.9468925418512129,0.5067643355237537,0.2273829655657629,0.11364673885027528
louisiana,4,5,0.22532299984861293,0.7183387433212578,0.29116776141034695,0.5075582286886008,0.4994192000171882,0.9185674576484221,0.1833572060033241,0.39751191156852983,0.32832229637963484,0.36223376852152667,0.9472915272507089,0.7644924071434991
louisiana,4,6,0.6139072198937792,0.418278669549571,0.375006145798519,0.23623179642214298,0.06535039152963007,0.562279104479405,0.7257470921458994,0.4000054517608631,0.2695533395089905,0.3731631645236154,0.24020644564467705,0.10220111458551483
louisiana,4,7,0.34009364453623964,0.933276747908805,0.7280740749343093,0.7143416790163912,0.32362018493904454,0.746169060087971,0.11991395839647132,0.5382058265618742,0.005429547076553218,0.6350273214966373,0.6696078572163185,0.6968364490125203
louisiana,4,8,0.05937835865488388,0.8753249074544394,0.5073537372110548,0.7015839906209654,0.3289345761239898,0.27002637326305595,0.45957425186320716,0.710189830901573,0.33996889509523387,0.9044403224079469,0.2737604503945151,0.867758372345123
louisiana,4,9,0.5584534723233013,0.1824725656153977,0.20790852180892186,0.6325587639985344,0.6727137941291641,0.22744410470869375,0.9442124012016073,0.11551648361258114,0.9032464729875122,0.7640917049596015,0.43467351774337426,0.5959878927565683
louisiana,4,10,0.29148551825383356,0.033847123405208304,0.3358114893497947,0.15847863402802118,0.15266675459611595,0.17803390287007065,0.2723420694236845,0.8636149593818644,0.9082709616671746,0.10163232255473073,0.02967955995893896,0.38529530155845637
louisiana,4,11,0.45994381480124774,0.7469604733128979,0.7603593138337754,0.07180490852894807,0.75501875265706,0.9765666239863457,0.6494636069984066,0.4181264352779894,0.7957467571754868,0.3356696183707648,0.825064860797875,0.9032989492268161
louisiana,4,12,0.9506930756617094,0.06602999453246763,0.03221749363077686,0.2897540007634927,0.07966529386542336,0.7872487802214954,0.051925112640207306,0.3873635792274052,0.705962174900679,0.10997943066228388,0.6712509131571726,0.7662955485513243
louisiana,4,13,0.774072214275134,0.9448393683372929,0.0008410978628079026,0.15760420024586494,0.47226001221633374,0.9053679529914404,0.053848322860122894,0.6530660469980172,0.21149774315020853,0.03910855251726518,0.934056109524026,0.613293535271254
louisiana,4,14,0.21356978211392424,0.1843255535144196,0.3301835217408106,0.3627290994352037,0.5028472683128827,0.0760130898118695,0.9577274692828301,0.8198348159361626,0.9838713614125503,0.9770139567760776,0.024424550981362137,0.08408741165194576
louisiana,4,15,0.6104701845893655,0.02563311906366561,0.5420290048202782,0.24165348985005128,0.40745544102551307,0.4662069481760577,0.9132190476709333,0.4986494111639814,0.021606216637324004,0.36705129132109554,0.022210382505179736,0.5113841926532625
louisiana,4,16,0.8018598014654039,0.7374901098408289,0.3860500557890505,0.727491836974551,0.7930242984956896,0.2633794411506671,0.599447449681904,0.708138580369528,0.7948984212811422,0.8968106072505928,0.13824460267579164,0.9654481261162978
louisiana,4,17,0.697182522492947,0.029153626011725945,0.4492248421959966,0.5250215760726314,0.7098397509127866,0.7410436037445348,0.058130253091642325,0.28798963161504115,0.943390444108048,0.5847303109541682,0.20742304038810194,0.24377023758441302
louisiana,4,18,0.3224508031272483,0.9923701602642645,0.43377255525170133,0.7949590848031987,0.7481158647929531,0.0339430042700987,0.44477588912835736,0.7654670593742625,0.37073539880563483,0.31743919596670833,0.09445972822092571,0.5007775786731803
louisiana,4,19,0.36837835675346114,0.43242977580472997,0.5275483675235755,0.8161757290555922,0.9119874819854504,0.6640206711912785,0.0697688447880124,0.0838181759402805,0.3483015209284555,0.0181013511084525,0.8977510926703012,0.20597402161531236
louisiana,4,20,0.6171307418294778,0.3703089845285718,0.5471531363870702,0.8030533020289046,0.6620683157072988,0.6579691954507044,0.9827461711359416,0.5899980708541115,0.8983502373656105,0.15924757490214403,0.4523172854444439,0.3301288006700799
louisiana,4,21,0.7899347615585869,0.5731697857163645,0.5230347853630889,0.5299844396446639,0.041040491332382335,0.6003056079745097,0.9873422775152373,0.01634632826233887,0.6295915268785581,0.17252658643522703,0.3647646860058831,0.24623022915155612
louisiana,4,22,0.42989853844848847,0.9720176032794238,0.04235827801257859,0.7652657080079622,0.46080629159053865,0.7842559205821302,0.7691276947399289,0.1931416861347621,0.9920777014205211,0.3962519075746607,0.45477475347183094,0.7639102246603516
louisiana,4,23,0.1422837992121425,0.4587520535340971,0.7480441153458625,0.17838755953868868,0.7921542056120956,0.12415883395996226,0.46458079474747316,0.2796008261693393,0.012982680060485467,0.6040854766486969,0.01619083926509686,0.19389448209715843
louisiana,4,24,0.03277176913666356,0.423208184020177,0.6326828757975157,0.7568389726401485,0.5087359357112733,0.8378831887600687,0.6587948748717658,0.6707067727737648,0.3358697331006033,0.17093869360701772,0.4587733796052591,0.21277421852654585
louisiana,4,25,0.8637041224648515,0.9976979788342756,0.24390431399848178,0.07746069795184188,0.6359118141278844,0.1698807440080754,0.7803563429515623,0.6824348197989799,0.3239425104205859,0.7288882206905328,0.08963702395767323,0.4015921580888187
louisiana,4,26,0.2891415484166051,0.8114924474553346,0.7459629719193481,0.895229359469259,0.36538074057278497,0.7628718618683064,0.7268158402488688,0.7604550631131007,0.7345427252652184,0.5402800298942707,0.892059020164849,0.8300536436702688
louisiana,4,27,0.7026595249971606,0.1521226696602644,0.22031569715589977,0.8932447043842526,0.1488592360021032,0.07843519991444123,0.722754011229489,0.05043717489828885,0.6530419911277119,0.754438858079712,0.18368305165001836,0.7817245147503437
louisiana,4,28,0.04752211017677089,0.3066709365418728,0.5042259720325748,0.516222619784271,0.9673040044333092,0.34062466086771276,0.5032642862095651,0.8527618514442665,0.8373445232035147,0.12622238070693928,0.15471740785310517,0.22526535465791203
louisiana,4,29,0.7253132658637547,0.22085564637957414,0.10070027168246233,0.9095788302932741,0.6738400492809506,0.7638491842711144,0.6937641103069482,0.6928954086982677,0.5977332317827927,0.8660200923320712,0.2173626848959688,0.650940536961272
louisiana,4,30,0.79508479974699,0.4009572032929813,0.8175402180185108,0.8454491052270315,0.7971117992770886,0.16846825422188832,0.566223760294724,0.46805221798754165,0.3868063483848337,0.20900018664357542,0.07080746718332916,0.7506042042457208
louisiana,4,31,0.8840790502482774,0.61792695917746,0.9416474997075944,0.28137548268755125,0.5344816486109352,0.6031423924187621,0.47339798234801056,0.2351306087917007,0.29449879452618233,0.4924192304324194,0.3472750224524231,0.9606920305891737
louisiana,4,32,0.05839094532729394,0.9594712364336484,0.9389216007556953,0.7079196366725234,0.20456510414475368,0.9496564284892991,0.6645097127993562,0.6932903504224841,0.08291400425310119,0.5640651256016523,0.008820236183269055,0.3352780911068302
louisiana,4,33,0.073773835858797,0.5576135564445031,0.2845189872407324,0.6033275521513416,0.6759476031799264,0.36471605144775293,0.5075990438052825,0.10162744024910847,0.7490961129617691,0.6213814087728372,0.14830524738622827,0.9559416426659728
louisiana,4,34,0.3525041361878132,0.9822709697739322,0.4596699034841608,0.6099751155367151,0.33589074073885417,0.10707273741849806,0.36971890357053033,0.9657138404531365,0.45134768210126247,0.16420508436936349,0.600367232351567,0.33106585825161233
louisiana,4,35,0.33324330833196897,0.8515221264810399,0.46866373107835924,0.22706348113314456,0.1940236827043718,0.3839666522238641,0.44100068989324975,0.5471452572768681,0.4045280609060269,0.024579095886378452,0.09918270898390423,0.14879395981166665
louisiana,4,36,0.6095164880805648,0.16126632095157953,0.9033060785643291,0.88409134831955,0.2914689320275899,0.9048423817632169,0.02270610930164141,0.7575770880397964,0.8055902777335183,0.09546834691660794,0.6821307857768105,0.4864053802841393
louisiana,4,37,0.6215058645922522,0.7432999352938923,0.8217587464094547,0.9728118988281554,0.34433132097314106,0.04471317175260044,0.3514680359554774,0.9542949324799624,0.8796091116891214,0.3761725462676008,0.12201542439172408,0.06396913965541341
louisiana,4,38,0.7650447615679575,0.4094273949755417,0.48272594901859694,0.5003914633062541,0.895783902609696,0.28716443584728074,0.6307117587070238,0.07907622316700336,0.324518054473788,0.013450026077109536,0.8126996634114757,0.3957422239035639
louisiana,4,39,0.4115389512033783,0.6699073559220606,0.6211359348776588,0.9357890299339153,0.8179534529894228,0.671344851337811,0.707482272411852,0.4696642476258808,0.5925211872088219,0.7572034051519374,0.09768639875130396,0.3493494303204704
louisiana,4,40,0.010315680815109043,0.6954168079744404,0.18382644598960535,0.5060086807114432,0.6002325486267772,0.6253584388662621,0.4631848486723952,0.8413472052995511,0.9574757002854403,0.9501680681038484,0.48507761086376305,0.754635749950016
louisiana,4,41,0.21006031670059924,0.6290780207740322,0.6385505675944246,0.41876517703750216,0.9372106000531761,0.5378643018222973,0.5013537821741263,0.9425826446646082,0.7919912687944428,0.5399702347146229,0.3629492064154203,0.10785786434834818
louisiana,4,42,0.5178553670572901,0.32862684459233427,0.8333616353627394,0.3107804403362445,0.5914242855141195,0.9585852286783909,0.4196275140339605,0.02090474137752724,0.14224810979393512,0.23816526919064054,0.7916011452029958,0.07445596110805644
louisiana,4,43,0.8026089975153821,0.5375549784520229,0.16697240414377384,0.5331631932980134,0.9107033774579625,0.5720020671847638,0.10569348158296027,0.6156515399698845,0.24531974366313164,0.07397977929788847,0.8815173924061069,0.12361132452453938
louisiana,4,44,0.2844407728573349,0.07451103633958293,0.08590994708594678,0.03872610541825271,0.3776247010902727,0.45919916474145805,0.18457499334043567,0.1597462187519146,0.366650614890368,0.9955628151576492,0.12971692459395676,0.050033745735884864
louisiana,4,45,0.23609248556412452,0.1328986407062607,0.3615935750713777,0.9120796691164521,0.5681363697769386,0.9546552332764604,0.30947352553281804,0.03145705679324722,0.13858757162662505,0.5458425300792157,0.7742793582199198,0.5555233444128578
louisiana,4,46,0.03686369762892459,0.20660610817742303,0.8441328931603886,0.035079848349215965,0.5740682989729639,0.6095887477165034,0.18293022138915244,0.9206855860738238,0.5436493800868686,0.8149642200309638,0.5475204499756311,0.2314038549511511
louisiana,4,47,0.3551268108971647,0.9188670922333396,0.2929047139025836,0.18325246784990148,0.3243818115023591,0.6862336304927714,0.2084826250083348,0.0912843762835282,0.8111704003384551,0.3513984673214482,0.26813742463575413,0.7463699806214608
louisiana,4,48,0.37991414760020237,0.8478163558197128,0.8810674434048997,0.775965749633145,0.028120681350283012,0.5844807364295649,0.06512529069856603,0.33320703750594804,0.9635261026176202,0.7656348645195287,0.7323446181674758,0.7512602492776941
louisiana,4,49,0.5158464394965169,0.47691543919704077,0.682166717236101,0.3313804070573223,0.45593682032598415,0.08577012168586351,0.9206232984756342,0.39602008462128946,0.8738027450919981,0.9498645235517077,0.34371313487942023,0.8712931462066749
louisiana,4,50,0.18883479827731942,0.08154774765161647,0.06929407716017975,0.8547147335443124,0.8011840547349921,0.18435150224630234,0.8485289503338512,0.971294308023855,0.8199460194319166,0.37137436679596786,0.07568692106619815,0.024719943548735662
louisiana,4,51,0.4764288046418114,0.06351856654504,0.9938972345423115,0.48040561177844104,0.6196688251813216,0.7032142022115934,0.9198796437135293,0.32129343694640083,0.19932574372132944,0.3029277946774943,0.06216325597135432,0.007045583731433116
louisiana,4,52,0.7245266325184397,0.5600925628018038,0.0871380609151235,0.48913036259420534,0.08177851539324432,0.4240238364616079,0.4399419190973576,0.7520231486318817,0.3766958150832684,0.8128760282885793,0.6783748612272359,0.3724321782595155
louisiana,4,53,0.9114518127683569,0.8264633958235513,0.21343326645841157,0.17290060268147453,0.726924607189638,0.1545126347119509,0.3627663664230086,0.6743071395448514,0.6706099456696949,0.6240720098668892,0.8227401151062212,0.45348470050257156
louisiana,4,54,0.017627015592439906,0.6451359226668457,0.06512961653474574,0.6984867706901406,0.7167625153529197,0.9675546580219784,0.4874629551748122,0.4914316570620799,0.14546142952372376,0.5023207504548309,0.5189324933741641,0.26105584255130676
louisiana,4,55,0.16085982161580395,0.35136072644031296,0.1096315832673584,0.29645554530987267,0.9203895264577622,0.4959083267159585,0.5822776100814759,0.9603872533138689,0.603872555127131,0.14524687797514257,0.8370884313418134,0.752954815989627
louisiana,4,56,0.6459563796896499,0.030429774979493295,0.7178347228657043,0.4261401583840723,0.9892280308349704,0.8591926643215466,0.0854200731028584,0.10377668552692183,0.8645229704272873,0.8508804340499112,0.8804229197692679,0.28145748952950517
louisiana,4,57,0.9814710752421024,0.8859347990515162,0.052433284931320795,0.5380559985462985,0.7155138991813222,0.9380850446254947,0.17389955752746672,0.8859734287816676,0.00748185497731218,0.05329463671367447,0.2662668297134109,0.8503375427439276
louisiana,4,58,0.7847506299635595,0.5429491808625767,0.34051077783943956,0.17601739851634474,0.9335837044028148,0.1358255871282831,0.11523397696155253,0.003476293590788813,0.9404875399306458,0.6735168649253054,0.8518670349271735,0.2790934271103618
louisiana,4,59,0.506921543001542,0.9805564560675224,0.8068404459210466,0.23184236285259863,0.877418937323604,0.6048927175864187,0.960701354407862,0.9783137288309278,0.6895254294071016,0.8763842417157997,0.9598094237805633,0.6027419146314587
louisiana,4,60,0.39383375445887786,0.8692757144110973,0.9314050267932329,0.7408750159493228,0.46736956153963205,0.4767541843387087,0.7178494931400149,0.24408030355156746,0.8585724517563565,0.8680434897654588,0.4220862019248673,0.8782510587058076
louisiana,4,61,0.32016592409363703,0.434253408830234,0.5760917758156128,0.5761721246176532,0.2600693194220571,0.1286286093596054,0.02626892603663021,0.6214829335968228,0.7719099170768088,0.3001512243227301,0.7904048643951896,0.11242769382239128
louisiana,4,62,0.10722676028688788,0.24571443320442887,0.06159043346504495,0.0008273745891481611,0.020217991240116043,0.5858121984747291,0.5478009458912378,0.03847526941529805,0.5748498540555723,0.17887356864236698,0.6733657421608061,0.211898076951663
louisiana,4,63,0.6954410027818745,0.8593149888867346,0.5121841063678881,0.6576994230091705,0.6661975161447224,0.14648062657896924,0.6803396952569212,0.4347369383573572,0.255441256919272,0.37518949607546187,0.2552060681866593,0.38245264540688584
louisiana,4,64,0.01286586843772239,0.7782677862848398,0.42811472942110745,0.934849492861726,0.6809168237842176,0.8620517233659979,0.24389850583605527,0.31293314611921463,0.6182085263880399,0.49320165796402965,0.5296892302183674,0.4212692296784542
louisiana,4,65,0.5324712683184656,0.16607313187398914,0.158691470243677,0.8990416411417619,0.15925754486594546,0.4988211090068199,0.9336841804750426,0.41955210555934414,0.32619244047454227,0.9839373634039806,0.28476462917390283,0.3485692882236417
louisiana,4,66,0.7454198042173106,0.6225090365525062,0.357921523512076,0.19531092591858734,0.6129534659165461,0.7480376439401156,0.00611792583397027,0.8887995415703432,0.1578222580939645,0.2664740636742377,0.7551509859028445,0.08902835930547137
louisiana,4,67,0.1527099382990485,0.6065962116232141,0.8576696715650359,0.7951689708403523,0.8683725791150859,0.9472096718828682,0.3832814013385419,0.41633715811579997,0.2782785894244017,0.7958345406145668,0.5349299963532121,0.36978746718732103
louisiana,4,68,0.2706145300889158,0.9347064571704273,0.3082232096990884,0.2138963949707883,0.43678397344365466,0.6584739036546936,0.9668749888893976,0.2937102250255772,0.8570006614485993,0.43845622205518003,0.5716463142932829,0.8652339238664921
louisiana,4,69,0.6507622761655995,0.5059418845574014,0.10720044258113164,0.08257513309300073,0.27845586903036207,0.8176520739396056,0.536331319786839,0.9686532527738643,0.584265785297042,0.566672031758299,0.13631571696469535,0.9260345419458061
louisiana,4,70,0.3298296045093175,0.540093379745897,0.96835828030538,0.2939906689667635,0.452722813127062,0.9697420616384868,0.1515956621505125,0.5349520961810686,0.1750968887823702,0.443914197619655,0.40297076308980034,0.4874537505668945
louisiana,4,71,0.7765544941753355,0.043431937556320216,0.9145543199158743,0.898611709963541,0.41690381298093404,0.08379762162052447,0.03670487107126055,0.9893591235982824,0.008248986516412739,0.472073061859508,0.82177553922862,0.2683257598090321
louisiana,4,72,0.3255583122998471,0.20320492117825736,0.5244942794715381,0.04403850996240511,0.4711559977413559,0.4140476120635855,0.20266373571306678,0.06458818510768122,0.3360380380940043,0.511884403673597,0.8049995795742304,0.9646130099102912
louisiana,4,73,0.8619784598233882,0.36681536385796665,0.46139552666381894,0.02655416335693174,0.8328496962893011,0.831815752691213,0.14657976888397864,0.8058018417473999,0.7742395513610866,0.846239144940193,0.017616632516929843,0.4231109135302739
louisiana,4,74,0.34678896110068774,0.19590005743212108,0.2000452919873849,0.2396882695890459,0.48885815507235564,0.5866452272078961,0.9082986809091174,0.3751310033899349,0.5187521676153427,0.618110414586604,0.76107762277275,0.31596973408433765
louisiana,4,75,0.691143835659029,0.1500660273019645,0.24874700823860485,0.8968256990215842,0.18507527074048385,0.5336165376679927,0.7092317281618,0.6220923698665832,0.5556524518598279,0.015556614474260629,0.14678817260719543,0.8620669471346749
louisiana,4,76,0.33075416205054525,0.3123101553402433,0.6071890588564932,0.7637755199567079,0.2799292314058504,0.9195908583234472,0.6362094462139349,0.4289524812895901,0.760984725911532,0.5877475674490973,0.891357215010072,0.6526507460164153
louisiana,4,77,0.5304929640583425,0.3886042259699423,0.727552746433451,0.47297541207802607,0.2207884773785975,0.966377034377286,0.35542844670992396,0.44880042155397865,0.5544355155788866,0.4421460932104571,0.5101745789583714,0.032464354809125975
louisiana,4,78,0.6375640555833266,0.4751527105187196,0.6901058892574602,0.21807118106798767,0.6918170949397326,0.031753369000107855,0.9095099336231227,0.005871077866164752,0.9934111626751322,0.9401416023586836,0.5803840899889688,0.4754770944361031
louisiana,4,79,0.8353241100079967,0.9749787443653337,0.42353450954008204,0.826596149983279,0.7536787094047985,0.6758091910853096,0.08777676405945654,0.7071262537371539,0.2186749547190646,0.225277493199115,0.14221474291330904,0.5230695281034844
louisiana,4,80,0.049659918769041876,0.35311549206720344,0.4019172869350172,0.8911407735494339,0.22674712237636865,0.8687322016358249,0.07695602099367377,0.8686211924766855,0.8706957825377177,0.755154921077551,0.6320010862133925,0.512261544610602
louisiana,4,81,0.8386998024194617,0.41698139669944695,0.7142979226037438,0.5657541418716631,0.34126554576504914,0.3191092454337924,0.9142182487839166,0.33952224200745307,0.7411376744081092,0.6612522069832426,0.07488039068333475,0.8286429752682533
louisiana,4,82,0.5728503076012091,0.7171454670728453,0.05529307283969013,0.805041399904354,0.6746755445966574,0.7740872918655547,0.4202300302905326,0.6043465344772784,0.7212702243384498,0.8424883222054269,0.45603501275482905,0.6943717056564956
louisiana,4,83,0.87780547383543,0.5969945873746594,0.49031957106142743,0.1194965163862821,0.25771886212513234,0.6066330629420208,0.6720191203986676,0.6880086032424909,0.5770142466024766,0.5279719752406072,0.027311359619096254,0.7788553187729103
louisiana,4,84,0.9466888053936278,0.6563093133238967,0.43544382919826174,0.7927585269268861,0.5265718061005777,0.8911684131727534,0.588205469135118,0.07140863604704693,0.5565620165674869,0.29002132815318316,0.9977539110531749,0.06890995865818501
louisiana,4,85,0.3779645167236712,0.4945107049207801,0.6366028212885857,0.1202562775698281,0.9945916942100101,0.02382378106094502,0.04767730133150124,0.8168158039464156,0.9683617889999065,0.41700810575123043,0.08305903345737693,0.806850702327728
louisiana,4,86,0.44455055211641675,0.6997294015848988,0.20282858863890904,0.4142861974487273,0.1327220441550431,0.47336615197424825,0.1483432859253356,0.66346814119819,0.07170373743525321,0.8607258872061396,0.4136158152034589,0.1883438012492718
louisiana,4,87,0.15916736588334046,0.6479513387309347,0.13996266618231215,0.33511129304067117,0.41209359661513284,0.34821360411183133,0.753818584319485,0.3565719068509219,0.4950634880560617,0.9588411471012235,0.6462003509030203,0.30772909676908106
louisiana,4,88,0.07158515853809154,0.5332553838970947,0.8237944363392063,0.7910527928496993,0.8652534206847451,0.3123975560075754,0.799529030464706,0.404765910812571,0.9343601667888619,0.02285727987938518,0.31439757532219526,0.16630854567923292
louisiana,4,89,0.6532398228599603,0.9325225260314215,0.591963098565871,0.9174470829316854,0.20527536116206224,0.9749979996001564,0.984279336499693,0.08295430970565053,0.22035226015954404,0.600155583254402,0.6852541846077648,0.12546994734930372
louisiana,4,90,0.1672026616027801,0.5121872389250451,0.014628833503155239,0.1911566844426232,0.8703478266668682,0.866617154109809,0.13828773339027317,0.2617231806919946,0.9275818701299064,0.1332715949307318,0.43098721659794687,0.47641449723091667
louisiana,4,91,0.08923667601964319,0.1969817109886872,0.21037732755603933,0.6275573811208408,0.851430631985035,0.9170515992121946,0.7811291568069579,0.856701355289782,0.49429295299065124,0.11167475813854998,0.40576772236451003,0.9340688621902743
louisiana,4,92,0.49630882417724814,0.7167499761429136,0.7065300642736729,0.40603341101293167,0.035492178707847856,0.058328947372255496,0.5776931685622638,0.43076631593761716,0.690272121755025,0.0682853392703837,0.18931234011346734,0.20771932935349888
louisiana,4,93,0.8074613798377176,0.3542747187415898,0.4753767703980021,0.051415352772262043,0.10632299783866327,0.756673020606475,0.12996106250975584,0.9091256094920528,0.6932560857739367,0.7912411533619798,0.5770773381910221,0.25012324414483084
louisiana,4,94,0.4004532923898658,0.5507876674324789,0.5557898416248681,0.45929767561385526,0.17645246402625503,0.2590806518107568,0.04690089739574829,0.06739009993373084,0.5295906606616586,0.8346484349564366,0.9081831997128956,0.3913897804616038
louisiana,4,95,0.8473451763071925,0.17210596963584998,0.06410189693451492,0.018031055566239827,0.3498584255699606,0.6518492734597919,0.674246763966077,0.42930282751347343,0.24714827803523445,0.7251539942863228,0.8736160975982374,0.07661785149403728
louisiana,4,96,0.6265459089596266,0.08833915519320873,0.958917356640568,0.8368401678133326,0.9460666211413368,0.7919958583180733,0.5840998221034218,0.11693626685413044,0.7833863278414446,0.15868891824464337,0.9110344486907912,0.11044340724057923
louisiana,4,97,0.8199133868754391,0.8056760476186269,0.09195961403675033,0.5880027332812795,0.7314995882466352,0.7941336751265342,0.10166259720034698,0.04460533008147391,0.4776525841647731,0.47687169372262195,0.7875330765732607,0.9003178871306307
louisiana,4,98,0.2741231081531395,0.21630071462789194,0.07102912951392161,0.3850464339695798,0.869642871518318,0.06742523381309377,0.9656775486201133,0.28216375984129094,0.868502326317658,0.8913070110854975,0.01271437866698911,0.35690183531518954
louisiana,4,99,0.692252398099583,0.4410002865783467,0.48364773034633174,0.40005314968386224,0.36694421388457366,0.320638305976283,0.25742973527760277,0.15570067048966357,0.019387453133604255,0.4122971297007615,0.633593641325051,0.146178666122061
louisiana,4,100,0.0940490862225732,0.8224173320386576,0.7834933036037973,0.46434811044180907,0.6010393757539925,0.4554598841028918,0.3266850431181536,0.9698343418771599,0.3044079448231725,0.260373326288074,0.44287286599253955,0.3293920998685127
louisiana,4,101,0.8892215363179642,0.4080925807534688,0.1929118080128524,0.9924121978194019,0.7513442182298944,0.7058268185226386,0.7708766855501039,0.3362981243317529,0.17710831078227665,0.8574108341879464,0.8395068451210034,0.471672918300295
louisiana,4,102,0.2442086346685672,0.9213151411889922,0.12350028487355569,0.5797350669373639,0.9976787268216633,0.772754000833076,0.0667808026384254,0.12717236942856353,0.055617970649819076,0.1503979932903727,0.203215204676652,0.05833086042332156
louisiana,4,103,0.29948114725967495,0.18062885919680075,0.04496972645955259,0.977799525095065,0.6796157103544457,0.7642465025634128,0.31924042326021995,0.0012291760205999295,0.9843368474198394,0.7145236139637297,0.49665736096363455,0.5327172750863539
louisiana,4,104,0.8598928697784869,0.10825336709826353,0.9366975566792812,0.5560717661234807,0.371757462507254,0.3212347477147776,0.5692846962109152,0.33485342061707724,0.9963157251389873,0.15649831752838533,0.9450590743731555,0.41013870941330993
louisiana,4,105,0.3811440905351341,0.05453050288608283,0.4380829312381024,0.6023107487222914,0.9753629568409489,0.22663261691497125,0.48413802789351107,0.007051890045583632,0.49970639773663605,0.3801429635366573,0.8740127414152238,0.11508246378111033
louisiana,4,106,0.3369690870216117,0.24306462593285033,0.7021057965105714,0.7539831766628418,0.06889147818912855,0.45323364753918877,0.2324699711085654,0.3427478291759117,0.5258669713919739,0.1614979357792623,0.5275926636589092,0.08093171946929562
louisiana,4,107,0.20622981007609645,0.07280179889263177,0.7154639661871051,0.4167101252027031,0.8746749768267701,0.828327649529222,0.7717030235321805,0.13437749013448597,0.5101713262265389,0.47424735665469,0.27896266839771944,0.8963750237366815
louisiana,4,108,0.11007054249303481,0.058174924027838484,0.7100091105316553,0.9041729170078523,0.16481821529346904,0.09230837825244707,0.6971378644196671,0.6677487946537387,0.818743627632417,0.21324909268586834,0.014268091229199635,0.0673208047092082
louisiana,4,109,0.4515960770723016,0.057923796844021914,0.9154976256200617,0.485590872314783,0.5979650315164007,0.9538874376389217,0.49400520207559906,0.25991760089930244,0.8976777507008649,0.5617019456568901,0.8332471878701774,0.3376129205349414
louisiana,4,110,0.6773084930892982,0.21765534362237668,0.2601854999882743,0.1470085994186031,0.09716019703989275,0.8014243985462418,0.11149241706256746,0.9672521319102546,0.33725074503021646,0.3409261846037943,0.8064058719639627,0.48554208805038435
louisiana,4,111,0.9633486758505676,0.28324482281361385,0.11646005100450703,0.3759637866960785,0.1146982420750396,0.29448249968412266,0.8089750122270415,0.9375325737984223,0.3908552102600863,0.3817862701160288,0.4894796778798247,0.49570429519729314
louisiana,4,112,0.7344900400725721,0.3422364803021524,0.2644291163933678,0.9081132796708242,0.8318958130273072,0.11470549708996627,0.9810743424610201,0.38102907000557407,0.9425601622708178,0.7358747995966606,0.6422235903079743,0.046860032874784734
louisiana,4,113,0.7944252175550283,0.4526076762338913,0.6081326457048091,0.9811440303222196,0.053630056907685006,0.054827177181547566,0.41454606625466256,0.48734574476712283,0.6064645033961271,0.02514100572958706,0.5757213960895861,0.2389086414474412
louisiana,4,114,0.5107637721206105,0.2884142694602405,0.5823876464528235,0.17744310585240264,0.15406490123896985,0.5577400727770893,0.8920670336266093,0.5015755443219847,0.45001653124057117,0.4664657125958692,0.7814888723268147,0.33843957595179003
louisiana,4,115,0.6987427946307037,0.6881497848877739,0.5102170297361827,0.6009783157255036,0.7634290868839433,0.8604475958604383,0.9558845246982723,0.3352816835436743,0.5178660034978243,0.45183184712339014,0.9746652398014325,0.31468566094880385
louisiana,4,116,0.16519262535295545,0.6676086517498501,0.03547104211715057,0.34021243006272317,0.5845764251400145,0.2196078916481064,0.2304664917005743,0.7713902108248594,0.5130387494050745,0.514513943472527,0.7260583890486068,0.6611874664019862
louisiana,4,117,0.2055368602370548,0.8182991928481831,0.14416888372764952,0.10433425906257199,0.019720681902428514,0.8512978114307161,0.2072453509107807,0.1642862969200526,0.5399206352906386,0.6760513000960545,0.9287593564086228,0.697692112723197
louisiana,4,118,0.8977335964462213,0.27902372578340096,0.660226428761699,0.6759099038059595,0.029260539732529612,0.7975451648961676,0.9699859920048647,0.05401140923640341,0.6751128823302167,0.906778924060554,0.4236932206797588,0.38356511737793103
louisiana,4,119,0.2837345127022422,0.2995892453853,0.834975654116003,0.883118079801806,0.12404729267310416,0.6156907802967213,0.6668427669665751,0.4551620419835464,0.8391608026130193,0.9127553084799968,0.15126476809849038,0.4486325092687201
louisiana,4,120,0.4879048193275745,0.07358275559910198,0.15175494288524585,0.04367064558175561,0.7884409603156511,0.7449693081524601,0.47726435798966216,0.1947603686783104,0.2733565193317913,0.6892408796017151,0.1161529199531373,0.3268582049750216
louisiana,4,121,0.06130858636807388,0.32045801177421934,0.3428070523035037,0.9457669481813417,0.775562063345965,0.16715019065784406,0.38888808730709473,0.5589307524204712,0.8311923665005271,0.24632624476970771,0.7779656560457519,0.5631283679137689
louisiana,4,122,0.9809075100348433,0.4027298849387845,0.7099367110161202,0.5703916332783088,0.4698416903550232,0.8951056590956042,0.7567959525903406,0.2301800580940879,0.7401283652859191,0.8897491959094975,0.7307513023424119,0.4143632747902384
louisiana,4,123,0.8786516178882312,0.7517310942076614,0.5362424036295068,0.54405811346584,0.08559471143537684,0.44005111481638287,0.8099056228182194,0.5117655926772102,0.7206561798307051,0.0761113338446009,0.9197903369243782,0.7840167621436496
louisiana,4,124,0.21460414590037366,0.6768739615502447,0.9752235415446314,0.563513260475644,0.7409253884192974,0.6445689428411437,0.9424726163517492,0.9043884684127294,0.9987900358252154,0.20114724674528103,0.4115119428894337,0.517721893330348
louisiana,4,125,0.5339296788375961,0.04914206026504868,0.8915458727677571,0.2856146290885084,0.49703924487653156,0.8941617247305841,0.851622932994152,0.7479251634368332,0.3654758713297526,0.5702815609508127,0.9601017348547132,0.1199938964415218
louisiana,4,126,0.8531192019019532,0.9530561007248649,0.5068546928034107,0.194924989941753,0.3022638110700293,0.2139128119420877,0.9764005443859002,0.05704356781448137,0.4866703361564326,0.0012817817530336505,0.2589902784170768,0.02346026084908865
louisiana,4,127,0.83060679272139,0.3033181785587448,0.09283609441922068,0.47961303005332734,0.3733688577933944,0.2771105147962802,0.1935867024339796,0.3540901795723445,0.4696364715912002,0.5291607239543479,0.5240957026407957,0.7060424220975166
louisiana,4,128,0.9969112685917985,0.9858514871322093,0.6231140674275488,0.717541503658075,0.28419736184009725,0.16630045780783115,0.41520414380521764,0.30268168018956443,0.5800018759437362,0.18330137605135433,0.13923466783826183,0.548617506540626
louisiana,4,129,0.5252551165605989,0.9556759461740804,0.6333887833915726,0.23471871539840763,0.4625751110824097,0.3749051899225523,0.8377101327651996,0.503641276347363,0.30757887237201526,0.7800489529040495,0.8939057295312344,0.048386012080849986
louisiana,4,130,0.5116406373742813,0.27213703817193946,0.32004872699972486,0.32828691933694804,0.7726374075941471,0.8991511332052327,0.5796140879435835,0.27496318001334663,0.7586001188984587,0.7232337330818048,0.034177536664039346,0.46079739431398953
louisiana,4,131,0.5931374268794728,0.3838428856323371,0.884355645599867,0.3475694986187352,0.4745046096934616,0.40214872933527773,0.9044305412123411,0.2520449161531253,0.7999897693887497,0.6261901982467601,0.8034939981018565,0.5157280921781108
louisiana,4,132,0.5162129936583982,0.3570736240374241,0.4165641284166441,0.6168960723538213,0.8166496247502382,0.4017931920628725,0.21635765512664618,0.9334351034554611,0.1318305865134028,0.7844509112125077,0.7177228946282909,0.604294489114186
louisiana,4,133,0.666445452246492,0.0652956355113045,0.541918138383224,0.42069035727300313,0.5486628697511121,0.8774441510757659,0.400367806220572,0.9077504176512917,0.4621032209817278,0.7786952800573484,0.48332449886998397,0.2528173399153053
louisiana,4,134,0.7490962226531287,0.36409906074293247,0.59056685773347,0.1795254466481557,0.7215419552404859,0.929684689098809,0.8657071862440665,0.23102075730464167,0.040840788439832666,0.43381610915584373,0.03703769485633803,0.40728404116538364
louisiana,4,135,0.870453221168627,0.32557380710826567,0.25476319445689244,0.7301424027927883,0.29903144499154355,0.6323136230477684,0.2989272406244615,0.22989945214244648,0.011839530731337814,0.08323558314801516,0.17592340888895072,0.8006420910341333
louisiana,4,136,0.34946796616400244,0.22551629469498077,0.9211202800588971,0.1079253308261518,0.37003671516394404,0.45055841378503547,0.2945797246266275,0.4394869306964105,0.45725581650429925,0.2545074116458018,0.8280121474636093,0.4611174244848331
louisiana,4,137,0.04108238104131195,0.7280319461651652,0.44232418366493415,0.8570892435154199,0.9016538911766364,0.8126310868727575,0.09498447920275632,0.34563765762287074,0.06902927711486921,0.6604866031915518,0.5151385596161245,0.6782781850776357
louisiana,4,138,0.7676947188776861,0.8982506163556306,0.05810772713270729,0.2624891053032449,0.8044346619850243,0.31869082893465916,0.5780237106567065,0.9089768966906631,0.6451179918833894,0.45583302816872995,0.6533762087479621,0.300129234266869
louisiana,4,139,0.3667240677771269,0.8655859987450389,0.07292653618256517,0.4843110867643769,0.6466237383623498,0.8810087701649448,0.4858806000850681,0.6337222141048467,0.47123230545869316,0.2975985790274428,0.47013896217680645,0.6548725080013617
louisiana,4,140,0.8983178274967145,0.4884128782650916,0.08019415331428058,0.9620911128115037,0.12731747967967885,0.47766560151106113,0.33463090768518217,0.8769929368957482,0.3092189829833821,0.2834861459374948,0.12311746348473505,0.9164169054743202
louisiana,4,141,0.3842798635361021,0.04292995942804364,0.2316706323223031,0.475148730353267,0.9550513725651669,0.0327656988702684,0.9520267499219308,0.6187457694148406,0.2448884924432208,0.22043993286055827,0.49501974296311196,0.4334240684037405
louisiana,4,142,0.22219827846185036,0.1948940012276972,0.0386904831656407,0.2978766044143311,0.9527600856800338,0.3857013242651392,0.08138026213876987,0.07389403035214065,0.21783865352194712,0.0817195187826144,0.9733433079365176,0.660566554602504
louisiana,4,143,0.4794339995489719,0.4868652035545339,0.7250736601153639,0.858312774740759,0.5586830412066307,0.10467802601990873,0.2204330537317323,0.9741002097581511,0.6505547050036318,0.6833626675395995,0.5043668293737709,0.6669729833688202
louisiana,4,144,0.5837657811210631,0.38086870766356584,0.7748759882801636,0.6366257361307996,0.1686008471753135,0.7102955131607466,0.003901191790004659,0.24345447162259576,0.2546499490643843,0.25874970743129017,0.1932666807420072,0.980329459685125
louisiana,4,145,0.3885629537143045,0.26362495000022995,0.08374163380651406,0.4081913427483681,0.6652933270855448,0.2916295437300661,0.4665847146183962,0.514689026473624,0.4989520298941668,0.5370143512202242,0.39438080122780184,0.2666471410232283
louisiana,4,146,0.3449715401775563,0.9002124825239877,0.007510304179399917,0.5876179449962683,0.31391170659911727,0.07390610674117895,0.9485687521187541,0.9129050753769757,0.2500211892183369,0.9784397159285276,0.8768654401683336,0.24482884994050494
louisiana,4,147,0.7542877755134806,0.14949725235290526,0.0864179358809587,0.16992796446313393,0.03656700574483927,0.13454929648734737,0.40452906036542235,0.37407775138275107,0.35208946109696954,0.724419364516615,0.7899237311015905,0.27441831050556276
louisiana,4,148,0.6462198971479887,0.059476064467949834,0.8601820341069655,0.22641382480791652,0.04222600664139802,0.3971547313727452,0.9264866709194782,0.17406721990865592,0.49135123395337227,0.2928763326576257,0.05352999215381079,0.9065528338919587
louisiana,4,149,0.3543616729784385,0.5560912440080368,0.54352504136201,0.9910867141718093,0.9079770352280094,0.33810493139795456,0.3186821156414325,0.004948594638542952,0.08520757427814678,0.875321175960049,0.09661781242372014,0.9675153357715945
louisiana,4,150,0.17828091085685877,0.005254182099478874,0.8993287609189629,0.7615950791115113,0.8738239054385503,0.3877262964562432,0.5801931736160241,0.2852059657815356,0.6943755757174024,0.6068192785561289,0.03186224490209382,0.1292466484394884
louisiana,4,151,0.7327915322114474,0.34411743346003254,0.7465779556129917,0.2054641658510711,0.04832776327702667,0.09327444850377224,0.5398904728755582,0.3980654415701826,0.03485973922021174,0.9097284148313464,0.3491935574797449,0.3542514822340598
louisiana,4,152,0.642047842485465,0.7598226424798729,0.1024231821029056,0.2982517083316013,0.9265608491415387,0.8452104921295338,0.19430957220581455,0.2817690786195994,0.2713229493761308,0.28256764599811623,0.29988312854544436,0.5503259000844445
louisiana,4,153,0.983099466360349,0.41194952779838195,0.6657264106603852,0.6250074407277825,0.17017888155286787,0.3391239380966197,0.7369019046071246,0.7239581333379863,0.10580271315027853,0.3184864577125318,0.10949516394816178,0.9755338834053994
louisiana,4,154,0.9202373074804358,0.1980220673396473,0.17863202461704172,0.6826451548296748,0.13782969445609208,0.419002907722628,0.06350949800036086,0.5672748712880783,0.058378733506053236,0.9869020286781356,0.8159676642420384,0.006186797639040192
louisiana,4,155,0.2332667908132037,0.18351283765417886,0.30002899617200257,0.624887736966091,0.41886687337738415,0.6264228915812866,0.1630822348476839,0.1811750410977605,0.5932419757247801,0.06956006066959905,0.10251366235275707,0.3523892847062771
louisiana,4,156,0.46359326261811573,0.9545820539367593,0.8281967082152184,0.9981308258422545,0.6363123847201265,0.5382359770744024,0.5225558675795681,0.045106598974114766,0.40750237349524904,0.8386568152735675,0.06380306127633664,0.9765503744136919
louisiana,4,157,0.6039208245037547,0.44990741725650235,0.9077599978621892,0.6230863341976554,0.4235369402501634,0.7819632602213376,0.05215190536154234,0.7944185564442352,0.25231565344967943,0.5986562677007191,0.8598025825671436,0.9479979978484414
louisiana,4,158,0.16662787912072907,0.17150415204136757,0.17058608568895056,0.24840531247909706,0.864434703592011,0.7077400073486593,0.9411524600331881,0.8096275180027235,0.504880265891268,0.576651381623309,0.3728090944466477,0.18717103173806587
louisiana,4,159,0.6311543333880452,0.46623654782657387,0.4541580772255423,0.53151424843067,0.3838967807346696,0.6938783982389318,0.21036038834833193,0.0748143818986393,0.7278747678787326,0.09313739486287859,0.6478497674495581,0.8756825141723285
louisiana,4,160,0.8482216466521803,0.14309139439119975,0.2504398613612782,0.23876875677435266,0.8376242149506736,0.5185223146317459,0.40154228401120173,0.270308854246166,0.4702302611099208,0.04119723162639618,0.36875110263327576,0.6089448043862891
louisiana,4,161,0.8726289798928363,0.4917497734904667,0.06831504410478194,0.36573817729320357,0.5640957613600089,0.7288673684662327,0.5720089615040207,0.6916325249261941,0.7072232286890845,0.8285981625792413,0.7060044625399852,0.041818591645445796
louisiana,4,162,0.28274834628708,0.267401258571254,0.40669327235155667,0.5752604808927707,0.20948990027302575,0.12224418312289059,0.6044550957650419,0.7793923133525351,0.6385703308370638,0.7225980889998095,0.7922533189406208,0.40442720647196445
louisiana,4,163,0.5008083710282151,0.7832045910183346,0.5672973808409101,0.19631286730875472,0.6715158182064973,0.04201250098887008,0.9033255812921429,0.6076205450530141,0.8832346223767221,0.48318327110935483,0.4793342175820372,0.1737001857766357
louisiana,4,164,0.09820949484537278,0.6418817766718288,0.4812846738349249,0.93620291162455,0.4647445523479104,0.5134224928675472,0.4352233217167652,0.7640903272250996,0.1804789857298166,0.6446223476117724,0.5264821665555717,0.48104064582656325
louisiana,4,165,0.3783476921736097,0.969225602801504,0.5798059005615301,0.415726537111136,0.3164282569172012,0.689262419195276,0.694630905008156,0.22615661798508851,0.4239465112317547,0.30906661661645696,0.14171047319166682,0.199322272928049
louisiana,4,166,0.21270195026870228,0.45510590627395486,0.3319209607688735,0.7939241486912271,0.7354573970961561,0.09722607584083254,0.8608348151711609,0.8338234033527168,0.1968887204432886,0.6297728887764084,0.7962265617223029,0.2350649236265279
louisiana,4,167,0.28070835376374886,0.19701608073427435,0.6489919000107837,0.460703108537137,0.1961192712602453,0.5164252348035475,0.14022004893870993,0.1892919925603611,0.09729760635740371,0.15416672278909957,0.5092114234248015,0.03479521180823966
louisiana,4,168,0.5404303725334365,0.5593592172266256,0.810293551349683,0.2941245321929779,0.602700034866457,0.9523312874067461,0.07213232375164222,0.6360599719540327,0.09693284845327547,0.6901964090766012,0.8695101677017509,0.7383519648278641
louisiana,4,169,0.9713366417444982,0.7530045577835954,0.6497244178774769,0.06284507513699476,0.39277650917136253,0.5401733537666622,0.45813661756151164,0.12339688507233632,0.5229981277619165,0.7757151288421152,0.7796718457649529,0.530373723719268
louisiana,4,170,0.48068629089604636,0.038402048397143146,0.26978992100006305,0.5749242231595205,0.8211036152764868,0.553378786054155,0.21104126781152188,0.5379641437735727,0.6761800135940726,0.8995630586685985,0.7150222462059929,0.7601382369580315
louisiana,4,171,0.7913068654194145,0.8374094763881267,0.5222199640296175,0.33748617869040054,0.9835638734901957,0.1052848749131257,0.7974536464038139,0.5784493557288178,0.8007020686462799,0.4730541366121677,0.9401903322286835,0.4303248383956226
louisiana,4,172,0.22151836681971454,0.7900813591038186,0.9259707452160034,0.1150776202271003,0.750975792757827,0.9817051157132595,0.3659514234220531,0.36114421112609146,0.558582296327772,0.4080963029034805,0.7108137626752331,0.6421410324193287
louisiana,4,173,0.15434980885242372,0.4704143417323583,0.8098819747988727,0.3769301083740504,0.9927095344759744,0.9550140248186316,0.36868820896428783,0.9243209480089235,0.9810697656097607,0.046099033060272285,0.2151035497124921,0.8494243076374178
louisiana,4,174,0.20889542244951106,0.9621105183026027,0.5846257052164108,0.9398447337088238,0.006480233300274207,0.576942045842766,0.9372175302176865,0.34615862291691823,0.7478294694923512,0.12432067777756486,0.6113167161168828,0.36785143434752976
louisiana,4,175,0.6221577789071262,0.7410209385175074,0.5051069299284386,0.4098483649488274,0.39821921257947973,0.889817036537204,0.4338145309894477,0.899811323127352,0.884598458722822,0.0027723496128063104,0.5139562634630521,0.9626765944602692
louisiana,4,176,0.6285161258294213,0.1815045946556265,0.7201083256036245,0.7548360644609982,0.5987517348056329,0.0027966001246613006,0.34410210639368266,0.2009433229204228,0.2426356573272075,0.9488716691756203,0.7674171158535591,0.864281209491133
louisiana,4,177,0.7907129825180559,0.10103697248209384,0.43646481297420187,0.6614176055324347,0.06618095098310083,0.16089506720449095,0.2196046614408731,0.39395650692698153,0.35367624452453034,0.6684619776617222,0.8703091536019589,0.7793099494445327
louisiana,4,178,0.41240967162982833,0.41903949342078034,0.42021109995196215,0.07830370973165922,0.22266209483313656,0.24654169659882982,0.8630254257192485,0.1571756331901958,0.5873163608654216,0.8300661325877533,0.36038600143546146,0.9243664539194344
louisiana,4,179,0.07283942696592663,0.190009937874071,0.12781067418481867,0.6043098673261031,0.9880731227979076,0.5488142883291863,0.47517496866856385,0.08167027106266607,0.3330428737435733,0.44017664822572605,0.5387847373190288,0.7295484247175374
louisiana,4,180,0.8232048292079442,0.4501739936978209,0.16936377441309966,0.45312470374400093,0.33179182679729047,0.8322857598446539,0.24054154847678602,0.9455196202244326,0.8423031774432835,0.7526128583057842,0.7995033863188766,0.36287227068525013
louisiana,4,181,0.04859207240863051,0.30446263517090316,0.8660883493238428,0.5522941768990675,0.6760770332341196,0.3319737114991647,0.565094334405421,0.2466626437455956,0.14997660333504442,0.11505634476449528,0.8869699694336481,0.8442617623938181
louisiana,4,182,0.18733802907962044,0.39207445474035907,0.9815801924987007,0.1884657601194641,0.5168629828960787,0.0034295064862460106,0.6248710453213829,0.8831025680562083,0.9020688346236883,0.4896294352455714,0.6059905728098053,0.5970110605230204
louisiana,4,183,0.2814873036610448,0.6515337659819017,0.2376824780682232,0.47635728517408965,0.3878425234786218,0.23211283668933647,0.7683299514360004,0.39470048694880683,0.19215233637761855,0.8483010612995745,0.2972660194494652,0.7929280560131929
louisiana,4,184,0.9211661117143665,0.11388605833751987,0.9439049208413581,0.2866617185256191,0.833088875349847,0.941833055675415,0.2283958495530984,0.718866202859089,0.9731564691246016,0.012408464027032998,0.38405101690025123,0.1457990917746847
louisiana,4,185,0.12690872033047756,0.8165035015823158,0.396956501387903,0.7881041176761155,0.08877187803368637,0.9944555900768205,0.6082317642471707,0.22082015463845214,0.21916215119474308,0.5097784695391959,0.5217083368276365,0.5913940666359072
louisiana,4,186,0.7239879850333056,0.7864899445026219,0.979059882991964,0.2556037759773986,0.30166469393949513,0.06073563109278324,0.19182060943871515,0.6417732800080126,0.7565151703876638,0.14664792436465965,0.08594728305877093,0.43851910775250513
louisiana,4,187,0.07698882711402456,0.352705679383355,0.8712473124094198,0.5625905095500126,0.16392783989766596,0.8213643698845744,0.8918640549315403,0.6141637023547859,0.511108910484883,0.31113380544208574,0.4732485382774063,0.1344068572637674
louisiana,4,188,0.1517334671243468,0.41214821937795787,0.5386427562469841,0.2462763737936045,0.661156476467132,0.4819683337740944,0.13166064071954817,0.35920330795234684,0.17199751639662958,0.06090793721044552,0.8679625981209795,0.22859382893469612
louisiana,4,189,0.7371588375169067,0.5821548945354248,0.9093229790274656,0.6921171791641612,0.404577216963749,0.6168737761702807,0.28394840077372424,0.8784134544838068,0.44757911616946794,0.22931039212045332,0.75984429131358,0.42408154504413936
louisiana,4,190,0.09329443492214952,0.9502183157741776,0.40339604619973657,0.5203977365207026,0.16091676543586272,0.07173905714238492,0.37124215455740295,0.19824376089158588,0.6011084732087084,0.49704835307649403,0.04484052427928733,0.667639985326783
louisiana,4,191,0.6386016016313201,0.36895034196636095,0.27361308059976097,0.4214523365570433,0.7242929426753495,0.3435465232961107,0.9272524951487969,0.5130670605855454,0.4103175326174315,0.7853963084344889,0.004908764793976694,0.044698659089011245
louisiana,4,192,0.3165116586499478,0.2583101992408941,0.7562292989459963,0.3634818871988437,0.480471037311901,0.5296153465683467,0.10408207120093821,0.3044148731638134,0.6517910444150969,0.3881419013428258,0.6632304635681159,0.5350435695852657
louisiana,4,193,0.003425971176708184,0.027243200769124364,0.456206443187868,0.7044235731197321,0.9196598706831514,0.4609505834885436,0.338677189780589,0.2501745053414963,0.330764760888122,0.14923570866259717,0.3170764733196142,0.9106256353670079
louisiana,4,194,0.12005340843508672,0.6557236909815348,0.3460007390842943,0.7629812730514846,0.24324870245238076,0.20382760715084478,0.9385368295711874,0.6754075272999659,0.4799193038799086,0.9377266942469741,0.331453373952575,0.09092054836533703
louisiana,4,195,0.5599349455511826,0.9093944271854233,0.02568566687261649,0.02860992000291045,0.9026342875126703,0.7553266714480985,0.43095960934213295,0.36297707849314265,0.8074023817306341,0.9161083673822515,0.7435343378190632,0.39093869607884246
louisiana,4,196,0.7223182719662717,0.2411344212461038,0.018967159448501244,0.7871456301701916,0.35050857280020226,0.5065309320587648,0.6171610150730256,0.5649373944819408,0.951816623968865,0.7929175216459322,0.5920362447063351,0.4475355674018975
louisiana,4,197,0.6089704526828729,0.7057195492519363,0.08972379943081123,0.3671827332979019,0.47755459670384703,0.037864010935448805,0.17743511425999328,0.08534094972601394,0.8363641831752588,0.5328726994287919,0.6020087975448927,0.16451186531846004
louisiana,4,198,0.5350523258673967,0.8005013796017575,0.9069024342682038,0.037543779258272354,0.2868659098242244,0.6901313744804385,0.3758868299254308,0.16921185232864538,0.5835183879874027,0.10735353549268856,0.20987851509192332,0.0872652644410887
louisiana,4,199,0.34221096725780403,0.15911166196608623,0.17322600081677328,0.8694105482416328,0.4981069044816221,0.8973547930092164,0.39508174450630307,0.6103040759670376,0.8560333753553463,0.3368798121768783,0.6666941608589385,0.03130626082725477
louisiana,4,200,0.8422787989895176,0.9138930871509828,0.22235674248804907,0.6979137540028204,0.8080465882878937,0.6762702074801633,0.36624922321661824,0.5061786216133212,0.6431923797097011,0.7365834884427501,0.30692321471210654,0.7737933318768785
louisiana,4,201,0.3127635905356826,0.672491397907701,0.42941104186295087,0.6688708190212749,0.19239355340973874,0.9300381765062188,0.07118861629242085,0.5628175825094536,0.875765260653466,0.4675475567598921,0.9907951642183401,0.2141698499622896
louisiana,4,202,0.9329568567966322,0.49936732504534576,0.6554480373205593,0.6187898593992146,0.6954638147635036,0.35958436245068004,0.5552767356509943,0.256690437310329,0.8136484294125464,0.2813716074392324,0.16420740812754342,0.1691459674154447
louisiana,4,203,0.5676588257279348,0.8012055393107671,0.3694258199462104,0.47079761960935934,0.5491481711049729,0.9426974911045489,0.44373336418804626,0.31418393047093035,0.8417176094664236,0.5196996570644513,0.7623362504912943,0.4580570331222403
louisiana,4,204,0.401452070748547,0.5346662362385689,0.8922365750978908,0.8626833253818637,0.6692225795405118,0.3984355151828258,0.9210912642063115,0.2032339888146309,0.6579577001791254,0.061656660726431445,0.42782131571516196,0.9304666674580458
louisiana,4,205,0.8668865385835859,0.7303720115776893,0.027277947940181693,0.32056930117223154,0.9183657662235715,0.7836708072248291,0.308636656525886,0.3229219040670951,0.172106232482634,0.9153663152583345,0.6562374587031428,0.2189671864411249
louisiana,4,206,0.44974143037434944,0.7978035820400465,0.48506075228961343,0.6499573880536512,0.6562333719103218,0.8363760854577311,0.22779103072568005,0.6557005152544253,0.7364736254806612,0.8086277435354672,0.31567073593028605,0.11157898088421653
louisiana,4,207,0.4094042956225002,0.9047318653603524,0.6509948556020186,0.9401410984503885,0.04797827326144837,0.6343470232849429,0.3072166760277403,0.40197594723165886,0.5260665238133113,0.7150609782023537,0.6019081086457395,0.989929795932709
louisiana,4,208,0.22920239207653692,0.22388229437280427,0.6633589171200159,0.3278731778766311,0.437852280535554,0.5884421968752699,0.3911775167203513,0.4587657674685461,0.377465241437044,0.8188754508522517,0.4143740817645451,0.950361287761693
louisiana,4,209,0.8794365807587995,0.13628845821296945,0.9690730454814543,0.8752201796025845,0.8873032848072044,0.524824328031571,0.7659645247916219,0.8629190256717034,0.3507163406666832,0.9388962818191309,0.43671543653212125,0.7360193724120164
louisiana,4,210,0.46440610467945315,0.09127221965824237,0.6391561302793327,0.6839053042801794,0.7006897067405811,0.23092642577161585,0.6076101904680602,0.20217089205380137,0.6988151188427072,0.327580829328175,0.08131933529010518,0.45662512110685094
louisiana,4,211,0.5497949430774578,0.3116033871256275,0.7343204529870938,0.8893787476853566,0.4293994986164547,0.3248636840748623,0.2548421213868908,0.36867001695395535,0.11882778783087623,0.7423080766094963,0.9941465735263905,0.8978871908969281
louisiana,4,212,0.8058725748613348,0.8438903050190395,0.08862888380407745,0.44788160349094125,0.11270354393793282,0.8354564290854471,0.7132965741070303,0.8154146766851582,0.2723736602278335,0.08672346526138068,0.12782442384572337,0.4556656126534866
louisiana,4,213,0.4107340479634205,0.5416359965360446,0.37247370528146356,0.6866577408609498,0.03950849212116602,0.3002077140220116,0.5349356910992356,0.4247287194471946,0.9184768653438772,0.1387714881388902,0.5857875852832574,0.7245854183482456
louisiana,4,214,0.359308542749491,0.5398755505232292,0.4149910697328791,0.24095507219505916,0.021776180871132336,0.4266206453958822,0.19537209534329705,0.7628291768244518,0.17382726979044538,0.5536462177294377,0.24564485892465276,0.8833818285918676
louisiana,4,215,0.3043565885480959,0.8175622486734406,0.7304740052942427,0.8498641021695673,0.5878382556063123,0.7197134261197298,0.4466830094407732,0.8913080845703794,0.3581853019496,0.5234769785399923,0.30338783798604374,0.7149490551996055
louisiana,4,216,0.40804119981704384,0.4783633535080687,0.1938389658781544,0.8196637539254985,0.4615215409248605,0.22391402729391466,0.6785078224240599,0.791722426640641,0.8923819714594092,0.05171471495536351,0.5432724784911164,0.7127499552735075
louisiana,4,217,0.7038753100329093,0.17848796272989134,0.02061801610864235,0.17478227190694906,0.28192843429951836,0.964898842812674,0.8946277216167912,0.27398556932559437,0.6161023950738277,0.5486650025569009,0.6402971934216457,0.2225504088347108
louisiana,4,218,0.2277925228783446,0.979232448929659,0.7668230578265411,0.45049884900129933,0.44185252751644327,0.1934837821080072,0.6769808121988095,0.5451547917805136,0.2828764699822797,0.44635320822213176,0.3058760002327898,0.40208348244047637
louisiana,4,219,0.9376079999550185,0.25526727604105354,0.03913811783320383,0.6956167578042018,0.4592839999151792,0.8546131890905808,0.9564859254712337,0.6353428155876276,0.844654300022281,0.11042195650748422,0.24204377850612285,0.5661201306744911
louisiana,4,220,0.49339290675851216,0.8877535361836311,0.8382638870824626,0.055415245367592965,0.9857498025073851,0.3669989237228813,0.721015471257043,0.5443746596965473,0.6239085001065057,0.20718119581248184,0.17219005397902515,0.48368662916986527
louisiana,4,221,0.8063421446197326,0.9294778635401071,0.9046091938064791,0.6965866022883134,0.18828919246593356,0.7666839196021297,0.8842949317782283,0.8027070323525429,0.6744348083520358,0.3740451506779983,0.1983088874353343,0.13296979320665533
louisiana,4,222,0.5557617480152354,0.8940669494952984,0.07043154624754427,0.8137765424364684,0.2928535987454294,0.7699441799182909,0.8403821808991078,0.19528684460856202,0.6787852974057405,0.23906863705598927,0.8713581224240975,0.5906947469142413
louisiana,4,223,0.8241712236312434,0.2094591989858993,0.19656796027450565,0.8291673074156349,0.8233804578358148,0.4785386068807134,0.5593825448564427,0.6207614264529355,0.2939939262561204,0.37759781062331177,0.7544442382683083,0.48832613019490484
louisiana,4,224,0.5764514975919699,0.48286369293992976,0.22458072778930285,0.330463663687252,0.20890139933360244,0.7019129579551979,0.20133097637801076,0.3834940153829451,0.5062518311826129,0.6099294024033916,0.6145468118096838,0.9232167910235237
louisiana,4,225,0.3340094462185557,0.958516187482297,0.3535969491961846,0.22254454110987093,0.12074526198459372,0.43664500043785,0.12634241274044083,0.6560575588009416,0.15095309672699436,0.032680018734648805,0.9014983541194505,0.3758788625835423
louisiana,4,226,0.7664731309980309,0.9315380054818623,0.7196928375250407,0.3611868773647596,0.5441264784412864,0.9163545356008725,0.4137205591509681,0.17286313322506922,0.41351326738054756,0.21593100297222045,0.9032379053224493,0.6098879827733685
louisiana,4,227,0.5290342978828312,0.7232106052522178,0.8707822020503042,0.8902751103246621,0.1094504173409393,0.8780676726401851,0.6899083252105269,0.15839156749180336,0.2765273644115288,0.5209516312898318,0.35796894330395607,0.9597635200838955
louisiana,4,228,0.846528030471226,0.02097781676191082,0.5722753376012208,0.4748388821142344,0.9347506170642043,0.34162549513457485,0.6218100959684679,0.036002960936877715,0.26679690481160123,0.5967692051554179,0.8461229905799407,0.3936136517945268
louisiana,4,229,0.6181932814881168,0.332111188747974,0.3939858593340411,0.8700145689619052,0.009175378587152772,0.3358894369575476,0.2537862640076295,0.6321363975669341,0.08422075216997704,0.5919509216203871,0.07171887445595901,0.147539836726468
louisiana,4,230,0.06693979066289245,0.6539096024155658,0.05305295334395799,0.545886490006923,0.813075904285603,0.15035056176880748,0.6679527417121214,0.08908596911348196,0.015272386289314007,0.5858009823266428,0.35354941341403834,0.5137485192040055
louisiana,4,231,0.18115935383525328,0.20012640815566263,0.3041579575699623,0.003555086143460497,0.3952928175364397,0.47146176150504154,0.7454508351484078,0.5989784523809273,0.5792398681867729,0.3842629291990906,0.10431297717254327,0.9836935494940134
louisiana,4,232,0.8154047235130034,0.07958106472376297,0.46923404776818606,0.9111083444606431,0.35267692216488417,0.19719339271111502,0.7408898556687682,0.13242604234865124,0.18856084501821732,0.08741634890156597,0.981254201678746,0.7477918806883951
louisiana,4,233,0.7316241449270666,0.8570828016117433,0.5962086765705839,0.46293236498251045,0.7345373280365891,0.5689006456333828,0.5754261304540708,0.4942791015865239,0.37809779316683967,0.9763588169268418,0.10023312431883259,0.8381965205376856
louisiana,4,234,0.3351047805464717,0.9141487139835534,0.27014100782065503,0.8207019762924807,0.3439580048592923,0.896766125858288,0.6855895820627702,0.39289751853365795,0.4332435968131759,0.3165803116107787,0.39683585033574187,0.8536630918202207
louisiana,4,235,0.8627430639870679,0.021180317933384502,0.32970360038836183,0.7826487125365046,0.5821964100158624,0.22424383808548862,0.30271705638759283,0.7097039682223288,0.07903979372839785,0.990191536492362,0.047709500329958965,0.7809230589207379
louisiana,4,236,0.04672968356231326,0.9438725420557527,0.8508053116984913,0.9834330921501019,0.909412689963531,0.7580403736730439,0.10788790705097338,0.18377192777965873,0.7574193199892736,0.7974492556612763,0.5234689746548026,0.9514618806229143
louisiana,4,237,0.48183568132438,0.6638068093616012,0.5442134486650819,0.7726389380099289,0.5295789106922879,0.39481345114709165,0.9727510619428645,0.5872429174435547,0.5305228153748132,0.500149630206823,0.5126203613821669,0.22497919684693038
louisiana,4,238,0.6334853404318328,0.8605929441573679,0.9198780533764621,0.49918186503750417,0.8008412268980286,0.11679622585216706,0.5129598386189279,0.5605286057039066,0.7065164478161493,0.1733058791688452,0.1557142087428848,0.5945613151238884
louisiana,4,239,0.2545398605055563,0.7085924428259363,0.21696534840084172,0.3909747292360434,0.34724288779030593,0.1521405604049023,0.8667513822676163,0.6479048586415331,0.4973419368307322,0.31599423409645483,0.8684335650738967,0.26741163057121126
louisiana,4,240,0.8948926789505097,0.5868714299133747,0.30906686684579127,0.027785816741254764,0.5552730219336683,0.6194965210013982,0.2919444465817857,0.9804195934952544,0.2864243367743275,0.19173989228881,0.4933504426242065,0.4405050680743719
louisiana,4,241,0.24157078471012744,0.4511192931755649,0.48087449875166355,0.10155014667504894,0.2112647866128597,0.7851558166092526,0.09658213654542885,0.5578566170639642,0.23981743302230407,0.8473385347632347,0.7003980723517274,0.8604460700550538
louisiana,4,242,0.9195414767538769,0.925676280177508,0.43486738220442367,0.08181986318223333,0.4089671814565282,0.4282156452659393,0.9437627782791476,0.4539458926887038,0.8954908285839634,0.5498867444546726,0.713844087565008,0.0956673484645554
louisiana,4,243,0.9753190228448042,0.7924921927355382,0.753184556644137,0.46561068902976394,0.5208421299445339,0.8659335117997867,0.9475939240627578,0.26066635794542126,0.2974108257628557,0.9217661008367455,0.9378599407662692,0.6291447640403127
louisiana,4,244,0.013999693370554426,0.33109233200082466,0.5883460228344616,0.7851906879752425,0.7675767499716196,0.4391365485478199,0.08930027049413307,0.1620335219258113,0.6005611345758285,0.30607414945264233,0.41915366677881816,0.6766222466664391
louisiana,4,245,0.7569907270553417,0.03142402302422284,0.4702933153091465,0.620403752108481,0.7364420216411843,0.6050840747127877,0.3580554169552226,0.949488840486124,0.07537581524699058,0.5896008861693991,0.9337936458946167,0.5034042820714698
louisiana,4,246,0.9319284208006537,0.4720396562792633,0.5628448332814997,0.6947829808512453,0.25086993244287714,0.4549915070530601,0.6409804779223515,0.9924654440283308,0.3384678167760339,0.9577334737130577,0.22582380698159812,0.21785930443300394
louisiana,4,247,0.7108434372668849,0.7647297548563259,0.5256836643076394,0.10377721701301777,0.33725825305463375,0.45633699156833085,0.43706757671827984,0.21210700798068297,0.75392471845367,0.593707044104161,0.356934157279207,0.05725086611039426
louisiana,4,248,0.423618449152815,0.26632410506524207,0.7654007064734256,0.3326935364471292,0.8726870422147894,0.447663402731744,0.39096646200749435,0.6303143836781999,0.39422731744267364,0.19498765649519054,0.9008171901964563,0.4268032536652503
louisiana,4,249,0.7824296368196789,0.8630732041124866,0.40408208845582655,0.061557317376672284,0.7914454252954053,0.12178216175787106,0.3322157200897653,0.3102199711209153,0.9497966131388361,0.2286044762946057,0.324300698984129,0.030321643703669503
louisiana,4,250,0.8136786119908153,0.8836648817875955,0.4989191663613324,0.3125823101647042,0.7661644104795645,0.5469242628006493,0.5414984325215096,0.45705176645837314,0.7762624106146326,0.10841654320928089,0.039211970063407604,0.7346903521999871
louisiana,4,251,0.4744432493820189,0.710233643589721,0.8643609047019601,0.36473938983819854,0.3532776340781469,0.20510112691368126,0.7746338784980359,0.9614369452341415,0.00019184473850103546,0.40389564182435256,0.738121541170304,0.8586610455012441
louisiana,4,252,0.07073300539993436,0.022437612136304148,0.14702419003837722,0.18480226053357668,0.21718447417399628,0.4848001775811989,0.9622865396085076,0.3787780916403037,0.9224509056759572,0.6059071813371731,0.6122466443593866,0.20847835115389415
louisiana,4,253,0.9367170244483884,0.2403829608718071,0.3165539559323079,0.9854357860357983,0.6584097566340301,0.2867385359132613,0.15670074499087389,0.4993840534524396,0.7398421903856136,0.5634147821444192,0.12144305083365287,0.09680309957639353
louisiana,4,254,0.6648569410847159,0.42074976881230536,0.12846085013781858,0.07920651127856845,0.3947112941774426,0.8716522434364135,0.8391750782225318,0.022494503973826938,0.3027793522058216,0.5720543554062401,0.5034484492892591,0.7714691306475313
louisiana,4,255,0.03807414830816539,0.032315834467814074,0.2187905317210462,0.9758892664509334,0.29349486573018047,0.7499491382610899,0.7797411538435834,0.665343378055924,0.4150469727018055,0.9591276808048195,0.2536193423339515,0.46799857464986266
louisiana,4,256,0.185464950573402,0.5063980842276049,0.6999239697967866,0.12470936507321956,0.7301696841662149,0.8744869150046319,0.45545919126001255,0.6059909408606499,0.10431647244644021,0.44456709812355405,0.06867123784852758,0.775563621017343
louisiana,4,257,0.11494566031427148,0.8230741688359625,0.20197855825312533,0.5047227781997393,0.4505863760324101,0.4706866586602766,0.49809866354592214,0.948432736062032,0.9450447714284319,0.5908669318988267,0.9754360271140234,0.02846720952161404
louisiana,4,258,0.021473821441776706,0.3630312704681717,0.7371128203927566,0.8187171332928992,0.4787203236877315,0.18070554513337048,0.5907519047070414,0.7169507718669553,0.970264961979852,0.774186554270805,0.46988691787098225,0.6272938872439267
louisiana,4,259,0.9101163607596239,0.2740594342111938,0.04730185219867979,0.41936859696602513,0.7175603198766316,0.6101399536069733,0.6550580487209651,0.5121223821068883,0.2133934671091834,0.20045163984730172,0.798257020118004,0.10865644005174271
louisiana,4,260,0.26093133525315665,0.5908600019337548,0.46023924043088027,0.49677470909863775,0.23985454956863794,0.5000694811891017,0.48694773476755565,0.43377611712214637,0.4530685313354655,0.31279090174108287,0.7885187527929979,0.912127226360121
louisiana,4,261,0.2515111887318994,0.39561753503648267,0.6858147595094322,0.46873959152915096,0.5305957810056957,0.900621474292124,0.5201861263252162,0.6110724349609865,0.47644029344049105,0.385420948440567,0.13274245774933405,0.05963890210648487
louisiana,4,262,0.7702970679650832,0.1287334521984702,0.6539860403549929,0.49287274404975606,0.10124896768509323,0.3170024622735379,0.9232439477731715,0.8695479802804689,0.22826499313485132,0.5460293158149023,0.25156791007464674,0.57801591611781
louisiana,4,263,0.5462299813540057,0.33588033000420003,0.7782572659901763,0.8042626063006048,0.5946692613237232,0.4977638716720114,0.9166604856505166,0.9464494322671364,0.2495575075207333,0.7947655468566269,0.5416532605410518,0.15913243810297759
louisiana,4,264,0.5922269320900571,0.9034896332389327,0.47155779667425246,0.9961319515899938,0.2344661855013669,0.15716683922801086,0.7549447114196939,0.3419333439152071,0.784231302941894,0.10400475444578908,0.6554599092011637,0.6397671569392381
louisiana,4,265,0.7781753607088318,0.788383276875882,0.6949345446579795,0.6893723389027239,0.9282444917936895,0.9390929198117369,0.7863391512652639,0.5486349574117154,0.0909862412656597,0.09022198505725411,0.6752462820486047,0.9289126754206788
louisiana,4,266,0.9556924965686109,0.29081658689791134,0.3239229412062062,0.7057772094662663,0.31887218402159834,0.8980922617546084,0.7899499103389879,0.19984193860969635,0.20809931891052216,0.5334510327760884,0.9052868448826318,0.6597024529926797
louisiana,4,267,0.06008901281182855,0.02442767132868186,0.2778403876159478,0.12263269443258776,0.19104220591469973,0.6672775452128528,0.6032692220134128,0.4852381345587836,0.9302904050868802,0.8611521973509997,0.17653791513211115,0.0029242573955628294
louisiana,4,268,0.9224410428594821,0.3692720525575773,0.11326119933064206,0.10235342866230479,0.9734214146863294,0.7336718742955064,0.32350552848729175,0.7896993048709803,0.9952820663005458,0.46055028896512124,0.7298548869423802,0.08649707050135907
louisiana,4,269,0.10995244161032523,0.37870328030292544,0.8396825434087406,0.44501892942799,0.8584734614790993,0.5015610802159447,0.8453889594770898,0.23929247339223722,0.12117622258174945,0.33437198371406357,0.7642426235340657,0.9543412748887501
louisiana,4,270,0.4219858194034588,0.7275354811411782,0.9566843880395113,0.3141172745201718,0.4659647000142683,0.23357271268210175,0.2217861944434547,0.2223798073503169,0.7387356387326263,0.5041857594265406,0.4170593266766942,0.8374176573978032
louisiana,4,271,0.12701528951169982,0.7456394373685403,0.5785245695956662,0.05900032263110325,0.57749373781155,0.025275218167474404,0.28055363588042614,0.35244140979967187,0.13934677580615445,0.9392025721818325,0.8351237348253692,0.5683967734902261
louisiana,4,272,0.28645876965029743,0.8085458390386769,0.04058065788703046,0.508329212134819,0.23033589713382033,0.14338752638327454,0.8338790101385549,0.9052009241233648,0.8458122663971258,0.01941729690220271,0.47595662840452785,0.6060077340332982
louisiana,4,273,0.5714527041281905,0.27654113213545894,0.02135998661196339,0.6100922590839566,0.2871543236742549,0.1534748373238517,0.23663360106324363,0.8719796067187296,0.9591039442408826,0.682107388822217,0.4721407890876185,0.413957082634516
louisiana,4,274,0.21864081975948443,0.8342342426832041,0.8430255211928527,0.6993097979805081,0.762716127761228,0.4441659288615601,0.7787951713419837,0.1302955700402835,0.0769982094483709,0.5344544384801756,0.7861245665877458,0.1547968098360964
louisiana,4,275,0.7214974539196745,0.11866644259727287,0.2679410619049478,0.6796063432511026,0.13550441405482608,0.1637258319320556,0.8938248619609046,0.5937550217003932,0.9251216774655676,0.8115701662717114,0.35801099603695097,0.7451921665476928
louisiana,4,276,0.9172298200189488,0.6033873190618071,0.841169383043742,0.03678781345105024,0.09171294885395961,0.773272419039022,0.18980537987063514,0.225924109158368,0.7161457208388133,0.014990804004351875,0.6496408968595941,0.5869936502364619
louisiana,4,277,0.48576876319139967,0.23035228904671337,0.17668339795664528,0.18547524499746865,0.798484639352308,0.2768556930360861,0.9806905891686231,0.7701328294654656,0.20057864534483877,0.12569806132907224,0.6164923425565811,0.019589351240309336
louisiana,4,278,0.06973237070719063,0.5136171813865376,0.3126023623861406,0.025345239805280743,0.7290805733265843,0.02650835573735503,0.33929297631920985,0.41426663165155453,0.38594516502692505,0.12088840909572215,0.437631639213551,0.6107187104832059
louisiana,4,279,0.09932086790204586,0.41029067094138555,0.9276201972229657,0.6603112936358041,0.8346692460946923,0.9885542881362692,0.12863464155749232,0.06555098036659102,0.6566769193397093,0.33135465760242194,0.4516487980082048,0.6934519508060502
louisiana,4,280,0.8763299310738865,0.634295635676118,0.6048752580655185,0.27592243595173227,0.1755074746685326,0.9780717834661121,0.21797899120941142,0.08714332703045392,0.46893469465416393,0.20274076860820764,0.3981985304579876,0.13110808741714228
louisiana,4,281,0.39265305149343055,0.8290056778204759,0.8773239539050145,0.2787558485899606,0.48704270032816255,0.22801815239441026,0.11072062626899493,0.6876240778037495,0.41159955878151194,0.42860887149361787,0.7783684026833642,0.7894997552966899
louisiana,4,282,0.5035542353225078,0.9375541011107096,0.6755808802881871,0.424657062077506,0.7050857408765533,0.23428588241449652,0.6575246323291524,0.7902921416638324,0.23564011565825424,0.47531342240077673,0.6372193365541631,0.06599105941100765
louisiana,4,283,0.7131041353686556,0.12922910455844416,0.3259831414731495,0.8945526239366414,0.024609814066849377,0.18636229636757648,0.6638719425247874,0.5696125084673499,0.9104598268875815,0.3463686423216548,0.5280895011928384,0.8227912061603908
louisiana,4,284,0.36504767312482495,0.3472122750906988,0.9240331505001311,0.6628700734878389,0.7818093948452037,0.09533437158237316,0.5219108925855013,0.002001296342995686,0.6028266634152548,0.4611371955530376,0.9574607844036328,0.7769987836900067
louisiana,4,285,0.662318944435463,0.11687238870984257,0.7261578734466893,0.9422746127983923,0.9215057810584906,0.010877049066561815,0.7141723793947596,0.2920647584654987,0.223387101450706,0.7169852306413643,0.8525533137446462,0.4253960559595003
louisiana,4,286,0.4450661516523137,0.5883819462557901,0.05715915724386799,0.3194081275208246,0.2714800505335982,0.21034898515430855,0.3317321709532098,0.20123600121234453,0.03713887016077158,0.9945011728843287,0.10581163711554799,0.4964344166679181
louisiana,4,287,0.051755941803789667,0.3714610515836963,0.11002475053678501,0.5466294702121225,0.0597346326385245,0.4657847451800107,0.33653644178818476,0.6711373653899946,0.8908195381963223,0.49066691730889456,0.8245696934464097,0.452363885413249
louisiana,4,288,0.8647339199924136,0.1395490796672273,0.5293108209168959,0.8591658709448986,0.12954803077318688,0.16423197032047335,0.5935993352291652,0.30315690870744394,0.9994162073627774,0.10282730915359285,0.14382445242016015,0.7135506649736998
louisiana,4,289,0.11905700110471597,0.7588302427047644,0.4940145131236801,0.6656756662712205,0.32007926785122603,0.29036158146946583,0.9711393807028971,0.811233799281713,0.7671034504726776,0.23446184959757382,0.8190498744892867,0.8315992834096464
louisiana,4,290,0.5279527819316587,0.4019522106166937,0.5480238839370163,0.7744378914505938,0.897903423082249,0.52778243893701,0.055012165660199695,0.6003696998303809,0.5410913123379177,0.8024632498715498,0.015294124563198244,0.28870700018814544
louisiana,4,291,0.5230450173467546,0.10378840396540685,0.21903427509971019,0.4392470692205709,0.6871053424354273,0.2603775101797468,0.32197026158936,0.5663009842352522,0.6342844590950064,0.7448844895318082,0.8387992795991974,0.23673343034484284
louisiana,4,292,0.04261309346295742,0.7049784186436129,0.14599863707469468,0.05085775434069467,0.8637506655484661,0.7327935660996829,0.21800606422629537,0.9729820600190948,0.6829573864640608,0.3872217224570627,0.9521744550616315,0.03684003330678937
louisiana,4,293,0.8442577262912062,0.726586681084863,0.9602038803257503,0.708473589444102,0.5526369144611646,0.489650745461758,0.6058251313331056,0.766632472959416,0.40829939784197095,0.9476551655102866,0.5586129407327327,0.28546161627412214
louisiana,4,294,0.8497594345164433,0.579049317764288,0.42234712324695745,0.37930346804749615,0.27550200654971474,0.7526583307123119,0.7775394498129615,0.6690675187518421,0.20410120408312768,0.13256227187985292,0.19545162453372586,0.06421359355614792
louisiana,4,295,0.13960784029725792,0.8777436070899335,0.4217322778735311,0.5405480457377654,0.18435076268358594,0.3805470791112834,0.14504211767460737,0.12132008878340077,0.7724246592369503,0.036475681658014084,0.3250957037618711,0.5710847574419551
louisiana,4,296,0.2192837410147779,0.5200509690175827,0.14386757636757935,0.48138643850818524,0.12666848322634305,0.7006071782552195,0.875386548278402,0.5291031035955984,0.5368049940565672,0.7298622086094452,0.6922299422420645,0.5336269202441491
louisiana,4,297,0.6491565656717275,0.7803104714542746,0.10899886855881237,0.3557684550414186,0.08648788225554707,0.8191952764371802,0.2567028087420863,0.061388510096397154,0.713650438143708,0.6572431037688878,0.9360817421345964,0.5792396473003838
louisiana,4,298,0.41551049133109713,0.4360712491185591,0.7119742337925394,0.44099825503011053,0.6709353389271037,0.6773906979489527,0.20614230368330289,0.07645029815425228,0.09333188850003535,0.4254169026920098,0.9301791723776348,0.26204865347677386
louisiana,4,299,0.9990077896569107,0.08305128754932767,0.32708216305412274,0.7667299175163469,0.7140263759795734,0.6436510186611787,0.7014892215755938,0.5748589264102315,0.9895937743769725,0.27774712670606433,0.9181781232891271,0.08149536494935017
louisiana,4,300,0.7169199975637043,0.3896486310567563,0.1315192796938236,0.1291552476155799,0.4794500793328724,0.5340587298386762,0.16492725234399744,0.875093936323211,0.9078533005521449,0.3482846648973798,0.09890118475199025,0.8594354485252006
louisiana,4,301,0.7309632611786016,0.5775889740689178,0.3641065859145274,0.6677141907940646,0.586756787770754,0.882112998947457,0.9585658379587255,0.012168221353927674,0.6073835166858854,0.7861867283111398,0.29012177055555255,0.12269305676569071
louisiana,4,302,0.08751146641249428,0.1336629538405705,0.775355476742142,0.7591165263989162,0.5250034495057827,0.666849222149703,0.3591020694815113,0.886406241330646,0.9620132273500229,0.9720410683834927,0.2836128289046567,0.6283814936207108
louisiana,4,303,0.14336057186417675,0.49325240425729266,0.5131463725384666,0.43086063220285215,0.49363109945728767,0.26265149513505215,0.4935607099143804,0.6087066682252515,0.9676685913295575,0.9289882241850872,0.24761638526530247,0.05696038371444316
louisiana,4,304,0.02692590564619996,0.7157149947361592,0.22674895584711816,0.6870552229941248,0.5594972047614739,0.9486625120383367,0.864353026345976,0.47480704591706974,0.08806447274386425,0.27385258390317563,0.026781570718361875,0.03580698618115152
louisiana,4,305,0.9844556863958704,0.7441286208911427,0.4782718296379837,0.18106865840285083,0.7949088769468919,0.4086824753416907,0.6814563211852095,0.48007349765055835,0.6056879013280699,0.03815636512315636,0.07677561558297244,0.20912702345163842
louisiana,4,306,0.022119900314467682,0.36131694155123145,0.6862563450978417,0.8237359684937393,0.46635387764934233,0.6141895033022591,0.18846946868826941,0.8488712002799496,0.6730192356437479,0.6857940208101244,0.9563761644508252,0.44657958788614877
louisiana,4,307,0.2285388200271883,0.2958961538104698,0.8808483749677329,0.9800869678750448,0.8454749756261248,0.5545864544142364,0.25900979548693176,0.09680477456569334,0.5535467710128482,0.9661313379866083,0.25246987664517556,0.7742480402105993
louisiana,4,308,0.3116740247999655,0.6759130224091161,0.34897377038864436,0.873246167216038,0.20370076389173822,0.873958342281825,0.3630377842384712,0.7721802617078574,0.10146708364126496,0.029015339230320125,0.18185077156394006,0.9221951045282183
louisiana,4,309,0.004768095082176694,0.658909037290063,0.33721799981567047,0.46368959451276204,0.10471664831544251,0.595045706965938,0.7191154227944992,0.035156631128822884,0.47440372461315455,0.9008761660328313,0.9239632762768367,0.8249585910280911
louisiana,4,310,0.8218665396079388,0.6107106057803184,0.7365017026611731,0.5026085050806397,0.3040618328745698,0.7657122834276251,0.5423890800052762,0.17782281820093584,0.9785241353100714,0.883242527006326,0.5632912918925249,0.013255466480672976
louisiana,4,311,0.5570122004745065,0.8258518670002071,0.6130709409554239,0.14056832944377448,0.8945232482651017,0.21615914146688908,0.9281994696269579,0.6853356379709212,0.6275225335949858,0.6134575177005668,0.75135685934962,0.3877206818574005
louisiana,4,312,0.5432283620882542,0.46475787506236965,0.21727628209789157,0.1053051157076566,0.5100268382279285,0.7369486065203943,0.8784688080567026,0.49063577830904076,0.6487257714881204,0.48896375924752733,0.6295671055201438,0.3467453454938683
louisiana,4,313,0.6145191760723577,0.6363259940520561,0.2574884375486802,0.6290204196617184,0.0039011376843209214,0.38857206403843714,0.16786218452162754,0.38824495046412877,0.8878383342701198,0.9115515987042452,0.5959108144544432,0.411858631190354
louisiana,4,314,0.5875885444964486,0.09511679701555477,0.5850532600453757,0.6540414395607664,0.6061023445485623,0.556206307300691,0.15390226561022244,0.30022046278373915,0.6924954879770071,0.9226831900139126,0.6447097312440921,0.45129734234956326
louisiana,4,315,0.023312432852178735,0.14805733854003764,0.13301334823640854,0.06731985734926357,0.4633068041837891,0.9734756757230614,0.47450977440809106,0.6611738121140395,0.8933264038088917,0.06567573496674127,0.9555497465892672,0.07318989679425167
louisiana,4,316,0.4717037692799939,0.8192360289267488,0.7215739899269766,0.2069986805918566,0.015256388118206742,0.6996769343023166,0.3987232616363918,0.3440192573253789,0.6329704808919668,0.32460102797060925,0.3951788253167873,0.0399675581879819
louisiana,4,317,0.560530281816778,0.9197390362476615,0.7076321471024648,0.9565859934676371,0.7908936464858993,0.33733435954385144,0.13479035183091476,0.3164838873341774,0.4275088659687954,0.8066007808835663,0.0068412304705625735,0.6553741312382434
louisiana,4,318,0.49044057990147927,0.6737507017655437,0.6000175313106417,0.03351940234210814,0.9531878910964924,0.3694030184770931,0.3992523231979253,0.053555928583083806,0.7824991071275689,0.8357853859304347,0.1448007035436339,0.2047534219476096
louisiana,4,319,0.17284846749159397,0.44077731174107604,0.2464023025045634,0.5036603747902751,0.8404566710862058,0.7799830862865809,0.016738561807058232,0.7590259208147783,0.748811443832532,0.9443119763469624,0.9318446968096585,0.60144781531087
louisiana,4,320,0.5756180126806489,0.8678581761797095,0.6885988691229022,0.9904810752336296,0.2327619351880778,0.42023588040130666,0.8282979155820206,0.9411237284101912,0.458322732427991,0.6482513862412252,0.2196686475842027,0.7034617922455249
louisiana,4,321,0.4924962263357886,0.3464055865259683,0.5354936208961428,0.43689206996430324,0.5003026321302385,0.15613627853531165,0.4313993054989985,0.9358021771620605,0.12889710616962075,0.9688475957806387,0.6387316766823388,0.02935301124775962
louisiana,4,322,0.6821480287175731,0.2925400423158663,0.27142088127118297,0.42302013568554714,0.48578986319153095,0.40750407071661365,0.08241073117908344,0.9279186298034389,0.48425113216410764,0.9451897555062659,0.8554055817791714,0.6803675209686013
louisiana,4,323,0.8835196878069854,0.2714870890527797,0.08153996214844768,0.3053952894847013,0.9871934172589799,0.4901012271882037,0.6143095516716491,0.6575911429641244,0.7377101920184801,0.9859993361449787,0.19674163695815694,0.2842240187984648
louisiana,4,324,0.18963779532666486,0.8314032653465812,0.6423007501909777,0.16408057808223497,0.7686341479894641,0.20863397844693607,0.8493853826500565,0.7147796583736173,0.0774021328656356,0.21478415282395488,0.02191523697624741,0.13399630748422028
louisiana,4,325,0.5282499268103783,0.3566415754938952,0.5316291172928919,0.9147042641357962,0.21064843328536506,0.2569810587865013,0.14925251399761075,0.5276787866690369,0.5321256548712032,0.3645288252796303,0.3330496952709533,0.8054445681104893
louisiana,4,326,0.4891568064303517,0.4907384024310926,0.4125248049519004,0.32546455295822063,0.9989909227196839,0.6631395611966405,0.3769649577343351,0.5415983773753855,0.7860225362998701,0.70201702859508,0.1114288666438773,0.9689667310992587
louisiana,4,327,0.9538928288305267,0.8884539404507306,0.2295688406836197,0.7989723730110866,0.17344365800779504,0.1790426112284444,0.5533092469706771,0.8644200611353053,0.2798209133637056,0.9538397457021673,0.5682472919844126,0.1772296717101191
louisiana,4,328,0.825606989515259,0.508941801024375,0.3984318496717409,0.005898645177065576,0.2700238020704252,0.6206325535288499,0.5870845586645954,0.014361228617480995,0.11703269836608587,0.5958431554556486,0.2707207312223558,0.5513371215450761
louisiana,4,329,0.8856330635872547,0.050374094733072326,0.12982010935420285,0.167911472048683,0.7453498984172584,0.30994569113985665,0.42616548733435367,0.452138759454928,0.19437962554097651,0.11383701447756243,0.910577742155239,0.9182977478064895
louisiana,4,330,0.9187378667789959,0.3418624344122565,0.9849464625295268,0.20053592132040232,0.45833758516018586,0.635616693914356,0.46051858260264755,0.7299301432457328,0.07828137699937221,0.5181577130081443,0.505853122491111,0.2346714595598654
louisiana,4,331,0.914818911420379,0.17755173648923966,0.930186091966882,0.21206324906982077,0.23345824774560694,0.11973021380078604,0.31079192846141823,0.6442076001719688,0.6406724013102878,0.9344541645476135,0.06649791652375621,0.8932748583638209
louisiana,4,332,0.02769038098362861,0.8975324513575499,0.5507774313567277,0.4972566842157692,0.4898104765406925,0.1304741942578793,0.13738491932014013,0.14889561868017856,0.9909621500331145,0.1790150053999557,0.5025107959329125,0.7171040870823852
louisiana,4,333,0.10232898351823923,0.2527062095548961,0.6037409162241505,0.5199865966861792,0.10855562822872224,0.29344839340076295,0.5243652858946716,0.947805968530758,0.259644616569275,0.14184144503277504,0.8501570622575333,0.5762053529218651
louisiana,4,334,0.7976450168573807,0.25757081420321326,0.33369386229753556,0.5800063104133469,0.013916231512266305,0.25337395184484673,0.6706405968267329,0.047403541991522434,0.5649490979076042,0.5654178401516777,0.8888907435378901,0.3619458135183531
louisiana,4,335,0.3216599994102848,0.10660523814151018,0.031412705872660485,0.06460323633041218,0.8857619430485112,0.9969305300164811,0.9170987982068878,0.8503354813690279,0.8347668963902257,0.7826595487283003,0.15803941339455577,0.01612736370287418
louisiana,4,336,0.2427658927167149,0.7501352526430649,0.44130081149544187,0.7693202082990246,0.5894517210477827,0.29969508030687403,0.23588222674668635,0.03274949314956996,0.036591195263353825,0.06268849429756186,0.40325326923550214,0.94599074926664
louisiana,4,337,0.28786224384869274,0.037655385469450624,0.011019555324301083,0.7328619514376269,0.8715259616727323,0.2092393257036562,0.7042367849078847,0.21825949526753743,0.8529423989659346,0.13062783373996165,0.17341908975887468,0.9873195715535071
louisiana,4,338,0.6617122878281783,0.49778654065784145,0.5344563968411055,0.5581660435239887,0.49222050555082025,0.9653209443945898,0.014764291441617448,0.988887357832186,0.24398930591196885,0.15508544596392532,0.8851542284429843,0.9943775404574182
louisiana,4,339,0.8526049740001963,0.6150204663721167,0.8080612912430711,0.8675468812797249,0.533931313164741,0.9356727460675714,0.7833191531983248,0.599589630621276,0.08916853532457467,0.8944475358963068,0.9205650434675433,0.3929711629835056
louisiana,4,340,0.49511474758530444,0.4034615897447588,0.38819629871897365,0.01297781465256967,0.6933470992980676,0.7113923342531449,0.7586908368457566,0.2570530193996934,0.34470458033577295,0.3504030874980973,0.6774048868933624,0.202682927494572
louisiana,4,341,0.7399393009165515,0.3403332755387346,0.15213131211772818,0.08821347601999716,0.6678095460183208,0.4303034968125718,0.3614319165105061,0.27159789102799337,0.10382682892051248,0.7503432518952937,0.6954302603791966,0.9731025660567224
louisiana,4,342,0.2026067977915033,0.6931542207898855,0.7956029006812513,0.17178384043072675,0.14949502258784986,0.2695120641100618,0.8979573189992938,0.47340129182681706,0.0997873372088377,0.52671276339147,0.7687859023164607,0.14282589528451486
louisiana,4,343,0.16871280277623057,0.04653411271250089,0.5774403160677537,0.12608357134234344,0.8037484440379058,0.9459444738887167,0.9632101229452933,0.7974135890597673,0.3757968660778266,0.9052994181106508,0.45990814374536726,0.37398573591147
louisiana,4,344,0.5746007304578357,0.4265456869218821,0.3956172169624748,0.13318478245959353,0.8964733382950227,0.9431758099043231,0.8225838297137454,0.5771001705540222,0.8157206530855015,0.21909872996774507,0.9881322125676786,0.31257060685832777
louisiana,4,345,0.08292050863171009,0.6268742730757898,0.47687672638443324,0.25266657017153854,0.6168282676404448,0.09917198591188066,0.6598783905669449,0.6604749267872413,0.1363327869207405,0.7624894376999228,0.4311462911343156,0.5202984722390449
louisiana,4,346,0.7714552913154752,0.39632865802399153,0.5145787153344994,0.4271345373961197,0.1161454008158014,0.5743303946959942,0.3158787128935645,0.9285501395275438,0.8496852481993543,0.26861705623562243,0.08707925536315282,0.536607801074452
louisiana,4,347,0.1739658537432827,0.870605036109404,0.5207002417804025,0.24779341873556016,0.2025083656770551,0.6792168075398287,0.7111982750947656,0.6093112956728052,0.5758528112570759,0.7932932649843711,0.8728597756591527,0.8215618133166772
louisiana,4,348,0.4911231057388847,0.7615305944446306,0.408620079548699,0.34814243346137924,0.21220499299993736,0.9860557340255354,0.3640889818159353,0.20846954968539455,0.625780907822255,0.07260013913947008,0.5817587389509825,0.6878785769047514
louisiana,4,349,0.3752980782711624,0.14277252429936169,0.9899271543891052,0.06067865253673731,0.15087632852152427,0.22033864573996784,0.9688995521277748,0.20526121230216454,0.9539575225112211,0.13930135678090974,0.18876877856108584,0.6205015571116288
louisiana,4,350,0.598608388591033,0.04708756549612954,0.5260402695179713,0.3338110721559481,0.980455932724174,0.6248837253176698,0.6002569427379785,0.5963385913523068,0.7329401596111543,0.37807612170260374,0.6840797368444043,0.18467446325681344
louisiana,4,351,0.20388672800584548,0.09439271004112433,0.2622999991719022,0.8146076830851506,0.6489950250799928,0.5676236911629516,0.18729809088307287,0.17040840844399452,0.18603243757861068,0.3989896497198394,0.552851261793985,0.543538120741648
louisiana,4,352,0.5643894770096333,0.7695860999431144,0.16473582310782112,0.5915872231820027,0.3465479029846263,0.8579086327690296,0.32709675302315727,0.8666430457625399,0.4815368037074942,0.5213740752437886,0.5441039537245409,0.6378163650044304
louisiana,4,353,0.15503401323078286,0.15852858253392366,0.6623293801200758,0.7556081141265708,0.19321605394433702,0.9094392935274335,0.2040099716631701,0.6173160330111338,0.281160358472949,0.11808606025028721,0.09574134621398012,0.15676017210876442
louisiana,4,354,0.9544065825668163,0.007540049909857245,0.9910544850193221,0.671450638003294,0.4845614304005144,0.8884372468444468,0.9509445482997022,0.6951744036227558,0.5782168203887711,0.15738833315011896,0.8146425169314693,0.377253515547237
louisiana,4,355,0.26422765130907677,0.7756879144559948,0.6455805896815133,0.4730956308875677,0.6971978009510729,0.6362808294036311,0.8231683834320423,0.31838846568364276,0.16659295202358007,0.17516410297105744,0.09264746396325482,0.7272849170242075
louisiana,4,356,0.39910289665414816,0.6591133491200939,0.4976294025948112,0.8880503170210672,0.11884535458972424,0.46207565140405066,0.7375319976102173,0.4419773397561623,0.8770879327150292,0.9263363432666347,0.6288409585033935,0.5146415327118113
louisiana,4,357,0.19199436790897853,0.33672729158268444,0.1916118464952078,0.09163293846935866,0.8146090918693245,0.4513395029104937,0.7846580910488776,0.4376041620964688,0.031818821872838306,0.04510329135174479,0.11706258904833439,0.19868220656752275
louisiana,4,358,0.20469285010008226,0.26931620555960867,0.539911641148646,0.1256036173566278,0.6081872697778886,0.20266057816279537,0.2869364709601987,0.884042345932885,0.8604400038704683,0.2806160581023833,0.01373316129949704,0.7699199007276513
louisiana,4,359,0.5029209120659153,0.22470325051522336,0.6933455905729752,0.6450435378324546,0.20619559357196776,0.7764442162779877,0.4654786454108455,0.8456733121055098,0.035460686253335434,0.40099337983943734,0.31172351447741764,0.10073680109088062
louisiana,4,360,0.18332221505299526,0.5278841952533331,0.0020677556574816404,0.28370315345455277,0.2722996106538864,0.5616696212453329,0.9326688458702157,0.45927398028545474,0.08100987016096368,0.655626132335402,0.5352577805655948,0.6792295148088645
louisiana,4,361,0.505036653987673,0.7620399896272151,0.8906052840881769,0.04651121163865056,0.9590723464613223,0.7900749461726247,0.8963208976035216,0.24905635418159963,0.2843738812603228,0.513370689497514,0.6515001264867558,0.6925147945188902
louisiana,4,362,0.13306548739928642,0.305031219258242,0.38745560899695924,0.640690933588265,0.9237990014529815,0.7779599911337305,0.07317241942155368,0.2885139052433232,0.3797855183812558,0.5889071408118789,0.17851331276533397,0.32726308449512925
louisiana,4,363,0.5850243906579904,0.6801351588198725,0.500580096324994,0.01161562481302592,0.1957146171682047,0.3769919708805009,0.9020343274928719,0.2627379907191588,0.39125850725756306,0.052303289779947484,0.9494803119972863,0.9360704872062648
louisiana,4,364,0.23247515938725888,0.3260208629022077,0.8977972019758057,0.6745298537777419,0.30031515536337416,0.9037665960695194,0.2853958641225598,0.9157824062519717,0.08745914329284037,0.20575635752077368,0.04046289000996609,0.36074827397154363
louisiana,4,365,0.7809240373494593,0.23959503452160857,0.6015255430069412,0.9279462423218254,0.7087932851039316,0.28007712332265455,0.6731500051125056,0.9733745832549213,0.3340766150923105,0.7696667480730891,0.6879869335635189,0.15153807110591402
louisiana,4,366,0.7479512793312838,0.988079815644861,0.3187101878662786,0.7468969427491541,0.38036680709962917,0.34613027936435947,0.09355788104477865,0.09440360354092239,0.9318682777391976,0.5358632648040002,0.4608411439979897,0.052358008278130544
louisiana,4,367,0.13715524156908013,0.5529868100563372,0.7670533722223118,0.18267648967232122,0.31707409214155124,0.2442670531012258,0.47247596912286294,0.5804470435643891,0.22662503653026697,0.33356631074878523,0.5830824551865826,0.10654189104831047
louisiana,4,368,0.92811665656308,0.7546872902369817,0.7130149586301006,0.3898416933187113,0.5031886464476012,0.2478201629667808,0.889811043642967,0.35525626483793293,0.06103089110487753,0.8533251165643604,0.46879006816661595,0.19529266820992555
louisiana,4,369,0.7855113756223485,0.3302063704884778,0.4183353360895112,0.6506218306009285,0.3605114953895185,0.9621103488773614,0.4547757071368723,0.1250047839710732,0.804082766153122,0.99613367048167,0.9248859299230359,0.0619973534061867
louisiana,4,370,0.2174538136478429,0.2622697765029642,0.3972923339894692,0.2908764120843451,0.778172757806495,0.08407165724491444,0.9834416248596607,0.5797771301729537,0.5505819978003862,0.9644991291151992,0.057976905129671935,0.015344624209430528
louisiana,4,371,0.9021004861298771,0.45687008330475676,0.8523181418797484,0.3883928308016589,0.3399820301884652,0.06611042948708794,0.1184900199708187,0.5555160882441248,0.12915265945129567,0.5788335016761924,0.18411288947567694,0.8344186294467117
louisiana,4,372,0.09567432449089809,0.5033872971201625,0.022013025408067887,0.1996401353961199,0.05449770262681501,0.05395941497389668,0.9108582192022345,0.11156138253927529,0.3605394068620947,0.832816334653429,0.1473624858982929,0.8761564968823091
louisiana,4,373,0.38663588831663315,0.86678430173392,0.6696656551780351,0.45185539180773393,0.249103467823926,0.24191351351483992,0.6255047656835734,0.1135823566070717,0.15454439076969878,0.993971872744613,0.28640495290896467,0.1701671414564857
louisiana,4,374,0.5950269077177539,0.7680952326879864,0.8674424040908756,0.4427895258386688,0.24669860056104723,0.9406885410971682,0.4103861300862507,0.21328034016441746,0.3133596984697532,0.3945857129052618,0.7659851223396303,0.6402075183564209
louisiana,4,375,0.1981969815065546,0.0023174695210529356,0.9710964592469967,0.37806499819934447,0.26968885882212357,0.19527503102298216,0.613927934073198,0.19151269778803123,0.916331929360882,0.4790100843434743,0.9842140389706326,0.98558014418186
louisiana,4,376,0.8552191236183188,0.4442819541597982,0.31040455990531995,0.7794897852024304,0.8541754941933785,0.17194438554440505,0.9971503548061826,0.4848174784345491,0.0643648350132187,0.03019364329845358,0.6341186439530505,0.04949629592342248
louisiana,4,377,0.2676013991090224,0.3870374860055792,0.2287659043327736,0.8120460520918064,0.79902936268797,0.7824671109336746,0.40238348681939234,0.5162277972317921,0.7440184140310331,0.21074460351405655,0.5482704055248302,0.9957834914616963
louisiana,4,378,0.79651743853155,0.6143397634966594,0.7714437310355416,0.6594720862647202,0.922690792587584,0.19898425041356382,0.8611589021661178,0.31906502681056,0.7467366465675844,0.6300004376633378,0.3635628976678963,0.9273896181655894
louisiana,4,379,0.6558809000495432,0.015661475485774616,0.9327216917057867,0.09338072161251425,0.31194731458739494,0.01991173463885712,0.6873126933522223,0.00976337017432826,0.3402268497255764,0.48705630942683076,0.22378066949455325,0.3328304848899478
louisiana,4,380,0.534434282085864,0.12285568219257519,0.2969918465107947,0.40497302181805184,0.21973165261741595,0.6179016722256225,0.5104588356259689,0.6030353154909043,0.371608483754742,0.40520965778631457,0.2714421130500193,0.8796392996865026
louisiana,4,381,0.9881574861418058,0.9121035212279817,0.7988892321759179,0.09295888767483514,0.3221821732969359,0.49467040799426726,0.3842211337317986,0.06006036713916,0.048964702410904386,0.8856668637290086,0.8077231427341336,0.2012805928529694
louisiana,4,382,0.816349666043985,0.2070905788563225,0.06326322366405737,0.3118593016966195,0.32716688117325887,0.5090401458790156,0.3541498188883842,0.5943960938610453,0.022881125347070874,0.6120957730388904,0.4914852627992074,0.17965325557265574
louisiana,4,383,0.25317431294175785,0.08730047938916691,0.21418127753152716,0.03286892885862582,0.44614080979525567,0.09034799775213054,0.03183939768090399,0.15243735942984643,0.2383009510319554,0.8274879487264906,0.8443603262235998,0.47796051219548746
louisiana,4,384,0.6400767829556189,0.3917138390366688,0.6792224660434991,0.31665647057448104,0.33359974286154476,0.9896973291631298,0.008495051927222589,0.04032071233172955,0.4266365796465771,0.2726446928998011,0.7753355848182822,0.343629008115564
louisiana,4,385,0.19010235862828123,0.6094475206111831,0.11901389133070936,0.2196383459404473,0.9916044577610279,0.1158337171012829,0.6908985726407754,0.4621492164337422,0.08640010149379702,0.2488969709718471,0.08488258946371728,0.5281997480918288
louisiana,4,386,0.5864799291692282,0.880726140717327,0.6271385092268498,0.9681893436736185,0.39376536711720866,0.18755246058271527,0.3297231000659544,0.18050412203118849,0.8820672424780402,0.2493434213862831,0.465360801218829,0.7952886112888443
louisiana,4,387,0.9351094305597413,0.08637048217259882,0.6834775320705915,0.33414210233766933,0.5232687359467932,0.691311377167627,0.84382945633983,0.9916395142058323,0.399489520985172,0.2990803405702636,0.1330606647514772,0.18058281464438866
louisiana,4,388,0.6194726300408118,0.6544909323050367,0.5932119323302996,0.1458420113169624,0.20062946263392317,0.4292082054199136,0.2774900775966295,0.5233715660642215,0.5420544170834882,0.11645697696960393,0.1800717483178695,0.5879241169655106
louisiana,4,389,0.9674733918901401,0.18959025412779043,0.2110905505035103,0.9483114073117673,0.010009334996096613,0.12697814142814912,0.3890759148476444,0.4318320975189304,0.02695330850743925,0.1857512618507668,0.7318447775299229,0.8910593078402602
louisiana,4,390,0.6046622317653193,0.8916236247565393,0.2761217912639923,0.7437332940437801,0.3382336149115845,0.9726610337778951,0.26719251620207773,0.47777862580341485,0.7737375195074501,0.3082435492742385,0.8166318042596973,0.4970251183940287
louisiana,4,391,0.7389892890958929,0.12354046989275469,0.16052273881836499,0.9382289803066314,0.5853116693498799,0.7403589785367108,0.4321383999799573,0.7389243904898648,0.3818849129452506,0.03724139920155749,0.5114697917538792,0.8031720811509849
louisiana,4,392,0.7337686653211453,0.5496398377213629,0.07427153837058538,0.34535942457080315,0.6297435912298791,0.5795453147046582,0.6388780939867773,0.16595125200093375,0.768054123486552,0.3701110875213824,0.539106755136856,0.2895706420922998
louisiana,4,393,0.12526180427142686,0.0286034623407919,0.062483230751683175,0.1216484688834458,0.058356520644030754,0.3451725492201725,0.28126484768617094,0.41103048361568,0.3140930963901338,0.9075434583106137,0.17729029215181938,0.7982424752284907
louisiana,4,394,0.4399630719556572,0.359338753308153,0.9457043115822015,0.010393592622016936,0.12318125230086263,0.9218251572640576,0.9242580808545323,0.7043558008184329,0.1698839585193385,0.16256590718850536,0.3864445262259429,0.8664046841834877
louisiana,4,395,0.3581752530311644,0.568027172229564,0.23040383007048357,0.970225436453234,0.22569194009755725,0.5522684274912061,0.6025074476319799,0.05136498822496395,0.9714010967257405,0.8881057839398883,0.4334187736902182,0.9445258008732417
louisiana,4,396,0.627301037418029,0.7199590737535275,0.009428919248044591,0.14406334495395867,0.01866444939749714,0.7381691073886089,0.5853268573898898,0.21563676618368194,0.47321774723261245,0.02757690666401883,0.906004241267416,0.8047049362972085
louisiana,4,397,0.9611560438541964,0.48770217446559977,0.13692134466380385,0.6524572240012801,0.5756008808538358,0.8429313229003136,0.1608425546036532,0.7488032325419092,0.15876375199527282,0.5030015901180704,0.34203091727594065,0.435561155763204
louisiana,4,398,0.35792905163353195,0.32991367660111554,0.7623720572465057,0.5418551757864813,0.8485180173072171,0.7350058793297592,0.3575696342700878,0.3477445707474211,0.4938416443734024,0.8246400534018318,0.5598358806737205,0.9578653728537915
louisiana,4,399,0.2094138239233077,0.2549380246713911,0.474362827053314,0.5304686098963027,0.2854827210253666,0.5827832924774993,0.6018716898284705,0.32938340104851804,0.4726518416469339,0.3436884922086473,0.91404176681978,0.17434039993327544
louisiana,4,400,0.9749350145519626,0.9288813969654705,0.2982390279783933,0.9847356084835738,0.2956813993235607,0.7803573170745642,0.6798284964059036,0.23890936231059853,0.5401566441717236,0.41556828110999927,0.370093574276892,0.2577129167081652
louisiana,4,401,0.17924696191146547,0.28734544417118496,0.344317544623953,0.6918387022901001,0.22126891092318135,0.3902615779625665,0.5270729504803379,0.06899497471138122,0.42575426989248893,0.7108782916260108,0.9415616987527835,0.44950498607645367
louisiana,4,402,0.8264124505022339,0.5661376465398875,0.03491745677423742,0.7780815139601339,0.5178367453180895,0.39508622792532194,0.12477932998697401,0.8827629187879525,0.48339494670092514,0.1534033158639949,0.38383440892119486,0.5409818858408898
louisiana,4,403,0.46739852034944834,0.2530113199160613,0.893338066012695,0.8382253223799855,0.2681167200239889,0.5057545090556744,0.8698141181187685,0.2846418536786704,0.71902016952644,0.8931833937432752,0.05000283696360385,0.1557948008791735
louisiana,4,404,0.20113419714171227,0.5939766137572663,0.4314945013786726,0.7152384800000717,0.10360577435147286,0.8335341621868768,0.0006861298703358431,0.1566109843936554,0.6216093139170917,0.24740266486046544,0.5228155818305209,0.14006845664988346
louisiana,4,405,0.9236904364817488,0.01253440633494943,0.5892191816770046,0.12389865555714331,0.5765664098492145,0.26651583845440163,0.6236768043269583,0.07732531651902451,0.7596653814479934,0.6221457894829846,0.8636284692000505,0.16231601000194362
louisiana,4,406,0.1470144843849509,0.15386382243412772,0.4000303358105268,0.27774156480946305,0.23664928452807246,0.6471727548081418,0.07932113948969154,0.3728203374311419,0.6655927295350761,0.7726934071318738,0.31094388946015256,0.40872910634371373
louisiana,4,407,0.23716684822246534,0.02346842872768366,0.41302780142823736,0.2640686890548699,0.030719238021254903,0.7310395786765557,0.7918548490694984,0.46002077387969365,0.2516783647287129,0.3898241220945378,0.1907072555156364,0.30668121316910574
louisiana,4,408,0.10858937969381394,0.795884762629448,0.4654151366996121,0.3709995534668148,0.7835075083350928,0.7866021484908928,0.994411952515048,0.47274543555596427,0.9649853516861816,0.5014553288319203,0.42113068817045296,0.1894931793249668
louisiana,4,409,0.30259420560241235,0.5197989371864601,0.05951982543737485,0.3292874927282987,0.8262348827091767,0.6124924352084827,0.8366771723647759,0.539971910507924,0.5696948926342795,0.9149220845675213,0.5451515670248747,0.8881765516222209
louisiana,4,410,0.9334812817656785,0.5389585374288851,0.6173514376554452,0.36871788807089967,0.00400641813743299,0.6540965205315976,0.7109311777793398,0.3205177808067827,0.3518165779223934,0.9691857229486552,0.31890809423127486,0.2131152418051731
louisiana,4,411,0.36082824279307796,0.9074017425473347,0.34949511602611405,0.09645227758626032,0.8901556794173267,0.4839558428837619,0.9515197180665399,0.9763159948332208,0.5122596493715945,0.5280016172684046,0.21069047993181045,0.18374096432034528
louisiana,4,412,0.5536364054079675,0.004680053873848171,0.618854170649409,0.681459622159109,0.7823721745222396,0.5078594815898089,0.8569211318979215,0.9312166166088273,0.20984722294096847,0.6960101248001876,0.9656768501176147,0.8235740769550853
louisiana,4,413,0.13838042207739507,0.57037560461329,0.8042008660112572,0.2619011478781123,0.7548267100243717,0.8877902138967715,0.5924666983769614,0.9068196531717847,0.872141928634218,0.7402157382598545,0.49701175061890995,0.832911880509186
louisiana,4,414,0.6812960665112637,0.5994822749095904,0.7913825125183083,0.6630006305001843,0.1629657571861635,0.06801978139243667,0.3609399064376169,0.4569844084995954,0.788660638274077,0.24088176330452504,0.07258077758460899,0.30226893449016917
louisiana,4,415,0.832447460622017,0.33496287568961436,0.8426994163932003,0.34369840561268916,0.6600752991989137,0.8858554211390107,0.3413139016050361,0.5255244593762399,0.5083866053239643,0.17140213495539244,0.8400897724094416,0.5275523578743297
louisiana,4,416,0.3017994674223194,0.03662583961437032,0.6440145349074233,0.5640407065160866,0.7019327513954035,0.5106703846542118,0.02592697647424231,0.703705885670818,0.03383349345226344,0.8955688487891178,0.6963232151167329,0.09820532689785302
louisiana,4,417,0.16298754516441039,0.6129683548420674,0.3328474630378952,0.7090592291361398,0.014089408914260425,0.2811039538957305,0.8869763495379492,0.7396946186233828,0.2625833621937413,0.8594673954641715,0.22407910371540224,0.04289887392026982
louisiana,4,418,0.09711810649098414,0.766216736858531,0.5578672217646778,0.008030660109264958,0.9395698549324246,0.27185918307670554,0.7906267825944889,0.9238644089827385,0.48035171005871785,0.14485690112247343,0.3418253201078608,0.30407001519552707
louisiana,4,419,0.03778961349554304,0.5047737871456619,0.8794947253787567,0.8862084137125568,0.6147158783924495,0.8611547155735029,0.015523541688281559,0.5428800504170056,0.5620430595209988,0.9522772498371155,0.9855050548787725,0.8816722012165327
louisiana,4,420,0.5904249977536822,0.8024943976185448,0.1502685211258705,0.6859552770842261,0.5352729019475029,0.7132596837820377,0.26974368425731793,0.623107167653254,0.8650618474829749,0.4969108415585026,0.8845661166292351,0.3994985768068478
louisiana,4,421,0.44299247563546224,0.9177087279395074,0.5811867043899422,0.5178496484434639,0.023544764978523015,0.35619989780131056,0.48285931462751364,0.8125156392377494,0.5319133999590675,0.7212919090391389,0.658924568892399,0.705398170058795
louisiana,4,422,0.4272729592384543,0.11967036565607304,0.5022126556162227,0.5180452630057886,0.5796204082131865,0.9272034527348909,0.21364102673485044,0.7302968820634611,0.02772277707691107,0.20660650367665623,0.7226761357275554,0.038684048477053576
louisiana,4,423,0.8410818642991716,0.905224796813264,0.6926965448101429,0.7897312742247303,0.3646766299385701,0.5209124470469928,0.01816993863942943,0.9221836878247555,0.7112533248469886,0.004047237499739038,0.30833743541580494,0.1504564038833522
louisiana,4,424,0.7283668860751671,0.44875616322280704,0.10415533836637911,0.3968658543834736,0.9364329740566067,0.4798574030640233,0.5299682349021131,0.2981094473237746,0.17023802650508504,0.787010088379193,0.32874506196512043,0.7335998156034539
louisiana,4,425,0.462729632946671,0.46300928642794725,0.5545488321476715,0.07599637263904431,0.4174350074644885,0.6403330877406553,0.19608411080982177,0.957165011173134,0.07361349268286249,0.06494067369683666,0.0619258146678213,0.2457720423023842
louisiana,4,426,0.11882754235810535,0.25985365705135,0.9904278954650877,0.29966677874842396,0.43100530754941346,0.40085930799764274,0.08899383638361975,0.7133786911993812,0.9796492172787857,0.8556160239614407,0.08660686337845103,0.46371881865508247
louisiana,4,427,0.3146643679759332,0.1563334257427892,0.5948312436578373,0.0835506199789846,0.8301310358408076,0.519128219389774,0.12787249824961375,0.3488092733457565,0.9383152870273456,0.8318233824735284,0.1144715594987186,0.13741736248758174
louisiana,4,428,0.21683184705814848,0.9872677579819576,0.8206961159378758,0.06339740661472239,0.6868021617115443,0.1852567554922643,0.9180769656249655,0.4266043121966757,0.9094847457957531,0.45460510692959666,0.46447733058694357,0.914513412232214
louisiana,4,429,0.13603041458140527,0.7651037296087239,0.6052427870357703,0.22182258814598538,0.25272631727257516,0.4258296486406189,0.6454153233319315,0.12020030584643697,0.02073003193057551,0.9705555404730981,0.45551576993226023,0.7550795514044393
louisiana,4,430,0.23059974239942935,0.07601677596269542,0.33633619599729886,0.8665788410343804,0.3125542220335719,0.8391039360342586,0.4282075530982979,0.6843740153931092,0.2123984038594066,0.42013047562080963,0.6435642698982555,0.00844461157691562
louisiana,4,431,0.29403478145681444,0.13094757727974052,0.9280742699933029,0.7761488436149246,0.005818006775696695,0.6971306871874731,0.6205679452497145,0.5244365346124735,0.7338948007700608,0.16810470849016257,0.30281457720729726,0.3473685987339922
louisiana,4,432,0.14977190989103184,0.2969635930437606,0.3636589217982802,0.33615197697379684,0.10554553033985349,0.5314255293391804,0.1449554484940556,0.7500309072324507,0.9863355554373663,0.6595482245304708,0.6948435615795597,0.8727012026612051
louisiana,4,433,0.8693053350835066,0.4221952149091747,0.6680822587952533,0.10939501877182482,0.9046071745846491,0.9797515998199222,0.9869351733925292,0.8178591126592392,0.39583744093941736,0.3396994760617301,0.36552913486079186,0.5601245975799551
louisiana,4,434,0.29239211321742115,0.1317875515281371,0.2879574106385458,0.5013909086226117,0.1470487625547208,0.2128298347182337,0.47977464025615557,0.10582143258170149,0.06692181747702868,0.9248202449196161,0.23374097113832243,0.6261464226888637
louisiana,4,435,0.1117037723700016,0.4257957211493666,0.6439159271848024,0.8567958837158338,0.6429482874672754,0.9289062927284669,0.6524346370330648,0.8556709089325559,0.8740561100204192,0.3869926039643768,0.9915865526547182,0.9077455977713454
louisiana,4,436,0.31021364094135245,0.16477472643543548,0.42588152055394385,0.23394585301918022,0.9133460558029626,0.48719665513250593,0.27133582317728466,0.09834516375483,0.5633260211684704,0.4787160634510835,0.6188115416218193,0.2720078828506304
louisiana,4,437,0.48891851547160775,0.8680901861414799,0.8823490900854333,0.30259294846073514,0.16949171416151543,0.06170982706262022,0.616572294998212,0.08450578471085636,0.2655828450257202,0.748086966689131,0.13571514089201744,0.27701148102977136
louisiana,4,438,0.3641357991938981,0.6079847997179296,0.7849669723036881,0.8509763541024917,0.9931548127899202,0.41846643560865476,0.6154629796344958,0.8722070512175102,0.7032402126351018,0.23180846794199633,0.9465095571164049,0.9639880008922977
louisiana,4,439,0.7686570122470765,0.07889820223829513,0.1610325103339088,0.19764710957431994,0.022118091034255324,0.30838132524436945,0.17475545404309978,0.13143216027706503,0.8325021211664584,0.21106127618547615,0.5647719123062404,0.9915293257893419
louisiana,4,440,0.3704189571084021,0.6740524451097984,0.7921429723879574,0.807263685283861,0.18150802629592241,0.19010196166915888,0.019046826746450637,0.28678255816854675,0.467565660983228,0.7467525500536724,0.7211629935296745,0.7116246454036561
louisiana,4,441,0.930391634381133,0.9355208855371251,0.985006566054674,0.5352486841480556,0.28996008443582083,0.9776584775704337,0.10847864222583158,0.6863600071860689,0.7004634620770175,0.16987199819248877,0.5820091891538431,0.10147395998768623
louisiana,4,442,0.43320886276855425,0.06979662320510967,0.13881953487878007,0.11750222140243642,0.8437014556024603,0.7450781117053368,0.6622135198759815,0.1857024193148284,0.5819552134759945,0.5123248498341494,0.34864310842556423,0.44380183155026726
louisiana,4,443,0.27319661494360475,0.6253372792844266,0.3792428346193426,0.8767575590154673,0.8186590570366602,0.43268845591417504,0.819338578333067,0.46123771434454863,0.23261314712615797,0.4392881348428196,0.6066586046941266,0.5346722677681107
louisiana,4,444,0.6541858897767974,0.5160767954250739,0.046071781075405806,0.0221636885166022,0.883291666135537,0.10675998029861505,0.01043239035829601,0.5833862420826811,0.6882233963979963,0.8361651882466433,0.16563552159713382,0.8472328595017116
louisiana,4,445,0.7150166155423433,0.37953246225606685,0.10631223705653167,0.7815338664708397,0.14586583253843624,0.1478354162130437,0.4787564463972991,0.9348808039155198,0.6228298426862633,0.524357287862909,0.428760255827262,0.9482059299871057
louisiana,4,446,0.27953531182539204,0.757835118672567,0.8872664191981442,0.1311452205213841,0.4010946426858277,0.367126697500325,0.8157978396746179,0.35737342994210863,0.6850285661426393,0.9430241459263246,0.5010553858318704,0.053807024776618445
louisiana,4,447,0.09621991231304848,0.6656742954698268,0.24193286243857773,0.4052378770826427,0.0527191086504923,0.7201348654842145,0.40563233601665627,0.7179306242438875,0.44017870525718966,0.1801842076448997,0.32615649765077936,0.3817898630782105
louisiana,4,448,0.7357325241091885,0.8614577731059683,0.11100080218424954,0.8412378793365692,0.3694783333554989,0.1186146726911227,0.5024225268079017,0.6466961753304417,0.010028438016857261,0.24261616632420166,0.37732069364554716,0.9299918165858982
louisiana,4,449,0.8107191104736714,0.690502051461953,0.9929899973989124,0.009274410313941963,0.7645938103041979,0.23186880154965253,0.2888681388723624,0.32807121456516297,0.3174119586745141,0.8866748413363361,0.47172706702044426,0.3976803017500268
louisiana,4,450,0.5961824285727902,0.630732439377512,0.9875465016433522,0.8426908653204127,0.35699176309916086,0.19630210407683574,0.7162588584304405,0.8927253772110078,0.12745304304466556,0.5386221866836073,0.8102795898903421,0.8843427177211116
louisiana,4,451,0.5731037014952155,0.9714893049650286,0.1303222351247655,0.3139240887867543,0.15149921393860863,0.5983956762028839,0.39265373374600965,0.9972666181858796,0.6681138483464978,0.28674614704323476,0.6604111171827499,0.8083236999276611
louisiana,4,452,0.09298103342096557,0.9896177363691184,0.7889690942758563,0.33948753832958983,0.7525142472226738,0.328483307896994,0.6716838271577346,0.8203115959421846,0.016966349531871164,0.44765784437897244,0.23677872495343494,0.054448640881940256
louisiana,4,453,0.4583144299021251,0.5897305745029432,0.19914063761557355,0.5576679956446964,0.5313018389769699,0.8837251199429523,0.029879254940459857,0.9624620536852676,0.06763235286179958,0.026009077973253313,0.709764637399709,0.6164107738870593
louisiana,4,454,0.17063009314239347,0.2059806793334115,0.5498506201116486,0.4252305484070502,0.454275988282228,0.1488713618524182,0.5190974327558499,0.3911843779696551,0.9415971415980076,0.703914868545995,0.2576764127648898,0.4324075771312548
louisiana,4,455,0.7838519111948916,0.21045180582320322,0.06002024791437036,0.9373560746959596,0.603349825366695,0.4886626025472418,0.37765364245549893,0.2970794414833928,0.8812236707177278,0.10046898018690496,0.2854110577884635,0.18203162075978302
louisiana,4,456,0.834677111529327,0.62199238426423,0.31559346129999877,0.9542147617501529,0.6572161056920558,0.11131927521326476,0.38101581200059426,0.14276834852111878,0.8297732813617353,0.5177294864091914,0.8790047367182809,0.31106652028960186
louisiana,4,457,0.4561252142554647,0.3270755745266149,0.7796998937726181,0.5433932990365925,0.759647201077718,0.08759956631406556,0.7852776941596541,0.6996630071789394,0.8226386225797377,0.46417386282179685,0.03653870797469926,0.4929350436157309
louisiana,4,458,0.916201761961714,0.936177828312254,0.12111706122726948,0.17032763654714206,0.22878822161049248,0.7931882879212635,0.3422380243144243,0.12649660577876767,0.050366435422452324,0.6862818508172347,0.2281825940109049,0.5290832133537792
louisiana,4,459,0.6650814496835683,0.3862145094918576,0.8317385600379489,0.797037844219894,0.4222949139299924,0.10079063976705682,0.523739829664509,0.32535159497321164,0.8380242092451957,0.42980455175707283,0.05592535834589174,0.08873209203479711
louisiana,4,460,0.19930142053671676,0.48147980358743453,0.6576793887048731,0.1495542077372438,0.07482057109839318,0.5669936556351267,0.6445112694669262,0.7730433657382165,0.43456422904539005,0.9252954791709161,0.7585648284894353,0.7490040008862319
louisiana,4,461,0.5528281287863656,0.1701977845859612,0.8758638347412532,0.41074554021449783,0.2592085023621162,0.5978230091274218,0.3709205107887937,0.4824693452065922,0.34778072390967957,0.11978524513151259,0.6102975184046734,0.35900427804543505
louisiana,4,462,0.9453154542132467,0.11491052553273354,0.4916060440957498,0.7516232380570919,0.524169683379878,0.723839718705777,0.8503160558146556,0.1869180287573445,0.16789323178282045,0.8987185137897256,0.9044180582915047,0.8422966753686361
louisiana,4,463,0.42648052653805685,0.6492823262021878,0.7553470896942758,0.27612101634978337,0.8410822624910614,0.03874159003210729,0.6881244345252809,0.1467418398745163,0.0748504144286634,0.5541381691483332,0.6274090419593326,0.7863807138216309
louisiana,4,464,0.10608276628866982,0.8959131283495182,0.37098797760352803,0.768757104158812,0.45763574778362137,0.3303970776309116,0.5173909671087249,0.33135046531095097,0.9004910714108999,0.05627709497162128,0.7038287839131516,0.3517977376442394
louisiana,4,465,0.5123146885545234,0.5011361272648969,0.7733629342623891,0.29502847295248014,0.692566600950539,0.35723916610826223,0.42924758454480083,0.2178013681925683,0.22498031050735182,0.3538318420731912,0.10357046547841312,0.41929729488895695
louisiana,4,466,0.015275975788534768,0.8448777701882575,0.0012258804001279108,0.9616148818978303,0.7575676522332343,0.34291435705797046,0.049818920248229294,0.04148173580831744,0.3968513297435324,0.46387062023323583,0.9511695487352608,0.7931899885341129
louisiana,4,467,0.3069659531441135,0.09268379908359202,0.4460516842845292,0.2876028489590057,0.3058262931618374,0.5172677520082144,0.08059557790499856,0.859817122478828,0.3323526001739084,0.7832071921703299,0.23517866482001262,0.27643908538613743
louisiana,4,468,0.4724170043339174,0.9521331627874747,0.7164689037232246,0.8921787186891922,0.9162899334206407,0.2405550782665833,0.40609417505009626,0.01525672598283814,0.28311152449544646,0.4226287107740988,0.18746300706485838,0.583076867631104
louisiana,4,469,0.5626521762589964,0.30040789622358793,0.4522652249190346,0.561785954642945,0.363705878635078,0.5360128212938586,0.8624514713261728,0.19006941024520102,0.2854105812110817,0.3102831376367035,0.1192420812304418,0.8110998955814891
louisiana,4,470,0.43556258417474697,0.6831664752487142,0.7800907866708474,0.4444634114825505,0.034296684629648945,0.5324553193142283,0.9732453203968832,0.4547493987400682,0.9150397691077623,0.8091632964906844,0.4004851210117375,0.4899483272236829
louisiana,4,471,0.6671673395453234,0.5367152104993818,0.3602610510691619,0.2085388189150629,0.951461163301538,0.5893871739361358,0.12182763535115725,0.3703183816232057,0.8438056147561033,0.6538412995072841,0.5466096132035997,0.9586048450607487
louisiana,4,472,0.30310886269365134,0.5143811922703304,0.5955978912505858,0.02328865972918459,0.4024583972548471,0.12949364215709452,0.38693743841574535,0.7339594511293006,0.3982370358643863,0.2537595077355819,0.5302774698036588,0.9788313556460262
louisiana,4,473,0.2773019343572469,0.0988830368785905,0.28858361142160394,0.9495549417253983,0.6250680966966919,0.8135583212717092,0.2664285650466011,0.6963197485612815,0.5334900334778138,0.5419321500484039,0.5910367348431556,0.22148264107249482
louisiana,4,474,0.4342245855756331,0.045956010715388594,0.9332379537240333,0.11019779747071151,0.6137454329384621,0.4099649345750989,0.035344357428298404,0.2754229478015621,0.05780456098044401,0.5448975788147346,0.742734538647275,0.5998478059687893
louisiana,4,475,0.12177882662419057,0.9107020235867959,0.532183611579533,0.8601195480412016,0.9669408950246177,0.8147005989891158,0.9937640514313649,0.04975740761577069,0.598242743361538,0.8174693896883117,0.9026154585748354,0.29858577774819123
louisiana,4,476,0.4735766494860964,0.42435417894827043,0.5213957820639563,0.06684856372528314,0.6307076405254946,0.84426723219234,0.6516048598691594,0.7679588683933467,0.44573452056593965,0.2706128917668846,0.32315496040343533,0.46816488530354167
louisiana,4,477,0.3315935454238262,0.5070697080850222,0.5646982929080202,0.4356562043704161,0.13879369620559817,0.5500527248682431,0.6925274465854022,0.38449733982055806,0.9111972197970951,0.674244265696579,0.0653579330352168,0.9844835853420894
louisiana,4,478,0.8516994571563429,0.28189721924277233,0.4264287165549461,0.844725133560359,0.521920492245459,0.805630277084868,0.8291106266128585,0.5734848555664077,0.6543659201700931,0.7585938753776881,0.06472705146822887,0.5425620363678694
louisiana,4,479,0.8277054795158731,0.17659888554069336,0.6613518609838441,0.7233929001503119,0.48335457217800454,0.3078779115410924,0.382613844191741,0.8137499842936476,0.30388947280634687,0.7880727019310861,0.6214463540354369,0.06649965891494648
louisiana,4,480,0.5897826267625398,0.37279566943986586,0.0295948041574506,0.9714743703086195,0.8094975038975499,0.7041759299996244,0.28788369717585344,0.5540069204235865,0.6094346559893453,0.1140964842333438,0.048553505772411534,0.851772755466551
louisiana,4,481,0.3280440958088463,0.8505930768547367,0.2837072825854589,0.1345638245679991,0.06772952886977368,0.7573107355062023,0.3005892838888806,0.9519075527843185,0.5469123020033317,0.7796344702742505,0.3322304739896498,0.42877505090892926
louisiana,4,482,0.0028686003201867202,0.9905207702900116,0.4454990170412347,0.02420652022419226,0.9473220479901647,0.3826662123406933,0.7067215890870195,0.7874321545557265,0.7174517333287725,0.9237659349849144,0.8293745411261901,0.2608079231739818
louisiana,4,483,0.4172709359707204,0.2774262007913289,0.687087555961335,0.9243128228362727,0.593536136783252,0.8158603525995658,0.7296201714803696,0.03992747750972689,0.9652185099104381,0.16659134459959316,0.0002672637729666668,0.48017701155736175
louisiana,4,484,0.9154733737450376,0.6913438387811474,0.7006524593964129,0.48654031079284604,0.5283915153731524,0.6963120930052858,0.8047562172202285,0.5157003511305756,0.10961813823060766,0.2575460718329707,0.22090996903379492,0.4420451852299484
louisiana,4,485,0.447284767927202,0.8281946797517392,0.7507220134862107,0.6695476601071808,0.08226690122490717,0.7222895826938964,0.6508053825353002,0.40582688304276354,0.714410414547901,0.355280006273643,0.5967378314514451,0.44126519213924115
louisiana,4,486,0.8362699491285288,0.10793223416236422,0.07905709468265983,0.35478042705608165,0.23572501918008124,0.7421752801621994,0.825502604671133,0.36304541081769665,0.1437444044577873,0.3914263777256578,0.3717031768389812,0.9016515588464579
louisiana,4,487,0.17686355426390374,0.7017549643593551,0.7938596401462282,0.8276735471256708,0.8766140071446205,0.621775092091802,0.8887183847061788,0.47667890476751185,0.5918135925163678,0.9626478769918302,0.8203917438928664,0.11868387753147362
louisiana,4,488,0.38307330470409956,0.10958299036904356,0.197405239989393,0.18075213644644295,0.8523759223945723,0.8098861840717052,0.691631162264934,0.7279394354254097,0.002794792228831709,0.35762500814756826,0.8328834170393977,0.19190017282056102
louisiana,4,489,0.256503094365869,0.24470088765081147,0.9867496738525887,0.22007308186424923,0.17970837755297367,0.01438808119564949,0.26559062331457034,0.7769119173077703,0.5006991010278562,0.35650033817108084,0.42488590169631035,0.5217618273670568
louisiana,4,490,0.44389067600112325,0.6018442555822415,0.24200947606266004,0.20310980275673524,0.8078317846589187,0.876429173010188,0.41841122627673594,0.41576236417945206,0.17910054272971526,0.7126943280834593,0.3133138207624684,0.9708257424531325
louisiana,4,491,0.3959135927765169,0.8863324229699244,0.39401948997841585,0.8526644910371725,0.5050571039522107,0.2651800375584543,0.9314299390929589,0.09558333479229135,0.828556349594355,0.06317484222513536,0.5060524485780854,0.9358227901508361
louisiana,4,492,0.2855728238232291,0.23665874347035498,0.5563709506193173,0.2651929956760877,0.37684468136024446,0.011409360090463084,0.08491943333613856,0.6293963491553762,0.8883820298195322,0.9741268578785865,0.9133086747028143,0.5593233390556155
louisiana,4,493,0.9447172564689249,0.09632543647518109,0.9616479900446524,0.8214548195171718,0.8531837657116254,0.709542455278467,0.7761632732043077,0.4796229461077312,0.6641662782726035,0.26211773933366506,0.8112023346628543,0.4063923185006526
louisiana,4,494,0.7598556911456449,0.04824313790756041,0.2933021297766218,0.37340173243341707,0.9421087953655551,0.5511799434257282,0.7733675436252887,0.2831023963358865,0.40081072407490176,0.12189745102637128,0.84513909828423,0.649963066875277
louisiana,4,495,0.7087469019067859,0.6433513076550792,0.9979158309155036,0.143331526633241,0.5702229010826582,0.8073763458887442,0.3144851075995052,0.7880552766989855,0.15548308986554396,0.023934011326038496,0.4993771646201676,0.8828058593134246
louisiana,4,496,0.39112394384858035,0.12408237828372469,0.6207708750416906,0.5975455171749285,0.18258237730531385,0.21429687794113356,0.09748881005804325,0.5844667427097038,0.22142976997955024,0.03336586621985564,0.02390795231073681,0.24960954950155073
louisiana,4,497,0.4364945269656805,0.3650531240369382,0.16297053452268923,0.8879112404286404,0.13658142002713908,0.6528742440893541,0.32013455344937425,0.4971532967176053,0.02393618872282725,0.7278226150137659,0.16868297222512915,0.1288180636018121
louisiana,4,498,0.9820656877215881,0.8060353683001056,0.7426791003907178,0.5993348062236438,0.34573410337955535,0.39666219662799657,0.3782375145997084,0.23707907821877056,0.16423106236195947,0.5510492987186375,0.3001299239929395,0.6715546583500533
louisiana,4,499,0.9097718275683214,0.4846337571396927,0.8475642195814359,0.8379483428930141,0.03224309493477386,0.30517019272091905,0.6568597708571791,0.3731625893481722,0.4756174023912398,0.8011855599827252,0.5565616898013136,0.13594476410114753
louisiana,4,500,0.2618232947654888,0.5327945076706223,0.20562942923791294,0.7362491822107503,0.5635624188075397,0.0758253329263339,0.708192011112532,0.5261491101518183,0.7357174206251773,0.734212943258116,0.12825480196819306,0.7370678935277937
louisiana,4,501,0.12907511937225088,0.938613248959663,0.6960185652841026,0.28061726781674196,0.10741251834329886,0.2884362804935128,0.5836032921889335,0.371153774181462,0.6556607610963376,0.03433774389695821,0.8006212985791866,0.8258967849282755
louisiana,4,502,0.6693293460721921,0.5767411574407975,0.27837018219036347,0.6309071637205359,0.9302881081181124,0.3491543798819736,0.005302602976385119,0.40986283422126174,0.46072848870745725,0.5679521801813677,0.06985906703772483,0.418488792979177
louisiana,4,503,0.893200906424578,0.4790416391563829,0.8747477260514706,0.3987400511828107,0.49698778265409127,0.30340990727913614,0.35006595519300204,0.9447836611400371,0.6462608815579867,0.40200796535351735,0.16169515113818644,0.42766066799185476
louisiana,4,504,0.12311755595722257,0.11282247245111526,0.8111993425698827,0.27185344088061886,0.63370454496443,0.005101748099665836,0.1433902262463103,0.12423712814819626,0.289795330980208,0.8373099528552227,0.3882438108319381,0.8021227207581411
louisiana,4,505,0.5910326669006254,0.966777414671516,0.9948466516272516,0.15040838236141024,0.8579404055839687,0.9464578248776894,0.6462844722049965,0.4897659305550523,0.6661047800667071,0.06658498323700306,0.27606492590490556,0.2879898784229442
louisiana,4,506,0.42886708982611543,0.1447917777956286,0.8592539604855832,0.0744744982059032,0.6370028010959599,0.15100812847825298,0.30526632923751273,0.8971642987143296,0.5487323645290844,0.6503768093799406,0.2793797046078038,0.7226997056020594
louisiana,4,507,0.5500106375783458,0.2269007492796858,0.3801047492600678,0.9303779184265965,0.6906369618219048,0.2834776743024359,0.2623424919810097,0.9556556809916575,0.8592057503816394,0.3474896669794312,0.2918073711697179,0.5377785843590887
louisiana,4,508,0.2397063421339678,0.6407076866002213,0.23223739650730815,0.13790117470913782,0.850708844713653,0.8529531180901249,0.699325319243358,0.49668363869748827,0.4636651062865361,0.7086995509265599,0.6808741156886658,0.9090514390458965
louisiana,4,509,0.9908550049562892,0.8425942254539691,0.7776130601642919,0.2047320834627624,0.9717245285992553,0.7500751612388041,0.14288828160605946,0.5752405078312216,0.0981951268914114,0.6841930308113492,0.9531837351039136,0.0751450399047503
louisiana,4,510,0.36355708406941006,0.6289249933636778,0.23423361403994217,0.5596452291645515,0.6634346166362294,0.36505380934962867,0.4129148175132172,0.823229353863292,0.3976435787077216,0.23380433547869656,0.5071505656858031,0.09745256537575885
louisiana,4,511,0.7554513699114502,0.4857251935082312,0.8632544024649512,0.8469977570813737,0.04301374109211076,0.8262004809916391,0.5083291806382668,0.29559206101433383,0.8660666994065145,0.43492138986071366,0.2696453377715935,0.3458765434672544
louisiana,4,512,0.9438327556456564,0.4809615778349491,0.9675054886623183,0.12856933427547204,0.050805571717334824,0.4752401545187584,0.13033391597387484,0.8289801309049393,0.4380556274325239,0.5710020671360713,0.3343398959285964,0.6362679696164415
louisiana,4,513,0.9692699626685789,0.7791629462956164,0.8056498403413708,0.4789410817714355,0.2424675221590255,0.9227211744773665,0.9363274531331252,0.25570440463907756,0.9501105239506092,0.8292272969064147,0.2595835507211421,0.7887159026870076
louisiana,4,514,0.020867364076178126,0.6526275180549289,0.678489803758213,0.5230303478428164,0.6492935652901447,0.13847238938158024,0.7480380741727285,0.023017989359624673,0.8800936798001002,0.143599734142868,0.10186871480311772,0.3422551407338837
louisiana,4,515,0.8812144634665839,0.7829213934303085,0.0193190758837756,0.5862493647939856,0.42893795555393766,0.6019427781166037,0.12369998782885122,0.41350202775017547,0.04524257778493607,0.7475486522302579,0.5326951457778853,0.35852477701203533
louisiana,4,516,0.5217234978818945,0.9483814341727923,0.23989100913507733,0.8401891888804037,0.7042920096693116,0.040995968625802195,0.30679769151837,0.7260070225676472,0.3690855671000009,0.058830776087095527,0.7285430734244922,0.768821499699243
louisiana,4,517,0.7054413953443408,0.8452654354773392,0.46350826793635946,0.2562460832009745,0.07571533942613894,0.08195111262320674,0.27465958857248013,0.05592567505351807,0.8401262482276853,0.8568264160851198,0.05123373837474148,0.23973930611829058
louisiana,4,518,0.15642235910844385,0.6238125547990305,0.9294713919246979,0.4552895028305595,0.33011955115166075,0.1990685602930689,0.9850366249835562,0.7987318227328208,0.8160545507597479,0.7893909173693695,0.049175561882717406,0.6748368944204484
louisiana,4,519,0.9866791204823269,0.421961391387673,0.8242152744359688,0.6554390097480258,0.045752448745744204,0.926014584981009,0.7433033459286021,0.6772936694896149,0.11495338025357048,0.687462637085628,0.9923375045557479,0.45438814848227965
louisiana,4,520,0.6760442309110406,0.981745706495863,0.8957281742073728,0.28438922689404605,0.7190549948449585,0.5030427873534741,0.8380671435431787,0.4230797565881977,0.9237824933116804,0.2888813277019576,0.7011022549303717,0.8418009964623658
louisiana,4,521,0.8907483302330146,0.6385233444465792,0.6315330595995586,0.16681341393232674,0.1726063481450301,0.024252671830087693,0.8206285979529198,0.37666916696027725,0.29289363708674,0.22756256858225657,0.7279600316418159,0.644329128812258
louisiana,4,522,0.05043992465380217,0.19375976615738352,0.5636841762034884,0.5057110559344351,0.5924492737101728,0.6597533692159268,0.017285560094299473,0.307402239368096,0.2064969354686572,0.6515721882643924,0.33820389705937925,0.10522091647912074
louisiana,4,523,0.4199094893687175,0.9730383534581322,0.3542780036008733,0.15632155584135066,0.8601874178050246,0.4041227608220903,0.1925695517154167,0.3277080712880789,0.2105593747892883,0.7810671752888753,0.18629024403752503,0.8204535498155351
louisiana,4,524,0.39053403756196153,0.018774457656605185,0.04311386200009893,0.9868356525816356,0.7387801821272171,0.75332611043147,0.5509214696653039,0.9024535959137939,0.6244694855611209,0.12729964005304,0.5656418490589437,0.2646781513398693
louisiana,4,525,0.23188102970209554,0.8798006512557077,0.9597247415588138,0.4832798575866635,0.9057869410319103,0.8201372227542788,0.7281945874834166,0.5956596089175781,0.4525038316146193,0.10517136754521196,0.6078747167950865,0.3844002523803417
louisiana,4,526,0.35197988683113446,0.08562706769702426,0.9235929815152396,0.6486045066789663,0.8939831540413298,0.2957143486938416,0.6398580015551871,0.17973327481854173,0.22516964976435278,0.36584963261391584,0.194107681552132,0.97200379684482
louisiana,4,527,0.673478982143694,0.465793407132618,0.22560017469821086,0.6935478094115383,0.2440457366065625,0.13981150604501252,0.8900901011047332,0.7251704594110917,0.32707860076617634,0.5949112213746318,0.9382646209848378,0.24177862116546017
louisiana,4,528,0.045774111969960896,0.3581053578117287,0.4968837813456342,0.16361957213439374,0.2673734660252601,0.4807187528842762,0.4035705945977374,0.7029471307363895,0.544254308927993,0.9819944267875134,0.3408042536042877,0.021006633185009758
louisiana,4,529,0.7175297728299281,0.648681579494216,0.7909288342296129,0.3506161265869726,0.20163805046682282,0.8464154585074455,0.44039631035775884,0.7616138362949457,0.5512002344751131,0.4275331794816925,0.7473349398159982,0.6861645288638505
louisiana,4,530,0.018366202104419253,0.3737560518294572,0.9629576607768072,0.3919566862643178,0.09662424361444152,0.8701026085450276,0.14160987636824604,0.33203371000282944,0.0017814813964557696,0.33288492204367187,0.1666535799593456,0.2555224158953109
louisiana,4,531,0.7927696992199487,0.9306730741207687,0.20854168314550078,0.48818418362895477,0.8667713445131602,0.5838507643282737,0.3934858955896098,0.0186766294343424,0.8713355219013095,0.21798791462421918,0.16326366176241006,0.4179781492200763
louisiana,4,532,0.8282828194227229,0.17951254538527475,0.2407057760556654,0.7038803684778839,0.844024313913408,0.27223809077043953,0.5623104863996131,0.8422691501537704,0.9558423349697279,0.7173762301484148,0.615441943381734,0.5245129766715013
louisiana,4,533,0.9665565160080792,0.3743725988745336,0.3074949930600283,0.6172076199043428,0.4476440006123596,0.8220327197164565,0.611934580815975,0.8770724102961021,0.18336575402114072,0.067254148011333,0.5877941260596828,0.8482467082426215
louisiana,4,534,0.3984424513585231,0.7818851643157545,0.42794240305918085,0.37176419845740505,0.38591667667578594,0.472089309448344,0.4962700400264642,0.6835028842933305,0.9974218565614409,0.48073571206137167,0.010613396341139565,0.5220530181828742
louisiana,4,535,0.8876774826221364,0.7496497106875586,0.2853615772415993,0.8307723572253897,0.3592391826022063,0.4054427150645203,0.1575365339703734,0.533683556170656,0.9858843010164674,0.12237620846324175,0.9096384257841301,0.8734750039973526
louisiana,4,536,0.6879103868724075,0.343645466822512,0.30529337219364244,0.7373526162036387,0.07340574393092349,0.7158999357659785,0.7572962434753617,0.9008453667059548,0.052787600986153815,0.4232140614943189,0.030334455296380847,0.31904700513758294
louisiana,4,537,0.06886385446919739,0.9631881027342062,0.27580113585614263,0.3840467500356311,0.409644700400424,0.6853737472249691,0.7248956746604781,0.058441129473640524,0.3456319816370484,0.3619952802550643,0.6810282920859669,0.6842049785844259
louisiana,4,538,0.8200790247052162,0.24821368095876653,0.9779920370319249,0.11452895006382392,0.8821566669457971,0.43814528331206165,0.5575303751228207,0.4958419821198452,0.6423870353769978,0.9916898912804413,0.420546418885152,0.9417232568383226
louisiana,4,539,0.6361561178246344,0.6783515720802874,0.7960249000032771,0.11203143021556064,0.2832302269294655,0.7374642591678994,0.7416468988385386,0.9873812453889899,0.48276626589033306,0.047030068669170366,0.24801321998255174,0.36416914662632444
louisiana,4,540,0.800318156006269,0.43955182899010703,0.7638297030932012,0.26891255177545426,0.4812629286346594,0.6223810832057999,0.7057128451715515,0.3151956117477286,0.16330132834625105,0.7679151497053762,0.4122896971030627,0.3016892396683286
louisiana,4,541,0.2235242991072094,0.3941041296293073,0.028361071837444168,0.5342446854847966,0.06979614464510202,0.12333528706550254,0.6655879637053641,0.8652488756707519,0.6528879420653032,0.3197694315522955,0.09315369061951394,0.6516894340897059
louisiana,4,542,0.2962787130817542,0.5027757092064783,0.6760322987892439,0.9598309391091565,0.924108003206554,0.37962733642767427,0.48319432256691,0.5192048606345865,0.5140718769186288,0.6626482726591196,0.3228256643506572,0.18551320511538513
louisiana,4,543,0.24012214126827,0.7227806311359776,0.5011116641944475,0.45703162940624975,0.9251427355576594,0.7025361013349669,0.8769598086763595,0.8518977451360326,0.6809485872240778,0.43110484033741603,0.3899329417565852,0.08287395966513543
louisiana,4,544,0.08304160406392035,0.05622528041098277,0.41747904361016386,0.7130977639018297,0.9565380853410735,0.7250658042182995,0.8588722630428902,0.7287327337680636,0.05637625751907646,0.7199547621694246,0.9074728018244015,0.01733891157506359
louisiana,4,545,0.23404134278372593,0.6772383105963037,0.18223973195851348,0.6139914606928677,0.9657605307915312,0.8867085948127053,0.5465770827908414,0.36910459441000004,0.26015847949444176,0.8517372228062533,0.36749146615377876,0.6140778912332919
louisiana,4,546,0.6003890317742474,0.9995313664216243,0.629342189223773,0.601334396425653,0.5715151899592208,0.30199973251792134,0.5000121160944629,0.6243839557303488,0.3109240240513184,0.10359341768046243,0.8624555851828161,0.17283444151258442
louisiana,4,547,0.4835730482551942,0.5354218221203969,0.6593573455711839,0.6333211752142237,0.8275093206357476,0.45744396819920746,0.07416409685702002,0.4031634824145019,0.5356261572917776,0.2748154415166617,0.3698674235867289,0.8275755325056903
louisiana,4,548,0.5827766351884954,0.5918169843488711,0.7978188926964892,0.6845352775863927,0.18301892716114807,0.5875370178429677,0.5143674137914345,0.7682311359242984,0.19194841610513846,0.28903731509791625,0.6192503638372374,0.5828650434072032
louisiana,4,549,0.8919872292917278,0.9224124012594861,0.23323916717401955,0.2012760082281048,0.5153206913641619,0.6313470717141336,0.7959057655853319,0.420329678101222,0.1688550457103009,0.5869536851597864,0.44452858150496316,0.6814162770379868
louisiana,4,550,0.3193026939010143,0.6796149458056117,0.9006227208255488,0.18949876873993607,0.8806049831209202,0.2510887913744246,0.8428094050857551,0.4704860818351949,0.03204279700847992,0.16545419195550207,0.9687899809279461,0.13863798709763814
louisiana,4,551,0.8713503636651224,0.7291549094497232,0.05102849536502196,0.04811276311901727,0.21652048244150787,0.31609540694474764,0.8704698524456739,0.6028398384301418,0.4301079755293998,0.7416120382025463,0.8603468367169319,0.41224035994258207
louisiana,4,552,0.24873203148125062,0.44284478242911285,0.761883995920849,0.27247177774684356,0.707673009608728,0.4649475073284617,0.2460357322480206,0.6162614961342714,0.509350402797541,0.4450149649151643,0.2927087301546267,0.2809275310936794
louisiana,4,553,0.6567145159394102,0.28231909802413424,0.6983882560857849,0.22529717776935454,0.59949820833337,0.0013976822443680413,0.5964106901766305,0.204738379831573,0.4562018151024195,0.9319493563913323,0.6206842059470101,0.29021125088739325
louisiana,4,554,0.0657629956408585,0.5714090213690077,0.6916530839855425,0.4498553341321791,0.7773456537317326,0.9851641790419866,0.372916251201287,0.43507050207986636,0.7026428460461184,0.31332551122797975,0.7351680108098244,0.3168533596727598
louisiana,4,555,0.37682818883802377,0.39777867815007806,0.14007123497506518,0.7007041682517886,0.9964364452078183,0.9501672955834132,0.252581213993956,0.4361961510328916,0.8780149088858482,0.20803275863461404,0.2806574058792845,0.690205650659713
louisiana,4,556,0.10564665862259717,0.725313678435343,0.2721904442672485,0.14248800516890625,0.08306053406207477,0.9014116206760061,0.9967399526901461,0.5865438798065038,0.7801349005161582,0.42475361427029207,0.8788119909342184,0.575489176632941
louisiana,4,557,0.9798783789225228,0.055588298246789174,0.9987270714224747,0.5926489983789356,0.22362382786839727,0.7345967231612957,0.7512952293249505,0.9399341069923296,0.7704777191335617,0.49596353662017795,0.9720304796977982,0.6057060913028981
louisiana,4,558,0.6930171828061714,0.10578930957916417,0.7856847512527149,0.46134032708966743,0.7232262249669777,0.915053093998187,0.6422288075535195,0.930241248766937,0.5958683456277263,0.6522185592614251,0.29808283682507325,0.6621554450641172
louisiana,4,559,0.009397989996076156,0.29807407027622174,0.568627072881068,0.9504833765195904,0.639283682710772,0.5428113629432898,0.25596250001889903,0.16352128452077785,0.3180708498100562,0.8430387647395343,0.5317284757831737,0.09362696849935039
louisiana,4,560,0.13450292806009578,0.9686487497462735,0.8251634920816998,0.5483414780885207,0.7437946411944448,0.02172738880885393,0.8132237208219789,0.10050317920634987,0.04132607386473525,0.19370752656323603,0.9214146794216042,0.13095393258269925
louisiana,4,561,0.19783172735907187,0.9941692252292146,0.016907285769666096,0.955352613263733,0.44958932282031244,0.19245876502865636,0.5386978524878021,0.9701168330916213,0.7986880645531462,0.3296018682405022,0.3786725457388529,0.7219016619784535
louisiana,4,562,0.3826479854197861,0.14700753583625928,0.7415417905644756,0.9635264036061684,0.5837038925541009,0.7274086610751728,0.37355683618586516,0.9526255705287695,0.7105821842085145,0.7062020714063996,0.02065304506928508,0.3887807991072843
louisiana,4,563,0.8144613228087552,0.03947086420101412,0.4243408967836831,0.039391276026607115,0.6834227335835754,0.9753911445996968,0.5959936205529021,0.8806594824981268,0.246730712279152,0.9569979124610303,0.6884408394625092,0.2009698580863939
louisiana,4,564,0.4750214235989795,0.5474560474696206,0.6167587691273027,0.7967265620948555,0.4278663606618218,0.4376957073766196,0.6981720357184888,0.5521889195815606,0.18554176761773938,0.1348433571703793,0.6628750434161926,0.4506477501648856
louisiana,4,565,0.8290680137428134,0.7722973215473145,0.7825043231375673,0.05627692151402453,0.18716178000433503,0.004243767037099492,0.5616761466299697,0.18460186920735644,0.41875639077571924,0.9188678844120728,0.2652066928943552,0.5071570353398555
louisiana,4,566,0.192928659938811,0.799853204068173,0.988968835506947,0.443915385242518,0.5110565683013534,0.05905946684485532,0.408695231168526,0.6492628301708757,0.4317705876193109,0.5801547838483002,0.2128662040576234,0.3334681492709608
louisiana,4,567,0.22496029103884965,0.27844423014094705,0.40938177961671557,0.6701436748700266,0.4006273217790918,0.770577795109998,0.55185055461713,0.581350331272083,0.42197245940161904,0.8459619025429541,0.15701331509875877,0.2108003730054045
louisiana,4,568,0.7146453500732055,0.5741370165410746,0.9449788314476466,0.013166484218054105,0.9450872656156231,0.5417709069799613,0.720560928815421,0.7214008916818764,0.6773642794638886,0.27167220116852403,0.6836690151167945,0.9614138291196072
louisiana,4,569,0.9585596901622098,0.770320351931257,0.9740881589760108,0.9947257900067231,0.1339484741785036,0.5646269626309316,0.0378239792042708,0.299361134566616,0.4669786692145622,0.24528278893700844,0.1597760186891074,0.9533071704543951
louisiana,4,570,0.9422505002190512,0.4359988840796025,0.15745890812195235,0.2598747709667531,0.5273077158133784,0.10817474415840754,0.9053822052589254,0.5653438245898779,0.35911457504527233,0.4065773703028195,0.7243823794921876,0.9778535692066679
louisiana,4,571,0.5208888212379477,0.04403574119054071,0.9125342353355604,0.09902476329618427,0.6454612678002405,0.54486312166108,0.13288176245850614,0.9101382766159976,0.5373058487840219,0.1992773384191653,0.7022574224967416,0.4988956517666049
louisiana,4,572,0.309884353400156,0.362458349654731,0.2356024354763346,0.3861859572003348,0.31429716422488163,0.35846580925479204,0.1794600567532779,0.26627974205034854,0.08062270694350625,0.7327871018347587,0.056067442497833846,0.41596098434797996
louisiana,4,573,0.13542705489564263,0.77461615455871,0.08468768070432918,0.3265002774211827,0.049669260804397423,0.06319294087679692,0.5738606586073934,0.2541205103412301,0.20135657650599031,0.617117627631132,0.6230077095141995,0.2834504114549849
louisiana,4,574,0.9855655260904451,0.6706375067690267,0.6353902856191144,0.941441660907015,0.8918841444372922,0.08947095367630924,0.1905436635669945,0.7839267219017556,0.9802504990603543,0.3978290500844275,0.44701395862024346,0.305435369628575
louisiana,4,575,0.2885172301270947,0.662923506014956,0.954532689489642,0.8227763051588154,0.7391964008623152,0.9446135291245403,0.9308103911285306,0.6977036048471836,0.4229071558596287,0.5779436643815047,0.6416327551839849,0.010609293214168416
louisiana,4,576,0.743179477588852,0.33344764805390303,0.8545934959571485,0.01901408257111089,0.3349221942577709,0.6388920693943143,0.45190497289087317,0.8377755131554265,0.9261540127237744,0.9844739803923667,0.5250411755146694,0.6852477396976804
louisiana,4,577,0.11251823951730343,0.9087191631715332,0.8266405293660035,0.5605295590237097,0.433289336587334,0.7593812319941854,0.7600143203748388,0.5318627182736302,0.006525568671283205,0.9733417843915453,0.7804722552519942,0.2691972937242469
louisiana,4,578,0.1610316771593665,0.15143521274957047,0.8298109378681275,0.554933227456326,0.15785453494965393,0.2354975921791689,0.30318924172708617,0.28008264274287226,0.07073396721900874,0.2876056487141179,0.20010112874679448,0.6883664071706439
louisiana,4,579,0.840796050801965,0.7562382542983977,0.4395234114216774,0.9608357734420566,0.6387863096323833,0.31402921890380453,0.02716716714270647,0.006808581334853936,0.27489262618524324,0.9029363834207044,0.4257678573783454,0.4821577816573286
louisiana,4,580,0.18666664460673124,0.598849238548536,0.8983139253370214,0.9526135183520055,0.09562728087796585,0.8065928547295773,0.9491672420597876,0.8019738769236029,0.492182282824102,0.3058020945325845,0.14018707053027477,0.908258736056678
louisiana,4,581,0.1823246551372285,0.13594963731689455,0.7690291100159737,0.49570730959800735,0.12158835544423743,0.5494078778038995,0.6777902276020621,0.7823747213877374,0.3633683746319539,0.8722888949607381,0.1821110024259346,0.11637998692394187
louisiana,4,582,0.02477904829955131,0.6974476466783763,0.807507298860672,0.3036227668924433,0.6099260536597063,0.9707149759594313,0.9701420606990122,0.5006190547124113,0.47842571726630384,0.699655719912314,0.025426376228085714,0.37039426248442
louisiana,4,583,0.9003819431618733,0.6196818401659776,0.901850120647569,0.0894391021334074,0.8198544990252111,0.5437744839253094,0.7328386054195244,0.9642973990895034,0.30525516310632994,0.16351602931150475,0.9797873024925006,0.9938355815457863
louisiana,4,584,0.9937830608938389,0.21599378307686948,0.6731348897057446,0.0768306730606514,0.5607795452184126,0.7714296890516014,0.6960222126150345,0.8060331507092177,0.8629780558990325,0.9207049119856585,0.6977733887698306,0.4053192415279712
louisiana,4,585,0.44652642690720756,0.7719626195775768,0.6463499844097176,0.09416379797172944,0.7441245151627708,0.4929485768341559,0.5810360114179061,0.35866415435836635,0.3929385149496333,0.5420600913212874,0.04653718483545638,0.12456730407932719
louisiana,4,586,0.4704042100911518,0.6312319229017359,0.6512852773944954,0.1689697391446492,0.8382965348321465,0.6273057267776498,0.7725009376092687,0.09981392908766179,0.32077506846784926,0.7591266174530668,0.9276087100568792,0.004262554606194049
louisiana,4,587,0.41651835199591386,0.9201822471925295,0.4873033942224172,0.10822070122543093,0.2412482346323702,0.9345984221368154,0.2517454958448536,0.9191237875363686,0.062222264657398066,0.26773043571428273,0.7566388645740418,0.28268112013680063
louisiana,4,588,0.1630364761341481,0.3152677783200718,0.5838319992900983,0.5248199614411042,0.18619364649960815,0.30402282856177776,0.9615671699111132,0.7752471578602997,0.04385507314100078,0.599174376771657,0.8054343614586605,0.6331407852876697
louisiana,4,589,0.6323152224506167,0.2600802700222892,0.5527846035064755,0.23052105836326028,0.4483850685968443,0.8343135927555564,0.34634191338343984,0.18797764290935087,0.2560928578704983,0.7131404361082263,0.43818703046326535,0.3792889683353624
louisiana,4,590,0.062373253320838436,0.7967455621577562,0.17713747223590698,0.5962967784703045,0.44342412781413415,0.3681719091960932,0.038615637461209655,0.2064508843702394,0.8258233732759123,0.43759769774128887,0.5907960877910275,0.8156674752331388
louisiana,4,591,0.6166804098913305,0.29304061349111993,0.07750761603880425,0.8729661457879343,0.09007062929587346,0.8569580277591629,0.28459612226394687,0.7863679409416017,0.5037276795149318,0.7017715071068853,0.5983207741283394,0.5884834212159092
louisiana,4,592,0.25735286266631574,0.8211713416909995,0.6249203806376654,0.3415244528941336,0.9686414084057028,0.3264373090138847,0.2822311949295487,0.010802964311246369,0.4169702756503671,0.878508484072194,0.1626658930675843,0.49199887060335007
louisiana,4,593,0.6856082355214423,0.9983116666785755,0.015414259267241298,0.9585273192200368,0.6770428322091849,0.051198169713059107,0.4536843843798956,0.9113574482041218,0.11347199883532069,0.4112009578978257,0.603019776423976,0.6438703234762271
louisiana,4,594,0.324744093180365,0.19201817973402213,0.36705617660552886,0.30925315045442875,0.3918419705857035,0.32776619864280565,0.6478121944370251,0.5303428599153049,0.9059451455786605,0.9363575465130228,0.7165547514972194,0.5966773741926917
louisiana,4,595,0.45288258780794133,0.6820390545568784,0.31700176123690593,0.5845632677553201,0.519436897749233,0.6029613609580984,0.9465818361928304,0.5465843175424079,0.5236491867307155,0.7043675608350064,0.7525621470932295,0.08576639054881005
louisiana,4,596,0.5686264819284026,0.4277178571231802,0.6719100880063494,0.04067629376681972,0.07796039878241162,0.8271211622456569,0.24738901353288287,0.5409029646160934,0.014552506042976929,0.4919726470704918,0.9505940451309793,0.12008127126062906
louisiana,4,597,0.14128935747876722,0.6244274541972605,0.9378830862691236,0.3076504760169944,0.12204831412693426,0.04358153371527533,0.8101464153082032,0.6260870235847699,0.3317313202544942,0.6775316822279085,0.9761089075811822,0.619831737943709
louisiana,4,598,0.3965762429199752,0.40422674732408376,0.18168726583637762,0.25434469037392526,0.5961842232254622,0.9974203077143294,0.20309679859649724,0.8350949559857053,0.8514724837677647,0.2166283285816389,0.06710893222572573,0.16545767629580332
louisiana,4,599,0.24527478402475097,0.127954688001948,0.3382349181646996,0.006623717549693622,0.9153679121037822,0.6700778907961984,0.16130566168211954,0.6279092218935913,0.24846482479698614,0.09283664355321358,0.9168344148062021,0.2151253561160895
louisiana,4,600,0.4868168848068727,0.7363458347389478,0.23637871949374173,0.15424961755261776,0.05706194922853699,0.7926903274056858,0.9070146574911206,0.7207777170959088,0.787631494420545,0.557772781661955,0.5617309673703668,0.5548319069861863
louisiana,4,601,0.053105725977073935,0.35555282310459674,0.9134660021859821,0.6282888439604257,0.5066233178281814,0.6957235545607383,0.6435402689133759,0.6194542864025215,0.8894373401471374,0.0314994534595909,0.20603778233441114,0.943260714599796
louisiana,4,602,0.08183464553248511,0.6447954251967766,0.6644291414158134,0.41722073449157854,0.9602012246310969,0.03421423710223488,0.5317458586561837,0.3678064246957798,0.23147842275769223,0.7456164099995821,0.769705061800052,0.6984126341725045
louisiana,4,603,0.01914798837534996,0.3991762222348922,0.7225655009088553,0.3008502462304746,0.2564099080373762,0.5780272273726561,0.27851912258061534,0.3992079893552243,0.37262832515429095,0.5584365018684692,0.2754675378878285,0.2750139241273482
louisiana,4,604,0.3435678293797466,0.1747232482537255,0.3710516740254021,0.8178033076690105,0.7865329119971299,0.41002706181139986,0.2587998605635819,0.7582189409474591,0.7503348759457827,0.24112435367455604,0.08270277465491285,0.9819369582481298
louisiana,4,605,0.6252116610150498,0.8845662257518487,0.24920311376871657,0.9654916313794492,0.7856147869508915,0.039580546523036914,0.49987362802249324,0.6509242291422431,0.7295278312858887,0.3075719798419711,0.7766067943921788,0.8098100154882338
louisiana,4,606,0.27588922978736635,0.9412066691405028,0.4737453308795176,0.5222263860621769,0.9632566831933601,0.7981136139727767,0.18677638559275542,0.161693335537123,0.7903226671353379,0.815145140678972,0.9356149793243711,0.7190683324244825
louisiana,4,607,0.4044538011328897,0.5300818287126848,0.13771397428220858,0.17385605060887097,0.28097502728500573,0.35428221497545187,0.5163484648346669,0.029004141260959924,0.6106612645397653,0.6701344180646474,0.5863653657600728,0.2584476750430246
louisiana,4,608,0.5184668674462236,0.060340681679287925,0.7764901260185634,0.8482252863223976,0.5659878306212778,0.9994669729497677,0.7351318920286662,0.25381070828334135,0.6875734085260395,0.18742250652142922,0.08824536316978236,0.8180825217054822
louisiana,4,609,0.7508040169529144,0.8040829085798199,0.8554504785330911,0.9031574108594671,0.5564803171223139,0.2457848415963624,0.8025752157320352,0.13312421993640444,0.017538696314022884,0.08086985910988793,0.7841559351237871,0.15319749422448106
louisiana,4,610,0.5639348957046714,0.21297018018629227,0.11885464664636851,0.4829140586164286,0.3818485723819049,0.7303151720527021,0.11376714149713274,0.9532907309089149,0.8173474120883255,0.5162872544764948,0.009273889387006655,0.8771545169334659
louisiana,4,611,0.9481262939274636,0.06277481561564778,0.34704290143510963,0.7573452780823071,0.33663836697101185,0.0791110417351194,0.3455943557383413,0.04874734233156086,0.31628895683271113,0.3223473688506753,0.4804060728000618,0.5619813486967594
louisiana,4,612,0.8117112966097324,0.3983566777830753,0.922939422729948,0.10007332470113246,0.6054457046852432,0.28214477910108965,0.8110510579775793,0.11779056920805413,0.28723160283816795,0.8002970755307943,0.6363662034575417,0.490312327651162
louisiana,4,613,0.0649082900883795,0.5949870206167389,0.7594442785390496,0.8658912337129502,0.04677177920628332,0.8671688519673431,0.2497631148457805,0.21498319551964118,0.7456768729086244,0.011790908031491779,0.15069888175923818,0.308057155077736
louisiana,4,614,0.8396250702626774,0.793865122554536,0.7874173517391156,0.34990319043935075,0.773496802230272,0.6566121649695607,0.8554713482047119,0.9844290472105559,0.2900829295298091,0.1170677098440859,0.4845276745977212,0.8079140486566422
louisiana,4,615,0.8186835875868959,0.6853557978001462,0.03790428553671081,0.4669328076333701,0.6507029969532055,0.3332051171391,0.23873427231112107,0.10232016366902509,0.9330997007810556,0.03514331405391697,0.44835083939611065,0.2274701226447486
louisiana,4,616,0.128429888416129,0.8820892103977616,0.46478472785901126,0.900970040855736,0.09920353859653636,0.7687090904930058,0.9789063873180412,0.38909631849172743,0.6814032949283025,0.5479440469275881,0.0116706598665734,0.6469245839251361
louisiana,4,617,0.742149519440908,0.24663062997591062,0.4844676374965773,0.372967137453639,0.3821551420521792,0.8295371972585506,0.5435069695589312,0.6458690466717554,0.8613957412810931,0.08202703029267328,0.23448015399164782,0.9719217984868557
louisiana,4,618,0.2525715522268038,0.36001104797626093,0.6064021437453877,0.432962521230678,0.765227247471182,0.8034769942419342,0.08621466768279838,0.01776218207905251,0.4056900816188577,0.9191431464311469,0.989252111012103,0.7252301075588419
louisiana,4,619,0.6609603571683389,0.4479129624696591,0.8516416531188066,0.6227148638823055,0.1311273111939605,0.3733325358991313,0.31649110215318205,0.9827102018170405,0.414062963159651,0.176975356460722,0.38266491917163337,0.85599784449386
louisiana,4,620,0.8547541080654874,0.5788605140181824,0.8897382294760846,0.7483045850683498,0.06083665860817486,0.25511732843318546,0.29770713816480543,0.7409840648648794,0.5895266059813163,0.48521041174731067,0.0771083086585152,0.5703660664674457
louisiana,4,621,0.7411960948641683,0.006565109106640125,0.9022359922397889,0.09092801895548946,0.04445303187750551,0.3253240885275297,0.8526384914780009,0.02841812650167093,0.253588883812439,0.9352008189362867,0.15317908646224787,0.16017137242447987
louisiana,4,622,0.9566301948659864,0.34965192076639956,0.5095392232597934,0.8283064150343716,0.9407502303493607,0.19429706194793966,0.7310098603779577,0.06331909085543029,0.6588517222559157,0.7304258747159024,0.9446880747232687,0.014670747016593573
louisiana,4,623,0.762280433946057,0.9606031576513027,0.6705309723843431,0.7252508916210892,0.30741924025240924,0.43593263661165116,0.6415857789544179,0.8615025867238228,0.7973866482011072,0.2214265757122916,0.16730535991253612,0.24889052910492793
louisiana,4,624,0.865658487000431,0.7140345176825068,0.8656862277235456,0.4872687977693149,0.5403406591648813,0.5589399293472049,0.2005762268611649,0.449903329499687,0.7154927914469248,0.07508788300121397,0.9828131310522186,0.939912926507477
louisiana,4,625,0.07824208124631746,0.11072312216691003,0.13434170317663283,0.05339233475382231,0.5374672127663302,0.009636267299155937,0.5068384663038267,0.8271855282493106,0.35453094781980254,0.04888233811208318,0.03300585817726873,0.6828418196571118
louisiana,4,626,0.9521702139377248,0.6601631676950728,0.45199799373835825,0.7846520165216176,0.8065764206317778,0.04877624904630944,0.45007193526519496,0.008753044793618181,0.8081538496838755,0.25143219476638556,0.5570981287286787,0.22922342944797647
louisiana,4,627,0.10078815708101029,0.467658928962303,0.359943734701995,0.8971516879970939,0.23145631105119369,0.3108109576304579,0.7037681726866929,0.5688152690861457,0.6614340110031076,0.09419570336091816,0.7463452036060549,0.24793573569626579
louisiana,4,628,0.6156108022803163,0.21954838455098097,0.9109725167214704,0.5148342431614742,0.6270715111206284,0.908050733567545,0.013567550329966814,0.5702658203218863,0.8853630637033342,0.6395740034952323,0.4989358340785584,0.0013591325751732115
louisiana,4,629,0.5136677759949575,0.6815543257910344,0.3431653386007036,0.3158525900828758,0.13467606474588384,0.8634971514355297,0.06091293850712052,0.7565377563219615,0.7817188607648237,0.6288027414315399,0.797865861885426,0.020112633466018506
louisiana,4,630,0.45005938284551367,0.6180494657794137,0.7291436710933258,0.29235158674649914,0.11534254949105442,0.3637692819128393,0.6696890210877696,0.0439503206128921,0.8999595802460254,0.6959157530976137,0.5162668426980433,0.854259511893374
louisiana,4,631,0.8330415389201657,0.7339392391927188,0.6112678305558349,0.6907372071268816,0.5144736606100481,0.21104213293815005,0.7125942941962724,0.33061906728335566,0.6368737727510259,0.3721523357271018,0.6980544671336848,0.8172427719628347
louisiana,4,632,0.9012563382080203,0.7480049265304841,0.2612293453632051,0.7397160870793729,0.7877976438594437,0.5255170357835216,0.8122622466094825,0.04656802997402503,0.7527057237329622,0.2508573465045324,0.8957274041406335,0.6246425790336042
louisiana,4,633,0.9606187546471732,0.9270219667464497,0.6309099471925045,0.6310106001621238,0.5957677735442647,0.46829784611286657,0.5045911743067724,0.1453408286293039,0.9060645957748136,0.8671688315807105,0.7181047714730464,0.7995200071106109
louisiana,4,634,0.9921913234653004,0.9013604910451445,0.5592276269679124,0.9871383463077242,0.43527615390671476,0.5285216164548809,0.8790174469726518,0.6806463827083118,0.13319507859431123,0.043158240769816746,0.8589973445906602,0.9171043133147079
louisiana,4,635,0.9620937034791975,0.8723742177616342,0.9700326418464589,0.2165473449968174,0.7415178425655569,0.6808942429583252,0.5370730705909142,0.23463183900675696,0.40977246294104425,0.016945097917529354,0.4068862812596672,0.6531921565220733
louisiana,4,636,0.5692029623760939,0.2648404812949502,0.9058259724462663,0.36046510358813916,0.9768931184518247,0.5266313793886674,0.41626357450817203,0.879977880424919,0.4396182039539594,0.7379110736980073,0.48714697448879485,0.9563486945230524
louisiana,4,637,0.3970218175932801,0.8301771596129448,0.1845159714689424,0.8340722556119133,0.11913528441829281,0.9021746079176057,0.6198706156795906,0.712203947356134,0.3421546567298319,0.25623088212318845,0.1854336292653376,0.07050331147416303
louisiana,4,638,0.6476527418913359,0.013430065762074816,0.38577661327872914,0.2573136973801233,0.08460346055591277,0.7243344644121431,0.4678604993594737,0.21611233091846815,0.6314722664927858,0.7716683810717192,0.11245087921323131,0.6150540342491891
louisiana,4,639,0.9043885193531128,0.2912877331994332,0.9636505442890242,0.5948088776554674,0.15376247345734237,0.6460553838602836,0.9645987098072547,0.5070300244231244,0.507111337298967,0.23564345352970018,0.02854060199683218,0.9426580890131715
louisiana,4,640,0.2587711033327673,0.6946851907387446,0.667011679439775,0.9734255306388718,0.4304454497083374,0.2013614259534951,0.8859235077230266,0.18201514227159055,0.042068936581054255,0.4685652734887474,0.23076899500117365,0.6732044300034501
louisiana,4,641,0.5548400247185179,0.08001530261858279,0.3564226430012112,0.8151924706402128,0.9359759443798257,0.4521702744194334,0.4176543654259441,0.5368374249138708,0.13472811409711785,0.941563670724572,0.2491957219799861,0.8102445191437816
louisiana,4,642,0.8957906083733694,0.08208699306102374,0.3919734819334996,0.5361467733710085,0.31033853489030394,0.08680707918156762,0.421921125300906,0.42792938870616776,0.7014443290026783,0.19833417024618213,0.8479662789564401,0.7583375404095761
louisiana,4,643,0.2713966243698134,0.8413988112262824,0.44843158962755886,0.9746843844139587,0.5662249968360581,0.334725020092391,0.039888131933372956,0.17546666840865244,0.8273214957120846,0.3548590095642282,0.10700749543934197,0.40002977845352317
louisiana,4,644,0.8927916061351855,0.9782178851195443,0.36835873467059077,0.18777267170444858,0.12585406781857428,0.5044452895189643,0.5458259684366086,0.7340491651065089,0.06360909467414233,0.9995936380826241,0.3549288553906168,0.1270718915487556
louisiana,4,645,0.0019820870388309966,0.7117089032168586,0.28010677859817174,0.23574909221917673,0.12856696510427848,0.5814166233937528,0.21271487113965892,0.6393070797375842,0.2988436138447106,0.9790415323412158,0.9296109914180367,0.6302098553263088
louisiana,4,646,0.005117460795020555,0.7200524415620266,0.9353560662398014,0.9108213144009608,0.2547944029172705,0.9870394894987502,0.3288808781772658,0.08817844444019124,0.641969844574043,0.8164660547917754,0.5783317959468054,0.5197783600336661
louisiana,4,647,0.6758565366515573,0.8922658158029709,0.18870241378249294,0.6266989541463655,0.3480761423409108,0.9231987194125603,0.3562511678436774,0.700500209205264,0.5881996226269285,0.7511032776824841,0.5841445970795036,0.9116712272804494
louisiana,4,648,0.03995827790411138,0.8321330317053783,0.40213787051830463,0.6415835463839625,0.4913451465210198,0.4865131747419361,0.4688724049320538,0.8347776907865092,0.6377364731000783,0.7398830393970824,0.9326420124014576,0.6170896669985263
louisiana,4,649,0.21135007118100504,0.9838451589646674,0.9762566166001951,0.7499577955363813,0.35491395361152234,0.2842908767263993,0.9548974165156742,0.5858747338122021,0.7188923485550898,0.44113109698877867,0.9877572210161474,0.8682576865297583
louisiana,4,650,0.9765468574573457,0.5750742639600703,0.15373357167209592,0.6056922411292798,0.39086714132498523,0.8101671134396277,0.22611145558397486,0.2684359763301506,0.7757782111566585,0.2632101517097822,0.03819397196719792,0.03706500307660255
louisiana,4,651,0.9647193081149842,0.26848227836710875,0.8004792216633777,0.1538982167509737,0.03147120487754411,0.33248867769563073,0.7637975751301253,0.9265860019459885,0.44920589076943956,0.0747178910544517,0.14981144965225995,0.2326659597229669
louisiana,4,652,0.699364038473784,0.38437022302131557,0.7815842692041298,0.8067115395388745,0.8922655568504098,0.5924194367307802,0.18583141990640145,0.40807180579899055,0.3890824250745175,0.021267738622659092,0.28194021006053627,0.7774298060287729
louisiana,4,653,0.1969768848769238,0.28034418326595945,0.21563081307566329,0.24937874109971253,0.7137460898319354,0.13180250899714552,0.5632925651729662,0.3513829448530207,0.1521340431467416,0.8218047834424816,0.6790831228464925,0.7012395500041195
louisiana,4,654,0.08532919180462058,0.06166712360680904,0.41030033591248305,0.5668346142866105,0.20729467545466865,0.22500274463450762,0.2732235118484069,0.6644527624852997,0.18770914558489665,0.8133410323719411,0.9712101033142323,0.14449420697837778
louisiana,4,655,0.5569546352748195,0.8560141055462595,0.006585534255189319,0.9338672795791726,0.9576834378816654,0.9257873022605067,0.4484875391944645,0.5175750082117397,0.15943924479769903,0.569153958283176,0.8645950787570124,0.07256696926599307
louisiana,4,656,0.03084518917746864,0.6925108544511165,0.3027243959176909,0.7608197971276829,0.09800279570646937,0.2681371248893465,0.6371380421046727,0.7963640815253159,0.3934630137882936,0.1670707856086156,0.7330660392634913,0.1942977303006666
louisiana,4,657,0.6570662754119188,0.16263939940862632,0.3511928129537607,0.6070573764895072,0.21827560909835553,0.101749655728324,0.8723077508197334,0.07557040958531916,0.7427724252355724,0.2364011146684338,0.542580574540979,0.13996917822369545
louisiana,4,658,0.8430852902448503,0.31470753972021615,0.6547310833904247,0.39234886932290036,0.17831859651496018,0.05601816747190283,0.09905750645518697,0.22868418023496412,0.5528083741686296,0.07756158373322053,0.3768731985580097,0.9986350464318237
louisiana,4,659,0.24924869535840596,0.608564141800908,0.4473888706079914,0.04182574204239606,0.8253183624932017,0.767571739866138,0.42397064348120045,0.6680034871353114,0.7960483203491835,0.7497048562098716,0.22227502527729376,0.4374878578934815
louisiana,4,660,0.4984848068826128,0.2144715194469274,0.951878910789732,0.5325856942535738,0.9389885214418832,0.3293468023315882,0.07591097797408584,0.24141972894629896,0.23623666124315804,0.9970362702406979,0.05456527913303914,0.07881783441299785
louisiana,4,661,0.40321673277206294,0.307641536311519,0.5080644705885244,0.0301373835064891,0.8299896656784505,0.5024790928748751,0.5564298794595874,0.46335595605008567,0.9202497335172709,0.858995678036771,0.43220248999549676,0.7401520219182417
louisiana,4,662,0.4202443706113111,0.7073603435180889,0.18600452365876083,0.9513026124947734,0.23774260792591204,0.26781917489624235,0.3249159426133843,0.5519108772633183,0.7654737221317839,0.2656157324687073,0.6247027941928927,0.24071713939256273
louisiana,4,663,0.4775585383949624,0.6044697843676908,0.13526432709654432,0.7191133152628584,0.9492936340865578,0.25444646194927656,0.6120989079371156,0.41077076430853615,0.28832083725787516,0.19240138327375783,0.6177899272477277,0.6482548628167785
louisiana,4,664,0.5143058386654794,0.5807369991356618,0.49923859198337894,0.07246222463666618,0.6537437596964022,0.3895398189862261,0.5134803166412474,0.4408182643572863,0.5905283847375675,0.8405270858833543,0.9868547971154427,0.0007285093003217085
louisiana,4,665,0.9739630419125963,0.052529513187364055,0.9393988742352402,0.6348521906444722,0.19732880545690454,0.662034161702392,0.9391093936246,0.40290129080516046,0.9364571874117518,0.26457312101988645,0.8432050928726679,0.29934224224014544
louisiana,4,666,0.504622282948266,0.2137835312489655,0.5711437498517823,0.44875373140315905,0.24000640446808297,0.4273098414589951,0.631404401835671,0.22757761574396163,0.4367097476354854,0.6429593657803194,0.373265308793183,0.9201466172379539
louisiana,4,667,0.7772308573588451,0.4749593975276605,0.7018333755475986,0.582681445942735,0.7279975763842869,0.32268396390470333,0.03050352780902818,0.642332727411481,0.160561272681531,0.6027783128305211,0.22120727811824614,0.27810224399255584
louisiana,4,668,0.24303963534603493,0.5635180122872145,0.4776985984636005,0.7200743362627106,0.29025177995744683,0.9108720408700421,0.5678303318003413,0.9298212582758191,0.22254389286987555,0.6662547838921441,0.7196490087072551,0.7671619971923798
louisiana,4,669,0.8737630653633247,0.6205194828516883,0.37744289818317994,0.6441906797342749,0.5328504144913294,0.6550170728943012,0.40712102841394987,0.8255075738211768,0.11271137330504588,0.13514813813471138,0.753517631023449,0.9888382750683692
louisiana,4,670,0.03149487012804564,0.003265018719382159,0.7996304457360702,0.9265996687319188,0.41941620454508877,0.35262056591591595,0.43665779887957923,0.278857991660012,0.886327995156355,0.22618104005490383,0.13111633912901702,0.22377732410521725
louisiana,4,671,0.7516780303115977,0.8382666524561178,0.24794582586423686,0.4136438778532501,0.14010665432907246,0.19178401685856886,0.5520340528967453,0.7193897225331578,0.2031533325968926,0.6942314276753694,0.9675832003306297,0.600180873133415
louisiana,4,672,0.5489963282314236,0.5839707595566033,0.2975965695811525,0.6124990673620206,0.557076543300941,0.9848128472778992,0.4620916385870648,0.2327560160993538,0.9744804229221421,0.07898994563376505,0.8618505725106202,0.2951885381340373
louisiana,4,673,0.36901639163791217,0.14591549917651433,0.770770052390634,0.2910374285155484,0.05646794138638076,0.7515355164487209,0.004702156200743087,0.9775149439215832,0.6840184817665566,0.632155317916214,0.3351513207555162,0.683775726891051
louisiana,4,674,0.7292044970256458,0.026007585908288545,0.5187707065413878,0.19069552026325046,0.5091480822472159,0.8244983293698581,0.26084012892586467,0.17653000086729131,0.6696598898324995,0.6330468000527175,0.8234725759972744,0.3173981228720286
louisiana,4,675,0.526588894482363,0.5457539722544311,0.6896591915315667,0.0012481758756200576,0.5385710885442846,0.9142421631945178,0.8276834291801203,0.10912523292692004,0.31528977165146543,0.9337488402434321,0.6687146764653346,0.695937100939772
louisiana,4,676,0.868739550964948,0.7558053637789179,0.20348542431481875,0.13610494721719382,0.30600528156426005,0.8403003715639986,0.6298564091387704,0.21038252756232437,0.34983769841265006,0.7631693445016132,0.26329027045199277,0.5931022411287641
louisiana,4,677,0.9722087994109399,0.9659720266271515,0.12215927738738552,0.9461195682419975,0.08798537933949153,0.6941612415635062,0.7629131554130155,0.01158032407311445,0.24002254412592233,0.7260583099369952,0.6906322044875225,0.025916022926684802
louisiana,4,678,0.6588641591958548,0.46915275876040957,0.8968997218959546,0.5286413473433553,0.9142311786326384,0.29231750812782725,0.8017105641709955,0.8218910299507859,0.009669308725511016,0.5313862444487294,0.1064815032303568,0.5393584658638683
louisiana,4,679,0.9782297848712287,0.008239771737582875,0.4887349111154846,0.3449098516370835,0.9584572117605145,0.20472864743677424,0.28940285594780596,0.1353258677653377,0.9397188401933699,0.006517194328358142,0.4397765821777835,0.8866983683950567
louisiana,4,680,0.6349566991509552,0.08915071171425384,0.6564435626654858,0.4933996156104037,0.932638819457118,0.35172890879971397,0.47068704873777417,0.9599946357493264,0.2708668569990599,0.8497081481058425,0.5994321262141936,0.42228874809067973
louisiana,4,681,0.34111844272512953,0.8892779208147366,0.6974171262059143,0.6156124665697197,0.906680233202262,0.10229020829975803,0.6613916141210285,0.8706947905570045,0.7096108914355843,0.43064977282661776,0.7443269864174175,0.005609222249862427
louisiana,4,682,0.2266974250345814,0.37692413174517125,0.06703276780357513,0.5102357443552948,0.9819787297497264,0.12766147699831837,0.8443998340855451,0.8044017684889713,0.9351996294889655,0.9327839540333329,0.4165806046158126,0.32132787864725343
louisiana,4,683,0.8991419498472237,0.10089664280829093,0.6156959816621727,0.11899789935402777,0.31992311235231524,0.9326282398252378,0.10073389592400939,0.722460510641128,0.7120191720100071,0.963962151013973,0.23212224544767515,0.34015564277477284
louisiana,4,684,0.4409781319836238,0.9264873371977069,0.008594447900231117,0.06928024106719011,0.2629041388754755,0.6784683359715075,0.05474051551602204,0.10613005039430357,0.3005924221008482,0.8232212572979495,0.5898490467282124,0.7425089829014339
louisiana,4,685,0.5885028776932724,0.9951475804171035,0.8160270794899831,0.9793430629218369,0.4684862281845238,0.7893883928935883,0.8598898533578793,0.09254888758137368,0.384737630387998,0.5220053415187221,0.21613788221997102,0.8634994083925206
louisiana,4,686,0.05790951964893645,0.5005555334490388,0.3269358184586898,0.2705474544675624,0.14183319044784498,0.8021234845147743,0.1399583141367953,0.9322243715181762,0.45417519000637313,0.4708948536635889,0.37490660628657446,0.9523639588972459
louisiana,4,687,0.008490374252257503,0.10209986939737999,0.31141847473957013,0.09785084758632819,0.3083740595473717,0.1775722013164238,0.387024281360478,0.6310630196895645,0.9875893117674587,0.43661996817820786,0.999474450498073,0.6113734707748376
louisiana,4,688,0.9684301103015974,0.4735799025503726,0.8022754923971774,0.04735477100870618,0.7027367261196501,0.09187715813780763,0.16680962491464552,0.06203176294300881,0.1327114956176939,0.19088108418802188,0.9253893243698026,0.6999002323267227
louisiana,4,689,0.6599421960473474,0.47760711988529114,0.31395719583832865,0.7339174700910045,0.8053022524602091,0.5903342765922235,0.9795092161490544,0.44710376068287805,0.620468315272373,0.007034619443334696,0.33906925750438716,0.8851307552230236
louisiana,4,690,0.5452218471515423,0.5953648388532391,0.7861865619605146,0.029287246115320256,0.13080356426171424,0.6814561694170409,0.04286721861487325,0.38075498815309244,0.9694116382165388,0.6641130749525344,0.44677449939605907,0.7900508131830968
louisiana,4,691,0.5517369096258131,0.8407023853809864,0.7243941136074747,0.7123530174253275,0.5617846065275872,0.035593188541800116,0.8738133269551531,0.2338416258930122,0.9914345441035617,0.698611923206714,0.4181018541611005,0.7207358311472615
louisiana,4,692,0.26931826901929856,0.4541786666758462,0.5991321321238645,0.36620894732743137,0.2517482062243042,0.41145733464987977,0.4615661382212959,0.08699212360046082,0.8235393927653257,0.07905441376668083,0.3302992178356018,0.7568174380740681
louisiana,4,693,0.6515438154173465,0.4718225717296546,0.9480064230302285,0.0868142712989555,0.8461988540769129,0.9330849254659367,0.4453230433236213,0.07007925689202713,0.6911713913464196,0.40437619932158164,0.28908138888467905,0.5927538243747327
louisiana,4,694,0.5088672129143985,0.8549069941945435,0.9207208374003262,0.8828827468916063,0.15538668929140226,0.27464991747183537,0.7968313398584052,0.9384092659782102,0.8265593678594212,0.3958549760696899,0.7660165080889512,0.7431556035023326
louisiana,4,695,0.33988233850472604,0.0015639744803160422,0.8304964288324229,0.7643674068700651,0.5804046190975048,0.3475402603037869,0.8835356014988106,0.6945034923164817,0.1971176087304482,0.6478713154710521,0.7572427653591237,0.9212475332948508
louisiana,4,696,0.24755600953150883,0.2294677861508158,0.8125895236815885,0.4905858296373932,0.8113901540011761,0.6307122084430149,0.5741459426861508,0.24514017372971192,0.7553724210138436,0.4091547206968986,0.24470128053572615,0.5744075699707962
louisiana,4,697,0.05536630216047983,0.5246894459637346,0.9161672683647563,0.811731869478399,0.6324260191829009,0.07432393949361647,0.8348111014312433,0.22356746266998292,0.2916315232506244,0.008614406831929164,0.659983395319455,0.8523103585320424
louisiana,4,698,0.8505064913454767,0.9671011833430773,0.6727245706953279,0.5904773590052111,0.8796125298933241,0.6392991449548726,0.8689351293336447,0.5285542238683507,0.3809147692766491,0.8264206661126648,0.35042585686182354,0.10942736621063205
louisiana,4,699,0.7882706665857956,0.6969255529397756,0.12056778826436929,0.6881806056251549,0.7608263037879576,0.050784357661804544,0.02067317610474265,0.6783331145052902,0.5161539234905844,0.08452763351717892,0.11037568736690063,0.5621420649356578
louisiana,4,700,0.4555393741135361,0.46115952120879217,0.7583591574996171,0.045107965760542754,0.6847242609655818,0.10383676769370617,0.9888452228653049,0.2194304167489311,0.42807099116782005,0.665226471792759,0.5548698530964691,0.46204923620344907
louisiana,4,701,0.9596881335410802,0.8074139420159749,0.9962391081824584,0.8744534814681093,0.7473243880786734,0.5657483480590781,0.9891118987468565,0.5187697011969832,0.7264699130008908,0.620037799885118,0.9770216182316215,0.23332395456076227
louisiana,4,702,0.9059138579436736,0.32350009035047805,0.3218181969927317,0.06564425679139547,0.6349097024212379,0.6495860364977957,0.10936090132435555,0.8739287062755914,0.21586956067291566,0.1895600574483827,0.7933094698430854,0.7823073186145044
louisiana,4,703,0.5423953717468408,0.8367050964278114,0.05030297058702412,0.4029893991191555,0.6245303285697233,0.6925149065760796,0.6683330510580866,0.16730295299825076,0.21605115229021693,0.7561945047804206,0.2873001532443434,0.2637531097759529
louisiana,4,704,0.31544874697793623,0.8763786072461961,0.07370006221788637,0.4693123572166492,0.4539920483881033,0.7180904374808063,0.23426429256671352,0.6898888751970256,0.48826360879278735,0.08540539964920439,0.29629801340878076,0.7350082355870169
louisiana,4,705,0.7018578936664521,0.93924333863342,0.24434201841844133,0.3513676490759094,0.5040337705938877,0.1838103079459104,0.6186985168881041,0.3384563957364459,0.8022115059107713,0.6976479768943209,0.7128076518850441,0.672100967223069
louisiana,4,706,0.9776370117257489,0.22737677342999624,0.4531185319431796,0.7022486213718934,0.42534414486439687,0.4933606094097827,0.9293316586722674,0.6133983154702466,0.5729952851846243,0.6253817269903923,0.28203074466876366,0.5166403729808353
louisiana,4,707,0.4607678789018055,0.7602763676736864,0.049064150787437935,0.4386091163264718,0.43400912342009235,0.07299447926253044,0.7002296765208041,0.1103349908931757,0.8145983470207229,0.592275004050586,0.19103356239911803,0.3109130289699972
louisiana,4,708,0.5316812955288156,0.5155620320004346,0.9261967529065447,0.22488507465005889,0.9745859749606984,0.5739073336381293,0.06261326584865637,0.6734077692832947,0.7611902318078477,0.7666984719119017,0.7706124642881872,0.5897108899594607
louisiana,4,709,0.1693162827254054,0.17332112149694898,0.14821916234095708,0.7529176208298581,0.8227706586473397,0.036577057096752706,0.16919370885532808,0.5914033668190664,0.19844157785579433,0.9291204689370474,0.540485828368613,0.7832609344558392
louisiana,4,710,0.9269807602211249,0.7914469416340236,0.9506127475746347,0.08525951301273017,0.4762681955945434,0.5217996798994384,0.09582858284591891,0.2967041586887333,0.7691659037768838,0.32315561166309137,0.6722466077616777,0.5097522271726226
louisiana,4,711,0.15009073084904948,0.4624234639570324,0.7234902094239485,0.976890739707555,0.5189371773204945,0.18854934300610168,0.793212949964346,0.6485327632933213,0.3259560353917485,0.13608673639117105,0.7605302092693405,0.9315133118904765
louisiana,4,712,0.940036256210639,0.7989197210782454,0.1499381916121515,0.8391474767891586,0.21442814329685791,0.5632195840663641,0.012533430729174485,0.09744051554220257,0.730917536151452,0.23745392719271366,0.7048442305610234,0.6650662541989509
louisiana,4,713,0.8565589150400308,0.8205993593645841,0.9089722659311708,0.7418831766349898,0.8360556091765896,0.788650038983472,0.22482156317412308,0.9993731383598957,0.8506647737236079,0.884030738165273,0.041583495178477106,0.24248667873900187
louisiana,4,714,0.029542030067847773,0.3229735072810442,0.1569211374036108,0.5278184694595236,0.3036285023527256,0.14971201010129884,0.6226883615644189,0.9797311501140339,0.01342256629126023,0.6412228020568114,0.032260125631692636,0.7627897436344401
louisiana,4,715,0.6726969569433907,0.9866530563330939,0.5463565859816147,0.7347599741505362,0.24732527141556657,0.27952872865134387,0.5053740546691309,0.3063573150862189,0.6628235531181371,0.5684693752167779,0.018841870357153217,0.4666751905033784
louisiana,4,716,0.6746468025810486,0.8737889914273794,0.25816143329971203,0.6642681413508752,0.8563022477434776,0.09400938744922263,0.48910520724891243,0.8400658185424794,0.9564784049398749,0.410859883357969,0.47816351650809574,0.469354500789942
louisiana,4,717,0.10138604585700133,0.138174839849928,0.9655520790673129,0.4284255782710163,0.9271819945850257,0.06286449682251674,0.7559056406351435,0.1605208849779064,0.9777946665754776,0.1744402830791789,0.002810276880273855,0.26554141111733376
louisiana,4,718,0.7634731897382067,0.32116638446600215,0.5175822372567424,0.2424948059536197,0.7763561715520809,0.7162971915239671,0.35395506939748933,0.1960437404446112,0.30677326148500844,0.760925951155745,0.7365626230201584,0.3096469545138448
louisiana,4,719,0.9121441063189781,0.585193970812159,0.9649767414576031,0.0684854411579127,0.6963490727709023,0.6334992795052906,0.009601438511408072,0.7015993989130037,0.18460970351765973,0.4197481942220619,0.8897215082136208,0.966524062760249
louisiana,4,720,0.006317871604296415,0.1655645204860905,0.4928778354676573,0.1602917930629724,0.470287772247464,0.13398963362082744,0.7429471322654189,0.8575509984882101,0.40242372754477734,0.4984054738993645,0.12054457936829481,0.6381777781668303
louisiana,4,721,0.3872021086626518,0.014385698701335787,0.9181454669820787,0.4716155817756564,0.18986728597762118,0.9804710883652087,0.8168417381187074,0.8144740220154323,0.17607427963303282,0.7732342257809954,0.29441586994487706,0.1612412637557288
louisiana,4,722,0.6524028319339324,0.5215065397163543,0.9809543096494611,0.589255623593222,0.6598830546684522,0.25038845929714726,0.12061217910704351,0.8812049566605337,0.3566532290672195,0.45382930351888046,0.34664640717524126,0.09199248110118849
louisiana,4,723,0.3533291508944617,0.04094079312770859,0.3896581296827417,0.3243099228026874,0.5675931307423787,0.39243936891041475,0.9916054250801734,0.46561221598270625,0.5679595628113492,0.36075307720994937,0.17111047835062768,0.16366773823647338
louisiana,4,724,0.327773035381412,0.6868785409059776,0.2233235527932674,0.6064813080097993,0.6224746900096907,0.6841975553001076,0.4953385310983183,0.14371772284675563,0.8098516023023353,0.2855023741895459,0.7482970591148644,0.4708833206628031
louisiana,4,725,0.867543744160517,0.1256535173509051,0.3503613195112768,0.9674107096093307,0.9544127576311311,0.5938051242702578,0.5708448643876591,0.9754648965485584,0.6721728598955964,0.8547542796167623,0.48853916362660016,0.5643456248650923
louisiana,4,726,0.011175661154531617,0.09094847280174252,0.9464584119154483,0.9436301218946849,0.07664905110588016,0.9310674504122953,0.43817789196236573,0.24842299112162503,0.44178241731685597,0.7077434698403203,0.9963377055273214,0.7578744741064442
louisiana,4,727,0.03506902691932357,0.4066151081986432,0.8325558421425322,0.18665371952840215,0.07114987642176222,0.5152761435386747,0.7231719906082466,0.44637770668588433,0.7226813825874762,0.6584905528381909,0.4665132998109431,0.6684047839284464
louisiana,4,728,0.12424984169557049,0.7845401534217163,0.9728288200916867,0.9978577015262318,0.6418161794805393,0.6422466211368184,0.07787320637272092,0.6067715454887352,0.4203645558760674,0.8653534123348474,0.8176998089171926,0.14180809209693507
louisiana,4,729,0.04324456327196224,0.5254970256969906,0.7031573369842625,0.13524270606871133,0.7468663165209426,0.21832635228720773,0.8779259978595689,0.6988572857805035,0.2678112852674503,0.6542348886631548,0.9172093151206766,0.9740521134864055
louisiana,4,730,0.5654859469647006,0.16384897178601607,0.7643125367294838,0.2101742763539295,0.43896969392250185,0.38455200917599297,0.2644320454947988,0.7245733179116239,0.12091411727885482,0.9018526716132063,0.8834082518178843,0.5471259632208643
louisiana,4,731,0.7984272609100108,0.0776542337167074,0.8768653627880029,0.9199390204092133,0.8358657157741846,0.0692606581895164,0.831214811559658,0.14430220764993482,0.7088701773551145,0.6694856181434559,0.7830383538158081,0.494275439796251
louisiana,4,732,0.14496880966312797,0.871331191516646,0.5668167368977766,0.21774859028207608,0.615946000692002,0.9921753590325825,0.45762679559846275,0.7992535557631836,0.5056423267095754,0.41367182438848393,0.6093924008642883,0.7152343608295753
louisiana,4,733,0.6637948728361405,0.8131252404548085,0.9472092200178107,0.4224864790244966,0.4326189599544795,0.008304784447920264,0.8473224564557387,0.05285146618343644,0.44467278899726737,0.634713910558295,0.12406682369263826,0.8748393540562592
louisiana,4,734,0.9657208681973186,0.8032849525836757,0.7512970397958593,0.3215425898413846,0.4402363666397673,0.0060307445271931,0.04382782282704774,0.4834040731302644,0.869208450196936,0.8206050679249639,0.7205430519726309,0.026217363365127498
louisiana,4,735,0.43131428833312013,0.7859155591064964,0.16515830675157878,0.32327278844840357,0.2736837176208917,0.08203310801988176,0.9929540641652438,0.8431631264253275,0.12654968358585397,0.3491514964847198,0.5767747283264292,0.31813148723965373
louisiana,4,736,0.42216584070010094,0.09736626426961036,0.5653994786453408,0.9449988534021483,0.98220229708606,0.4152544904893991,0.7751933718362863,0.20795147609424922,0.7622258981925739,0.6015722396596699,0.4016625885068224,0.7182920027357202
louisiana,4,737,0.3561394601556049,0.06838565855565643,0.8457282424291304,0.9930957538321231,0.2152128742012035,0.9908578513553605,0.5977369768743797,0.7310357802526586,0.1074709113717783,0.7050006850908822,0.689410567266625,0.36856721063202164
louisiana,4,738,0.7698336615932614,0.3504038168482513,0.7388151088362817,0.3562180411139174,0.45678286298021986,0.4618058726572602,0.4971934482858326,0.6347050574594673,0.8018009408134641,0.39233607471863546,0.9127206587264773,0.5812732020158391
louisiana,4,739,0.3859616530598653,0.1690041603500159,0.10526581021254768,0.5425371024147331,0.7899747440518585,0.24367140909478904,0.8826888513855536,0.8535480542021007,0.6862383412092873,0.7202534635413691,0.5935877236153358,0.022897293046572818
louisiana,4,740,0.8125733826039901,0.5285044836318817,0.4074524422509098,0.353338376051449,0.35149370960334214,0.1094349465404393,0.1583949141730378,0.44472994537716115,0.44841682372384245,0.00515037739545337,0.19773817985947711,0.7008644140705695
louisiana,4,741,0.6802391572295928,0.38591219155000706,0.43772262949702223,0.6537842165431574,0.08063728723455163,0.5967529249241499,0.24514387494605147,0.9632967374678262,0.38722750229990754,0.18625239393498275,0.6997763284425071,0.13644069025796762
louisiana,4,742,0.14066879386639938,0.5840180082854475,0.25914224927588747,0.7182381369480312,0.7207471937608049,0.4422871121664081,0.8985460536798446,0.024759410264208047,0.6794939605204179,0.07117435166375928,0.6455504617105169,0.6457884707043697
louisiana,4,743,0.2469169276963869,0.6847871816196819,0.26682311018993626,0.13811155093088343,0.8815826866782797,0.11291722972263352,0.5890204786948583,0.913833302798931,0.6672886047044391,0.13750104859755133,0.9423119101563439,0.5566667025158251
louisiana,4,744,0.15815347969453208,0.90652567173998,0.18979921083945378,0.3179604648577798,0.7956443835752699,0.3132962206852547,0.3742352933634681,0.02633377335016126,0.32182230881630247,0.7904925904884202,0.6302973446544065,0.5732138741517828
louisiana,4,745,0.08449226974422026,0.8520547810095397,0.20424508495139637,0.3573058396105341,0.41194574171541715,0.8253710353800198,0.35244969133049847,0.89636969456685,0.9764981747866145,0.4071307395788426,0.7630671247102278,0.7967097054129205
louisiana,4,746,0.4970955022489241,0.5443699997692864,0.8699777983458988,0.9233575350302188,0.6319789389256998,0.4858351035784098,0.17505702314541985,0.6383129181087013,0.48982356312721986,0.7113388267711059,0.8317834840992223,0.32478294303323285
louisiana,4,747,0.06391243454526943,0.26549943370407175,0.15941104366999703,0.4544228050617899,0.2749821654008667,0.2070111768734542,0.5350818086243145,0.6528548826952921,0.20768003326917459,0.3212931629821701,0.705665744067883,0.9869095191387002
louisiana,4,748,0.3744719782511921,0.12193771686481476,0.09731035637203553,0.9784799717711825,0.5137720130221858,0.6134274937165713,0.7823018058982586,0.8085883118224135,0.5681829251937505,0.29179534107583577,0.8876510016886331,0.6758360255128518
louisiana,4,749,0.4062617281690771,0.5677208750992849,0.4402887609645539,0.02112493509088404,0.9001761446107558,0.6875456146703974,0.792616215068328,0.48621752348625474,0.8968121170663766,0.8410537184570649,0.6086544412113631,0.7399661639026885
louisiana,4,750,0.5193618842463193,0.6578416285992146,0.7492992768518434,0.08754092614528595,0.9777222129974181,0.29659335871447745,0.17212226024278124,0.8497296041169888,0.8202763679764904,0.9550052724917155,0.08072561810772787,0.5412279662833432
louisiana,4,751,0.45775220441072184,0.8937313619712659,0.5454303187373651,0.8783832418814169,0.7964805671282282,0.7120979458216763,0.5710995174718777,0.3497331072324748,0.6595818744133456,0.6234951334124995,0.33659740908742947,0.08365065559288558
louisiana,4,752,0.5418242956688937,0.15531444844219622,0.3760537966989588,0.9298829166627163,0.4441573968407254,0.8807753815045629,0.04809417701614343,0.16683101035590747,0.12443768024387966,0.8974366603914282,0.6311967552348062,0.48404621850617174
louisiana,4,753,0.7868901368980874,0.11176273500416696,0.6748609943173971,0.9218227217876696,0.2586478196943605,0.37891112494594703,0.5303597500877791,0.4253513106687857,0.660672225466484,0.8714894709288431,0.059107501196462964,0.16735884962093892
louisiana,4,754,0.1644444408709643,0.8817294809086664,0.17934062535937845,0.05255190760293376,0.5456223627264309,0.6535390318491405,0.9012329226693376,0.8957121481036271,0.3556024197432901,0.5595314768198504,0.49028278318981666,0.6416655412171388
louisiana,4,755,0.413863910807006,0.951881762049895,0.8405950302052319,0.3420968206240938,0.16629440145592436,0.3365504210419104,0.48010941311719396,0.4515631252434734,0.4355716179679812,0.3261948634872916,0.4401251254080551,0.8015239311256471
louisiana,4,756,0.9089988356295631,0.3083856754588012,0.25256307179985016,0.5710490046804059,0.5624127878017613,0.8696291929983431,0.8809052236374505,0.27676417815856197,0.2619222146281323,0.5746390179366887,0.8364457166944803,0.6892998928199481
louisiana,4,757,0.5614399186909264,0.7095882254371998,0.8859784995460981,0.21579246668185473,0.5011948740225043,0.5148350510687598,0.09853046340310573,0.5727498819298541,0.8536845049997237,0.4991278702436561,0.6575908349474093,0.7108514808892212
louisiana,4,758,0.45390010507496154,0.30122027874740875,0.1858350417039539,0.5937929684429447,0.8866982497645888,0.38638076200443483,0.7490919679769673,0.9258332026445805,0.23065967913432545,0.26149535844614163,0.5507780295288196,0.7595020948312607
louisiana,4,759,0.17741294356177387,0.43321102344078444,0.5759018328531138,0.5680196054850091,0.0788425021926557,0.26409764150022547,0.686531897500404,0.38588739830519153,0.8215114630226251,0.2949309068528534,0.7397102376236323,0.8995096483755217
louisiana,4,760,0.7615946463712299,0.5265241727223008,0.004619361464499452,0.6768053686497872,0.7065717701617555,0.3776204139252109,0.3177728023926391,0.01370086690966877,0.49663084607755803,0.09604712668784283,0.6253749087516159,0.7311382681808587
louisiana,4,761,0.1843939146909023,0.5315973311636187,0.5034351745279978,0.6427151755190428,0.6047842456154201,0.14400225467359234,0.05933339347323553,0.059805423983973545,0.37351021956660274,0.6277777086457571,0.3445877490803135,0.04570613457132231
louisiana,4,762,0.951812433963355,0.16823294511256648,0.3459526819567515,0.724678182757796,0.6850810890292878,0.8046123545252579,0.4760139058948401,0.6794018890321442,0.2809052624695252,0.8902658893250834,0.40773190836328566,0.7444143473336452
louisiana,4,763,0.05687028667086381,0.8350266489779274,0.8530979360775341,0.835842527243021,0.7490327897604072,0.07745607033336228,0.0577285397390789,0.5561697404817704,0.6046432410613085,0.41482094575882567,0.7710249400449944,0.5314481097128634
louisiana,4,764,0.13096368714098103,0.46038671584190966,0.8941971832748888,0.4010024235874182,0.11308443352139794,0.2988637077226548,0.10397919028390677,0.7375539243870031,0.912434262467624,0.8705856160926743,0.40915245926063254,0.18645235916523695
louisiana,4,765,0.6846072010670096,0.2378443682331267,0.005046045325401089,0.24417241158759376,0.8246350861730901,0.24905357003532,0.7180180452642076,0.8397911684304024,0.1816442013184528,0.5629776235868716,0.44930490557052816,0.5016995538886756
louisiana,4,766,0.3325639032036495,0.9911733668735426,0.8883100123677888,0.3184711012417895,0.578156115602221,0.5713103314274973,0.6262050787285324,0.9406148546627603,0.312422195574927,0.3529423526969944,0.24623339741811257,0.14390742092701314
louisiana,4,767,0.9248517281148377,0.3091971051777427,0.024274072592391942,0.572481136061875,0.7560157258008644,0.8840179218661025,0.114352607481728,0.5614088325376896,0.4127841782586873,0.7388999570679124,0.20502473341116018,0.2709347783742853
louisiana,4,768,0.5845394992811701,0.5224733448539184,0.14648143265882982,0.6387268535241428,0.9084699268949885,0.20648061135734622,0.08363549363713163,0.7357764707640003,0.6197386730279051,0.27565062123986384,0.9707806765784204,0.29788330992900824
louisiana,4,769,0.4682172963924172,0.7130010682791103,0.3739711589531025,0.7586097689789386,0.03813038940183724,0.11747365265617003,0.42272115875033744,0.14131282550776128,0.5736258569366175,0.4821215650077876,0.07810075365127835,0.6576669756769987
louisiana,4,770,0.4241191127957877,0.5101030310809326,0.7527975017951912,0.04288884513000314,0.6642063579502112,0.016255959005101548,0.13606162354027812,0.8447949322671181,0.6300572591186847,0.5364488667740487,0.17039008519903479,0.33932235457236065
louisiana,4,771,0.6077586451902827,0.1260668914688598,0.09021302976404001,0.5159634075369856,0.36821049176731496,0.9116429238112949,0.1658439598016058,0.510117851545694,0.3220844640344793,0.3203275843756676,0.3877742958484899,0.36668177644207284
louisiana,4,772,0.6124362372660245,0.7217630469348277,0.49556491538121855,0.2287085881568701,0.22747732797001602,0.7212847681339402,0.337675613762125,0.3539151411563032,0.19526672489070884,0.7996517515144649,0.5978168071982498,0.09921158828986669
louisiana,4,773,0.719980965875134,0.2495726426092317,0.38384422239504673,0.007579834974449462,0.06287763573638198,0.9827948728786475,0.03486508311508325,0.9956437583303498,0.22767521770292004,0.55240093099786,0.15266339391049238,0.0947455280911042
louisiana,4,774,0.7814821251151166,0.1996230072861798,0.9558374284208973,0.7354748932637248,0.3218924424040373,0.17024565250773527,0.5549079987129361,0.9965048806394556,0.8557098093846514,0.8528767400826964,0.9226784529463838,0.6636929016561514
louisiana,4,775,0.536399706547769,0.09312508158676253,0.26573266001565027,0.9476540114739374,0.32556387017978206,0.8558806281585991,0.1591350334660292,0.7512942216195838,0.45541657487995896,0.3143139723449134,0.20120621685570883,0.3742258823050124
louisiana,4,776,0.8452178109466663,0.5482902666820256,0.14154095075469486,0.5215322344692691,0.8471027962204132,0.9078353463278618,0.835560886081,0.30978262643209425,0.5998554208043068,0.33749719170735487,0.16934552156457555,0.38069424627003434
louisiana,4,777,0.07462238162353499,0.9249814271913769,0.4674148170184643,0.6372444775622942,0.8428955092738954,0.4228818828733526,0.7660458313411445,0.2092796003106083,0.09525703439199,0.6881756798663026,0.17907862994267557,0.9196698276459058
louisiana,4,778,0.5092715892880518,0.6000352188114495,0.9532222255375828,0.28837598448839136,0.8898103801253882,0.44656856990575416,0.915419523415581,0.9818322572347656,0.10023693408638604,0.8220763198337082,0.8909814088356932,0.6351207106678755
louisiana,4,779,0.26265568290179975,0.9426926168331552,0.7448028993885106,0.6801781477921289,0.711235441232449,0.15841796357277088,0.5264673085086506,0.29432073548712107,0.9750669332104305,0.8646025321435354,0.11398054218818195,0.6910153587811415
louisiana,4,780,0.15775389428368836,0.5614497780370655,0.8586488215430647,0.322557890876686,0.08951502253556105,0.3508198988451703,0.8674508177321656,0.8909735848066005,0.4297602477376923,0.980338405223384,0.10832013150025327,0.7970339668507623
louisiana,4,781,0.20030846797585056,0.9773349371220312,0.38274570451094464,0.3523759250312264,0.7224859818713537,0.8165581224676203,0.2631785731990233,0.22104071141128062,0.9822851455726144,0.616946147962116,0.7234264837624133,0.5464592014998975
louisiana,4,782,0.809552853463937,0.8482658621946115,0.8625413474527567,0.6432029849702093,0.4867852439741082,0.18115048907118755,0.8211431768859573,0.44372512766257544,0.7850904470278879,0.3018025153418497,0.9834017996628532,0.526145482410579
louisiana,4,783,0.925341571948625,0.5728072765889382,0.32862085995436385,0.9064237713034832,0.2664707658548482,0.4692847755126642,0.34959202899289316,0.8324193526245822,0.2580363291340595,0.1124735482730605,0.15696269361477802,0.47227740386335904
louisiana,4,784,0.25573571848913174,0.9237138187578656,0.10137430466070692,0.19365169133964788,0.17168640013034875,0.03070983381081679,0.8304852534289304,0.5924285611244099,0.24140600489372138,0.15204909490029547,0.8484462843940663,0.5727664269919831
louisiana,4,785,0.5999836930397351,0.2027812129720176,0.4325779251746172,0.08415792488233188,0.29800233605382204,0.0005374840854263666,0.27944680669556987,0.7815290212623004,0.21452013563507571,0.5079902976946717,0.9396778765874917,0.8265734000824125
louisiana,4,786,0.33866816469419075,0.1202347271413366,0.35280480960482097,0.9646970605287609,0.742730769933414,0.8239852786052413,0.6062247716530446,0.505921739943641,0.6448328325785093,0.2694219622807807,0.4103103676786138,0.2370531136447898
louisiana,4,787,0.10380472086774654,0.06451382552928712,0.8727470329175494,0.8537522801376828,0.0005807950368824883,0.754880304897439,0.4099453163098108,0.4711246673739898,0.34361855915703077,0.6370833941965555,0.39141083691603606,0.7096415770900032
louisiana,4,788,0.56697729968848,0.8498379848860701,0.8499722012189243,0.16223353369286952,0.60718867989368,0.3993834953587811,0.4497038262807872,0.5971754039732202,0.3196746704509026,0.8875259851922761,0.3619720266066984,0.5444923935307363
louisiana,4,789,0.7204402240724592,0.9576733686652279,0.26338348654666777,0.11396677816298527,0.4391615689377424,0.020657399945266167,0.7028917772468418,0.08059785376999996,0.0653367967039783,0.5977090478829838,0.7498582672516269,0.6074878410066054
louisiana,4,790,0.6700061554469656,0.6468546965370934,0.08200930409159558,0.3385166058451427,0.878759303675865,0.6373730930416205,0.1505451241122977,0.25841078441990956,0.108415461667604,0.9674713504212868,0.23709675938418032,0.15232474790697306
louisiana,4,791,0.4489601201770529,0.7340208019947831,0.9663944938710239,0.148716067918092,0.5882657208772658,0.8538409497545452,0.29625170871764656,0.9939944056870752,0.3834997795781985,0.8698275863855548,0.31696266938790624,0.669822586526109
louisiana,4,792,0.49440467333501376,0.7021592429345471,0.6813617987434196,0.8089127604335339,0.37905515031926246,0.539787923723684,0.24243744514288387,0.5498603665630092,0.7256577308593163,0.6401877560677481,0.8567337511899209,0.598277663891422
louisiana,4,793,0.3371734638365492,0.28447291053673757,0.3342113222719148,0.9223163338609154,0.48278818600251894,0.8001332771197893,0.6544706370959338,0.49391179525763024,0.7631320170140753,0.5258078710346696,0.9624919897539472,0.32533052587211364
louisiana,4,794,0.014508805739155556,0.20814881631016205,0.6417633499085301,0.6149389545933236,0.2776017709032177,0.43414178466206915,0.7156687191800652,0.09073102500689262,0.09249745575398474,0.5837900212010984,0.7456447765150525,0.2941177546748073
louisiana,4,795,0.8044373767773946,0.3100829600702376,0.02302644678770369,0.19207983685432287,0.884382025239144,0.9563347164840373,0.6106502349935526,0.42278404023079014,0.12317715227848447,0.0034589789727201715,0.6351632435911327,0.6328956601297062
louisiana,4,796,0.23845897468240773,0.8125694323796723,0.6589732623681384,0.5475843623243668,0.32905457238672997,0.027836653906041297,0.11251619281126249,0.12960327630505303,0.5154631499255495,0.6383895747060777,0.32130701619241414,0.1573125278788073
louisiana,4,797,0.25034524910848294,0.407310695637836,0.9422557691726197,0.7448099310721026,0.7189627561326828,0.9128757320797991,0.2097858655230823,0.2890854684992287,0.6146097553484849,0.3905667704127254,0.34528579767223155,0.055877226597324865
louisiana,4,798,0.0773725563841054,0.5979819633917057,0.289037267042119,0.16555951752536807,0.3753304601820048,0.22253791773340606,0.5606251580369768,0.26977054049046945,0.5823031081818472,0.044300299782939714,0.445432764963912,0.6122426747296988
louisiana,4,799,0.644951407318993,0.39079600983482293,0.05465159107324806,0.7453863293445228,0.71021172886493,0.1756191679133986,0.2418609986923786,0.6287036544678012,0.901196589757618,0.304788713154638,0.4624978472270738,0.7048236830354031
louisiana,4,800,0.949265499787127,0.23585882023390112,0.09882074291233624,0.14615750860915755,0.9993058431569757,0.13244742161010184,0.2375217796016195,0.9433246497519784,0.2751034532762486,0.8635017275289193,0.6914085267501795,0.9827148661770783
louisiana,4,801,0.6710076059612011,0.23169369609172608,0.516005343147311,0.7500891714753899,0.6403024581261936,0.8903750654024806,0.8417115022178036,0.22410339774189836,0.6115226997327698,0.4573658924241927,0.9985754316057884,0.8356920666144833
louisiana,4,802,0.6480754269758855,0.2898242581661023,0.7403553213956756,0.8252090245738729,0.7690560490761915,0.12014353379822634,0.2398946015300226,0.7742020053943649,0.3570678090899849,0.20417477925344205,0.6678039033588951,0.4997606150438259
louisiana,4,803,0.07553444935436336,0.27594433424696246,0.8367095131113613,0.3587123123406248,0.6896026394864282,0.6606234459882052,0.2768237879589584,0.1082506597566174,0.189355342469609,0.09735275689776221,0.5725413794423905,0.47993453190423385
louisiana,4,804,0.300683899991333,0.31943986587657913,0.9820943271716379,0.8556278272400564,0.008256495643690256,0.17436484776040498,0.22501297819237392,0.8477793641031088,0.34124723331048734,0.24370170931653057,0.5376197835519438,0.4781975509897674
louisiana,4,805,0.31321743009257796,0.3176807400338482,0.2097653757136719,0.05784335613184071,0.6940321910011458,0.1614018647850658,0.9539324422269404,0.5762114473416526,0.46100565202334837,0.0705171372962235,0.7729810912247097,0.6775023753683879
louisiana,4,806,0.3475201363761563,0.5876371034580541,0.11709119950107219,0.38082373741629083,0.3400498219043993,0.5700732920695576,0.4474602150796157,0.5503718052994786,0.7236688493923421,0.8333045904291463,0.13795478919949386,0.46562102241190206
louisiana,4,807,0.6297515158001804,0.18831859649163377,0.3014013874895439,0.44129938327274987,0.2632616057922367,0.05775595058509887,0.8006510933974025,0.3264105454913085,0.01829975062105823,0.9609419656594173,0.8086123797362346,0.3714693247601451
louisiana,4,808,0.5223575080109832,0.2420982140899424,0.07508367740584486,0.15243930286408292,0.6206629458883317,0.3622065488021921,0.5486151456911749,0.3409619499147596,0.7282592230385148,0.8397957007284194,0.8759363857486324,0.9921177971087503
louisiana,4,809,0.1711023570937824,0.4436350281281558,0.4627752320534888,0.031442435540341825,0.38498080022145365,0.6736945421680837,0.42555668607596664,0.7435147970593003,0.5593661923969736,0.9031570303570403,0.45740758086893163,0.18181120013997992
louisiana,4,810,0.08050578597767692,0.6375508330811197,0.5874162515188789,0.15516331939308034,0.7715928813549816,0.9918238493180613,0.9117210650846557,0.5359240210812117,0.024117394520340216,0.2305699105171583,0.31980073085209687,0.7944677115202122
louisiana,4,811,0.348708033801246,0.01952889167134227,0.7046672043248549,0.7261687657609961,0.8499391957963258,0.7999393423896279,0.7614519154564682,0.6901381964728623,0.6954269727882205,0.7702135725051201,0.7340112851991761,0.7482163172655268
louisiana,4,812,0.3077513258618654,0.16729213006161947,0.7571289657964309,0.7118649354618696,0.5478280698930741,0.775275995117157,0.2142466972163602,0.8240890132522969,0.9329937767386558,0.09189395715729338,0.48114758340907926,0.846968615463667
louisiana,4,813,0.9947167162630386,0.6662372987650621,0.18079087317056322,0.8017186751653053,0.2383114570769818,0.3110811403860749,0.5684311429735565,0.8364730012742385,0.03820767870846052,0.12922786813410508,0.3995140017660269,0.732642488671602
louisiana,4,814,0.4697753118964865,0.8997724412007886,0.5807374806769077,0.2537052287120103,0.7124111836784648,0.44853450749291995,0.8535940454004947,0.24092247739209896,0.5492550543803161,0.9279086758772608,0.8960580760010488,0.3630858544996323
louisiana,4,815,0.42587793423660353,0.2733046974237688,0.7330181833842586,0.2696897510628872,0.6524768257721961,0.24882928017427994,0.2332801674883578,0.3861379488706847,0.40366331126542593,0.1064697128901771,0.8188367152563594,0.9496178926395897
louisiana,4,816,0.32629593342092755,0.4834114023600833,0.012749550773846964,0.014803543264012908,0.017735665130587077,0.5474571625084512,0.7870277525983197,0.3139686293710872,0.4379501234843636,0.05416527602743245,0.3099985025842173,0.7281571955505365
louisiana,4,817,0.7070923457079732,0.9930131971534529,0.4159069870944661,0.9998915673720586,0.551059130573761,0.15991910057440392,0.632727984361308,0.7454480410547598,0.09477877518987673,0.4620134516086609,0.4044087472029042,0.502775343990784
louisiana,4,818,0.016009308951116085,0.9474155334858714,0.4583689859560891,0.8683076283619825,0.8629079561473917,0.35399245777360694,0.4114003610573864,0.769008014776966,0.8942400342014473,0.6710558434020659,0.8025776745929386,0.9791801783520716
louisiana,4,819,0.6116051923577391,0.017743614352385157,0.17443490259901226,0.7281517757862319,0.7795292739995162,0.028412595708412702,0.24475000026758273,0.1375499398483646,0.5241265143957899,0.010796975822407885,0.3376130000387263,0.8982661995530776
louisiana,4,820,0.9036366956323906,0.562164707090133,0.5306710448020111,0.8434221745719254,0.29477315239445945,0.04143855254972434,0.6285267749386853,0.265297284993195,0.06867414581580508,0.6319256437146368,0.8091207414142729,0.3787425356982351
louisiana,4,821,0.6864759839274789,0.22145976781356586,0.1942749600794889,0.6088583996965304,0.03763728809409319,0.8790664981631455,0.021382060362757516,0.4673257555669081,0.2994190788814146,0.34437563804525767,0.801718068979279,0.8571833623235229
louisiana,4,822,0.46153890412828513,0.11722501335511905,0.5193248092312286,0.5394681500169626,0.7843057915244331,0.6299080973867549,0.7597744773354586,0.7463806802095206,0.6497420731603389,0.481661830229466,0.8828971818944962,0.8613050800071221
louisiana,4,823,0.22026140629350865,0.01608851457497846,0.30330824559220315,0.5985234599322454,0.39953293057730327,0.361707587343433,0.8810595143103395,0.5089769292287393,0.9617021173683197,0.1607036290704874,0.7828250913964648,0.8700943050353154
louisiana,4,824,0.45427924054843927,0.5655045660725786,0.22174415303260153,0.9027716865198782,0.9432287653035346,0.28505301624459206,0.21546053695159914,0.35056565614503804,0.7893201022863174,0.8191529325860443,0.5558038607347678,0.1711710334281296
louisiana,4,825,0.41813483963872056,0.5115390612892045,0.5747957049486596,0.2737361137146455,0.875000926123483,0.7437832235404681,0.34712374995214756,0.019023784625814655,0.724605701383265,0.9983367442737966,0.7071362015505007,0.5490068904065555
louisiana,4,826,0.6234029651339369,0.2515545506065336,0.7727308132083055,0.26318403551316116,0.09400157129914646,0.2576160243591983,0.9998915289551286,0.7846348876319329,0.05985523772298339,0.009101201875647108,0.5739082430954441,0.35531175220435746
louisiana,4,827,0.8807165159110958,0.4132241689260782,0.886057629063655,0.5263046770106888,0.6435112036212454,0.2526008278616615,0.427807635112947,0.056182954213071956,0.7660918311965998,0.14223620607087922,0.6049604882069529,0.01816003739219414
louisiana,4,828,0.7066721351495423,0.8272342713003463,0.4437237345217999,0.5671102771679866,0.4060833382944549,0.6414267851047172,0.8148570525960986,0.1978768358424068,0.14647335115317725,0.08816851951193085,0.8423900834197735,0.25670845191053304
louisiana,4,829,0.5395535823018132,0.5090745849524887,0.3810243944057515,0.7473458003735515,0.01242750885064145,0.5913332607768644,0.9060066391258822,0.4215875768216891,0.5608075371233285,0.2555413885648911,0.2313636161452632,0.3226683240862926
louisiana,4,830,0.7931102817156933,0.6119120623059805,0.2515227258465616,0.8711699592451696,0.37202916720461604,0.5559579640229265,0.1064573277863697,0.18833017071911848,0.17433706841126131,0.4657997704755781,0.2886158928968401,0.10465189470814987
louisiana,4,831,0.4785177506808258,0.8642467333007751,0.6847855473136317,0.04921574348253593,0.9508056071070039,0.4414793992581742,0.46988532114061693,0.3050169297142755,0.9487789515568342,0.7338204577415539,0.47672800977714014,0.9255392326999372
louisiana,4,832,0.7752295590135874,0.44648673195024136,0.245761476270458,0.43360839836644305,0.09276229015390326,0.7266488642361945,0.7886795540429467,0.7632802275637605,0.32963556925606124,0.51080595928318,0.2602817051124459,0.11424300605022482
louisiana,4,833,0.04459862842686861,0.011166777031552147,0.45747449234599635,0.7861993066162418,0.4032883216566002,0.5085808051039485,0.06181755693426221,0.11221950392247233,0.36178982059820447,0.14057849707696438,0.6769461354975512,0.9974948882646651
louisiana,4,834,0.07919202676701509,0.6684150350965501,0.09637122918110629,0.25199373643614853,0.19998345815810803,0.421825008664434,0.767410940468785,0.3238702662405336,0.11997580512789935,0.7097384046409412,0.9694443374989521,0.4936801193162794
louisiana,4,835,0.36242490530672355,0.7128265761995909,0.7086184827592636,0.8093936621308713,0.47335332775716177,0.607118182919845,0.04024182630711641,0.8467025724814977,0.86754840168401,0.042019286074226225,0.795488903109335,0.8125438709020012
louisiana,4,836,0.8378561793977882,0.3757344636692501,0.03635908111809734,0.4117448127699619,0.8556212353096856,0.560641638487014,0.30150617986312916,0.40770286400970457,0.4436414686420047,0.049240888064052336,0.8996003346586972,0.584735988888255
louisiana,4,837,0.7647247413659233,0.38106769109828265,0.03328220555396809,0.24360183520607048,0.828674204992894,0.012913140622324274,0.3795413623442686,0.11983026740481333,0.9249180994683589,0.6116181781521439,0.8344707007492369,0.656467056703409
louisiana,4,838,0.5810085049006295,0.9164877526129662,0.09539186602099348,0.10655254513418864,0.541205295728119,0.8306819042519543,0.11711309734441115,0.6727379328605514,0.5285623871368437,0.29607765660655233,0.2508274801774996,0.8160755565965241
louisiana,4,839,0.14608776801814172,0.8901263822476339,0.9952542734063939,0.01789342135397295,0.2656702830370102,0.937885009520407,0.38506135426369825,0.9907381557070806,0.12207870498217646,0.2597081219641577,0.5661611311121586,0.42084624339929744
louisiana,4,840,0.578426582133973,0.8744446840888505,0.3789474501398305,0.2797534990685282,0.033769515387029055,0.38182920481028904,0.2933795250133512,0.09334658553469159,0.43260506044700164,0.6794776235991468,0.4610645307798874,0.3763795631849657
louisiana,4,841,0.5370896630478288,0.4156441161003719,0.5603492304112663,0.7831077473334398,0.17412930259959136,0.5223452460955627,0.2612682314178812,0.24710800337334127,0.04750737110287253,0.4184551224598338,0.21318938465519727,0.04381165176804674
louisiana,4,842,0.14888021937276824,0.9562004679526269,0.056285886190590884,0.39763414079356496,0.7336567163426087,0.21577900304074127,0.5648661096652586,0.8588342661700344,0.9472231352862084,0.09938247017806395,0.3973575427792421,0.787438941999325
louisiana,4,843,0.4372511972694893,0.8466851195489281,0.6342254823453466,0.8634066953269303,0.2451270348265631,0.3714173498325058,0.17689155022020028,0.29008026182087626,0.3623398933472183,0.6088922774438619,0.3929496649423266,0.32334398835470013
louisiana,4,844,0.7274204340833547,0.5585776106213838,0.18764567839161697,0.4679230656055077,0.9640126544835261,0.5121754292623317,0.19964085810332427,0.914349011300688,0.11157844587250061,0.9871393931121988,0.6502958429869476,0.8802221610226517
louisiana,4,845,0.8225295393343076,0.5811588840501375,0.680320150179175,0.6568101064874006,0.016888307419752502,0.6883541987151698,0.9775711330897803,0.07281893130743075,0.5380969366423622,0.2185974228644413,0.5143518973596328,0.1263593218708462
louisiana,4,846,0.6835375708966362,0.21802710455609853,0.06609412525300103,0.35968254938926325,0.33297057957440157,0.37063450779030566,0.3487737505469951,0.9218317664684273,0.5764284590715931,0.7431862761228017,0.8530562063946835,0.3539236933895064
louisiana,4,847,0.7009965542463753,0.3169752723412223,0.43090875067086115,0.6667252653973439,0.5435531278209942,0.8494244172102741,0.730584601419157,0.9014808671720544,0.5654024785772674,0.4580582642039377,0.5516302788277282,0.4741884870285531
louisiana,4,848,0.987134656920654,0.5640495853428898,0.9572196106397635,0.6113188383905016,0.31555676427712864,0.8938085938747902,0.7989637121485293,0.030406012172177484,0.2298764779110742,0.5814892124721567,0.995408285836904,0.8134762279280727
louisiana,4,849,0.25983789873349905,0.2949385633760804,0.030610429241420812,0.38121618601983936,0.49508915435107187,0.4580604324687593,0.10209422635806452,0.7446391801231974,0.570823555842406,0.8259569779055487,0.9632731349897059,0.4735107278138212
louisiana,4,850,0.6894497045884848,0.984409679640416,0.17553882632519482,0.5730509189267987,0.16588047470311448,0.13632307459080054,0.06442669266857108,0.9161332430785812,0.4658730354334284,0.8817578537397531,0.12528516263787806,0.03362793985299753
louisiana,4,851,0.11340220695796054,0.4176043816798171,0.573528625713945,0.8318427993755981,0.14653032090878892,0.07094269387130786,0.8264743598379815,0.9035537944071952,0.10653814792491663,0.35907970999386807,0.4267777079458211,0.5670315239653797
louisiana,4,852,0.6060177250854585,0.8147677955542458,0.31473099444274083,0.13241291349037157,0.3671762737115821,0.13701839255317924,0.6356628634860109,0.15307188406368513,0.1784138853092499,0.6191971074509258,0.5747984816004095,0.2307392032207083
louisiana,4,853,0.8312828794984082,0.03475015662273703,0.9405637561512953,0.2230460233746441,0.6823286140139133,0.1620183815730468,0.544285742022329,0.3601750049304394,0.060973836332203955,0.3419923364567652,0.5002144521587137,0.5458275294071914
louisiana,4,854,0.7579399900768142,0.5693893341663612,0.5926269076788699,0.034305081823258365,0.9036972002608613,0.42397244242777965,0.5326895356346953,0.17806817700268365,0.6171701963136914,0.020223148754872116,0.47494367786069,0.00910554141505112
louisiana,4,855,0.7483048922593273,0.2979923279361663,0.5281563724661729,0.458332217630535,0.1449319323658259,0.9616786935542508,0.09035415293822721,0.6253250574134283,0.26849911377379676,0.6563670542338963,0.4941331330912588,0.41698415520854987
louisiana,4,856,0.11706037032210313,0.7879138251505425,0.7186324370530531,0.11194320696505582,0.6479187700883917,0.11011211200787845,0.7506841550251546,0.9189620095783784,0.029945056971623057,0.21286745198135268,0.3079137558610087,0.8953612822491753
louisiana,4,857,0.3233933482335641,0.8155401601755843,0.9523239265989738,0.16133644731631447,0.7619453899877766,0.8189542387777148,0.7344187294704234,0.8004559452750314,0.8102043330297066,0.1887731604722019,0.8945535740779386,0.5380273237656528
louisiana,4,858,0.6016391106312109,0.7735838852951916,0.8487732229699826,0.4915166880125868,0.2963928339232694,0.0070532373973049975,0.9008802338133162,0.8938497824209944,0.5571129796325315,0.5304192862749855,0.2958107911420113,0.753204187708695
louisiana,4,859,0.547993724280631,0.8534902043215346,0.45005646221305184,0.8247569090577442,0.9908613189430768,0.9987778280312316,0.39694787513571816,0.6518281978988547,0.3460073722869097,0.807545008633716,0.6521567570843811,0.1584756241109351
louisiana,4,860,0.30870971960326626,0.13425973538768815,0.4053715099621163,0.9889648196721897,0.81245662227655,0.1556047538876535,0.8717450205530374,0.3825862219521715,0.2950344433242577,0.0407942956909125,0.40815167655845974,0.5067625511165936
louisiana,4,861,0.3721487879099333,0.48995396914725964,0.8192330389466242,0.9696010179205676,0.44279731425157753,0.9830540688866383,0.070059436075536,0.4814506386682232,0.04450264829310137,0.6030352688989703,0.37542441447193087,0.32022351051893566
louisiana,4,862,0.36144747820315454,0.22839144254745697,0.3412749536546301,0.9070836662220066,0.10268541025733387,0.6489234589802516,0.7384783029323441,0.15114603588437586,0.1653886385268784,0.6635682902725158,0.32911316233807647,0.40902467802789655
louisiana,4,863,0.26354364840438155,0.6640935457604685,0.4933986323067237,0.2144459529904193,0.15824449080078354,0.5777098469546582,0.2709960794442695,0.3901013728489036,0.004096948632841726,0.9896532009787233,0.01936272766488575,0.5532539908722014
louisiana,4,864,0.37309098724355394,0.17528434710883098,0.3191941537686166,0.6786381338952042,0.9411782114412652,0.0960684419464079,0.5764799354233542,0.8382957539119347,0.40167273153377897,0.8108648117731437,0.21112246356961595,0.9051415082463674
louisiana,4,865,0.7116393524484105,0.7036840567717448,0.6954509156660688,0.41286259624200977,0.5392073668324825,0.221177728409163,0.6486597475849865,0.14987590101869747,0.15659132545169582,0.2241794654429032,0.5693693723522463,0.22022058580500853
louisiana,4,866,0.989670427625017,0.34840008824345614,0.7478063634710361,0.21118785465318515,0.9782017767742092,0.608396013384311,0.4924563473810923,0.15030092329798597,0.11061691701194955,0.43256209298867143,0.19234965651971891,0.44565018810956797
louisiana,4,867,0.26614178569469543,0.7672343165405041,0.47904089800158406,0.4373034860223995,0.28249227248122244,0.6453233351817189,0.4240001275723456,0.643477429100383,0.80371048441744,0.7611213083186743,0.27413898200580694,0.3982147372531303
louisiana,4,868,0.08636021555008706,0.7354326157547222,0.22790029940019915,0.5129852164971042,0.100703880845923,0.4963796247604542,0.00219841067414697,0.8078980353468843,0.07203213972695288,0.8804968863261133,0.25413443814920095,0.7855442709666243
louisiana,4,869,0.630791280679246,0.30274555672273906,0.16803017678405813,0.4311331812206509,0.6815115351242966,0.8380446806040175,0.4902116415479039,0.509862508950523,0.9724626026165283,0.4841109376650029,0.005207705122197848,0.6343535644405724
louisiana,4,870,0.8584930855331933,0.15735198131766415,0.3906335412457939,0.15108347088848298,0.011049488632339349,0.3609778863002348,0.9342772915459728,0.5212659111656032,0.1417841079662339,0.3454713793958046,0.3936099119667745,0.6587259916650137
louisiana,4,871,0.8087262164874544,0.855011372762726,0.5334517439717258,0.9052922113058658,0.4248365167495881,0.04983979928863523,0.05090370259391408,0.442371366793212,0.8248490891763279,0.0890589196256018,0.7119141875199566,0.21696126102075514
louisiana,4,872,0.9982261389796041,0.6392510359973071,0.3396188954420073,0.1302501179979452,0.512681821078488,0.14232313142674755,0.3305146112752954,0.10444061328083303,0.764611165126942,0.3682087990239049,0.21843537565844223,0.6258168503491198
louisiana,4,873,0.38040829081296573,0.5923802779668956,0.7355608991930781,0.07081880042914791,0.19044041545976967,0.16555998828781565,0.17844790909263977,0.5597264635274605,0.4248304219905238,0.5738961915875548,0.04310625374288102,0.19602313762310883
louisiana,4,874,0.3946619526666013,0.6713945851588254,0.013137571405243336,0.3837096829204504,0.3610218858188588,0.7963482729240409,0.04119815564548909,0.021921388178760604,0.5711995897019524,0.8824809069804899,0.2564094546515466,0.2591264888449499
louisiana,4,875,0.5701390144952424,0.3377070515645287,0.5611028335059575,0.23244546569412916,0.34294869874541467,0.2618739407256774,0.028544625262494454,0.8671116602997038,0.48752192876581235,0.15156391127957644,0.060161828083490604,0.3960316227374394
louisiana,4,876,0.40774323172423343,0.318878758746198,0.4727080787085495,0.5786665044668263,0.4200908593152321,0.8922831097065489,0.5915459063072079,0.6373825092133416,0.003173311310891342,0.5501045938770174,0.8494251112387735,0.012718032189931151
louisiana,4,877,0.7041079832771223,0.8108671390490421,0.36230121124206094,0.9952747040547547,0.8102972226714266,0.23777057243708494,0.675109324665121,0.7554064253835803,0.26407952639901416,0.4779884712056776,0.6610259262121362,0.2860673077179307
louisiana,4,878,0.31882079623529386,0.4050274369417715,0.35867831668850286,0.3747180320633096,0.07277114084462367,0.2730691830623807,0.9904973017278997,0.07839673861588996,0.9606094663022954,0.7681358843606848,0.7088350517290931,0.9327292121531298
louisiana,4,879,0.09081896111148781,0.5173164336746402,0.1547436725036081,0.4777667116163925,0.28821034193910144,0.14063096968645683,0.04524245752095312,0.7429832470737259,0.13505152005642193,0.7005528870881681,0.7407985031244528,0.7724005426427292
louisiana,4,880,0.9474545888892288,0.08480194880332663,0.16749530254862716,0.7772280755395797,0.9313961921667092,0.4994725169765459,0.5251366521249321,0.49222408999792333,0.1487249433952602,0.9082301060423686,0.5600415878580124,0.603006114518627
louisiana,4,881,0.11664007713228389,0.7409367580064238,0.7894726813726272,0.8779023589095117,0.7803720206805848,0.8584251324734377,0.0016912828166867734,0.025726477054866748,0.08375625592001673,0.12808824029185717,0.3127279611223478,0.8909544282146882
louisiana,4,882,0.12237785466614988,0.9111311005196318,0.5533581849394589,0.5853610385547849,0.0077854083993408344,0.4336893070900909,0.22925267800987378,0.43290726462201873,0.13700043245459603,0.796746206641742,0.11556533135524431,0.44471167900186775
louisiana,4,883,0.0549559437829992,0.7327446388570311,0.2867168013588102,0.7313303393458995,0.30941887876657287,0.6831673015459789,0.12261344274796172,0.17390233720296303,0.7042240191407899,0.46969320968302436,0.07306688400258726,0.8294391401023086
louisiana,4,884,0.4660076466814823,0.07016117229204016,0.5861287293443309,0.20946462911583952,0.8883446154620367,0.44351888010466806,0.9453766191572083,0.9173339148044781,0.2634832283729471,0.9886747278419836,0.7733968263242286,0.7163392465954658
louisiana,4,885,0.17405179618905176,0.8967394295054361,0.794898378189768,0.07306211264070409,0.6780244997482507,0.924006672845158,0.9224808829361484,0.985876192975897,0.45929304663268916,0.6496601170523303,0.8989195097484103,0.5525417093145728
louisiana,4,886,0.0002575377739867224,0.7637140275499331,0.8612155607286041,0.9168629166606606,0.49467915311221583,0.44970785579970424,0.8954471512306499,0.034842329491996296,0.9668981174295458,0.7189979343229168,0.5799408306706564,0.35072884731722737
louisiana,4,887,0.624978687180483,0.9765817217239479,0.6124936334063379,0.1757296617711205,0.22960446972518544,0.8415473444378128,0.03355971070708974,0.5024647636068919,0.6335083045827714,0.4261975536974613,0.7149512143445237,0.8390388675486208
louisiana,4,888,0.7602600246902856,0.49852025928869903,0.45511782835661324,0.01696987945820178,0.055282500159244886,0.045043774371716146,0.5111466877261944,0.10724010654471035,0.4195804519646145,0.9177716272412606,0.5173355563821688,0.4398154492728335
louisiana,4,889,0.052972486898423696,0.752493763748527,0.5119814828946924,0.3060521419458687,0.16105711396704855,0.41747997369527007,0.45648834409592076,0.5208905926623735,0.5276389687150747,0.29353397651713337,0.24122255578048607,0.43142371038543326
louisiana,4,890,0.772372448786201,0.27015505857319627,0.5515530883034059,0.42904779956992156,0.025568336793606577,0.5451549338355968,0.2903360324935927,0.8314077397689671,0.9375717783942211,0.3036503689974329,0.4502824180802555,0.7071931135260849
louisiana,4,891,0.6438796527476897,0.25641804423904596,0.3224963339721903,0.12747705205009757,0.35762975093359045,0.6184055296054307,0.7391676476849289,0.12812130914106776,0.15356337550754118,0.05535440904969482,0.6547803318113005,0.7618829448844032
louisiana,4,892,0.7995555987898231,0.31390637918537717,0.15527064358916537,0.9895870685627437,0.8029305598318037,0.22999938533218867,0.8994653691313526,0.8107956475262904,0.030912950256109486,0.45043244402473426,0.5889212649484967,0.040994630670126736
louisiana,4,893,0.5770259273842385,0.9458496901710434,0.9832522682959712,0.9289598551211857,0.5537863457486045,0.05509945534242386,0.06867518243654641,0.7957035173092353,0.37469736483368304,0.9926883636431849,0.9934917771081866,0.3898301776087332
louisiana,4,894,0.787731356252184,0.7898961383168012,0.126394655800859,0.4460645596097313,0.6553983355935903,0.23973267818957952,0.30425032960735693,0.5534656210703705,0.9148195688377416,0.8625365946780214,0.3799486276196805,0.6476592748868534
louisiana,4,895,0.38935553010367274,0.2111881107833101,0.609721910484606,0.40773904107650777,0.8597287984992183,0.9065136458947198,0.3129360215809933,0.7496703208742057,0.9541051091385621,0.5050879168714953,0.17474718564115685,0.8943439320209922
louisiana,4,896,0.21565896478497337,0.3938589636069404,0.5400093735452467,0.6730089705074408,0.9175660155693012,0.2894251202694273,0.6344364556415072,0.9986455528682435,0.6284333774788492,0.44902996405727325,0.5339378331312109,0.9381456503371765
louisiana,4,897,0.9071882656690756,0.34566830607858967,0.5987647194288662,0.38757853767984674,0.32604637986062196,0.21751610571176255,0.8573085555217076,0.3434169036404381,0.05377283426132768,0.9103566515345924,0.78544473971422,0.0799451273417597
louisiana,4,898,0.7446885683987918,0.6505521301267723,0.6405759131941573,0.5830643475575763,0.7287656334364683,0.05222409841805997,0.8248273310054705,0.9564756228464634,0.6264588616408439,0.4161312665831984,0.3048549311508902,0.889010501162839
louisiana,4,899,0.9397586174429012,0.6986722228785242,0.3926437553679378,0.7296743347665502,0.18053375025906138,0.8482007478406899,0.9745560566275739,0.9581492966139034,0.02895484178504332,0.9541240472105784,0.8137760106894459,0.9964241994458038
louisiana,4,900,0.19534084770389007,0.00011153725990868668,0.2949145489272979,0.9256582836088768,0.41064262344276764,0.6505829004669422,0.032504739904741724,0.5909069611537326,0.1933096136505708,0.36638942807165586,0.3907420352301427,0.7023738665673165
louisiana,4,901,0.4051745705672582,0.6164206351277585,0.04851411587708794,0.0159724864968959,0.8396463418470526,0.08894896104429177,0.22392319139503142,0.9360906460218555,0.4854656922948867,0.9425477965029182,0.5536725253095373,0.16862840038463037
louisiana,4,902,0.2681071088125255,0.8247642152161423,0.6282367148065733,0.8323805746669565,0.9726016286191325,0.46320891297977307,0.14723447982700794,0.2360839831338446,0.6351187746005205,0.3252200559025803,0.5200112629701481,0.06207748085362285
louisiana,4,903,0.19307345507110163,0.9751780869336315,0.4862571512208305,0.9187734310042723,0.5500248436246455,0.17343338732763577,0.06709891204970211,0.027207694540986347,0.751561665065325,0.7775253773426023,0.6487592494406563,0.6316432779910157
louisiana,4,904,0.5807918118517056,0.43165208969563945,0.8013765449050649,0.14193053056120036,0.7709182271851462,0.015095731158122735,0.7462979563548697,0.13601995758262111,0.6715487843363976,0.34231501664405345,0.03582652921498066,0.4298208762442595
louisiana,4,905,0.43257945062851366,0.11537687762606169,0.23826786063424996,0.5130822398514986,0.7740255621776206,0.2785181059980808,0.5287991609272548,0.2117584376981157,0.388232824187247,0.14743906109549515,0.9435896327889304,0.22669748472302736
louisiana,4,906,0.8961172233560742,0.14644019718459267,0.3840261493121651,0.5513516788414147,0.24829812089138897,0.39165504781226973,0.733505524053346,0.4125015120161409,0.6154597296022096,0.5088783363693719,0.4437718883781739,0.856763673424794
louisiana,4,907,0.007869675639189881,0.18755277858440467,0.9498297292287021,0.5958010488929821,0.5733423109412746,0.9718054762308453,0.29917853249290705,0.8305130305579839,0.1253037251514543,0.2981630816472507,0.003887508582387148,0.5774754871309541
louisiana,4,908,0.03342501795292722,0.7005944664599006,0.2823922000159822,0.19866997887808166,0.5726530150867952,0.20002304998484785,0.17021583919884417,0.06902773576806238,0.44624402645129163,0.6910420039177537,0.6227571514542977,0.17610967749693596
louisiana,4,909,0.8600435782659314,0.7424684629714822,0.14266564022729689,0.8510799987834297,0.9617930061597274,0.18295655484748033,0.05626086890945104,0.8299749696079419,0.519253162998438,0.4715365610392333,0.48651760205853606,0.9337527262616807
louisiana,4,910,0.034601812242127716,0.6027083947997234,0.8359430459543199,0.9663474581958647,0.8614514078412613,0.3027451279813195,0.24832528619358732,0.8036555061795916,0.5853494535507043,0.4212532122545001,0.9543912809049433,0.06921407415055175
louisiana,4,911,0.3672450810635793,0.23323875086242624,0.5158559080684854,0.7386393259082453,0.39640725279078426,0.37562522775329116,0.8072943498534861,0.7548803577223052,0.6637372678806417,0.8927908641201889,0.6137670689308468,0.5251242671933332
louisiana,4,912,0.41467734606459883,0.07143023273502316,0.9736379875664347,0.7105222748831562,0.8998458309748734,0.31520146266797466,0.6332709883337633,0.8989335127684488,0.5454988156153179,0.6149924109532904,0.38171046067255493,0.6227008291490427
louisiana,4,913,0.1321967084378888,0.15419183490333577,0.07876414834566892,0.6479929485978404,0.8673249274505704,0.6689109717216536,0.33367577199372317,0.6667304777183145,0.7778161500772234,0.7982356059304163,0.27209219321668765,0.02730537973310739
louisiana,4,914,0.2903334793179011,0.5435915652394783,0.878182119332631,0.9825785617352023,0.4265615831067165,0.431682118210894,0.3116829163935909,0.6129861156763434,0.8334297630978615,0.33890632398955306,0.8667695142347266,0.623059773585618
louisiana,4,915,0.9954140381700006,0.6616017775542762,0.8832073154586503,0.39355851058670116,0.7034702278881154,0.5999708143590725,0.9678236592881557,0.48873597872553964,0.039735638985098264,0.9750313126035818,0.4634757641444956,0.3861355376290967
louisiana,4,916,0.8745328322930287,0.10432854115597004,0.11430307543710132,0.4949185169206529,0.6112832875278027,0.34493558568259103,0.6606682991575563,0.522012746480975,0.20273762470479798,0.0988039506156963,0.9485845808546319,0.6704730588186506
louisiana,4,917,0.49997518296267485,0.1401855626043856,0.04584356281469712,0.5775999692820579,0.177950340234626,0.7174351758879687,0.9355616785959086,0.3650369786030571,0.23425959807726632,0.5439727671096339,0.7506306484813243,0.21922110223763147
louisiana,4,918,0.29887600630550365,0.20488359720274146,0.6529964379350743,0.34674544942761076,0.44527797302306227,0.4126992982001028,0.5409260932496956,0.6768692793846343,0.49093841485502887,0.35871093777530066,0.4351064039821968,0.2960994724565921
louisiana,4,919,0.7265574462997908,0.009841335618189527,0.1711761820274382,0.43407445504046954,0.06359046700273605,0.4450716981458146,0.7525101504383978,0.8609400508172671,0.054530707033696606,0.8449007062166033,0.22989708383552174,0.7232739321429703
louisiana,4,920,0.6799431152396944,0.05125223858275212,0.5707823825046284,0.38289981154729097,0.5076909443731474,0.6740327496668849,0.6954586039781011,0.5435874258714816,0.847202102868044,0.14873625045543393,0.09029444951187418,0.9402097435450413
louisiana,4,921,0.2958115462046435,0.5513873133345496,0.4441401205849411,0.250583944373111,0.06415690927535955,0.7081626587839751,0.6275696848018743,0.5823664489973963,0.7929482418934654,0.4941261054888322,0.07943232226187097,0.19719106068028946
louisiana,4,922,0.7526380081927996,0.2501934377005341,0.873992055678694,0.13920132738795774,0.09339159891518653,0.5234938593356869,0.5861062014568734,0.8872821862571898,0.9285596553291856,0.05943178135376623,0.9611169568465611,0.5576207671140844
louisiana,4,923,0.2720733133197841,0.687782847556699,0.29901697750643236,0.932063119413563,0.6546808560208575,0.4670456870509928,0.09200582615596886,0.4500864188869589,0.7316033101164561,0.1844753579485663,0.8413278764420133,0.25152799129294307
louisiana,4,924,0.6968904824428324,0.7068372830382972,0.8181464735739121,0.8331010963328457,0.07021075700737843,0.936970890769012,0.4919176807015238,0.3661245221601366,0.561986826529859,0.6728954895829825,0.26140986647301534,0.8330020873683761
louisiana,4,925,0.1759382719827461,0.19142309856818554,0.6473858111318291,0.09576764308144597,0.9841806853502701,0.7606436042931077,0.34374510848936507,0.12237826749630724,0.09114247566617965,0.9612263100721412,0.9804394024158952,0.7307665281138763
louisiana,4,926,0.7402013426122744,0.07515364926538073,0.21243656106337197,0.7712711565049506,0.7378679954213334,0.48228282175730647,0.7945860714276188,0.26466774244281005,0.9173363865542421,0.2957161182713188,0.3854538458058624,0.5851845577803206
louisiana,4,927,0.1310417902156943,0.4965371047375904,0.6198430010361008,0.05864921390440842,0.21314805427985736,0.9606891477818382,0.02436717160065088,0.37947443381270396,0.30886224094063774,0.7318923564417839,0.30188148709544765,0.2735711713925793
louisiana,4,928,0.11540153095363456,0.8583315975173218,0.2536612921184557,0.2828139560592809,0.2977265447140425,0.8088389394001259,0.04473638171779497,0.30146951007426404,0.647943666532165,0.057046538611411256,0.6264458663475693,0.5692337732270165
louisiana,4,929,0.35018152390175683,0.18683963316814317,0.3062109651853633,0.11654278612268464,0.618887764856696,0.7390752387006486,0.09172919689378502,0.7771784942903449,0.8630817948430023,0.3282683043179623,0.8272262801074927,0.7702293587986315
louisiana,4,930,0.5974892777666236,0.9962456321111848,0.7431387788666144,0.3949644139817593,0.6882749974195272,0.9954168643770142,0.007997204931228066,0.7059573501266517,0.02595801035834366,0.5824444854541376,0.35283956691133966,0.1788872378631339
louisiana,4,931,0.2769685247121614,0.4959227384076948,0.19076590245655536,0.8803851368956506,0.9441788058571784,0.17628896706241967,0.18078536833198572,0.2634668511848737,0.6130539631126899,0.1319499599602675,0.9584881599236231,0.6181867966967716
louisiana,4,932,0.3454894661778583,0.4576933558609399,0.5976304287321846,0.8646468567679085,0.2530402121771295,0.8724811066147609,0.181122507726386,0.33784976542760503,0.7431416970273516,0.33056426124840715,0.664701955735881,0.07100051383950379
louisiana,4,933,0.1809455734749781,0.5554364821051646,0.09457455089524897,0.7990793224536056,0.9624777403289833,0.9510697879542503,0.5152325769243586,0.47558148514615584,0.566425621276362,0.028457397817218417,0.5625058007153384,0.505423283129191
louisiana,4,934,0.23554917612168866,0.7399939502691725,0.6772185001205017,0.9532476589665028,0.6264224782217904,0.9639085032760744,0.6837559412498952,0.13921212386088025,0.14014027677121563,0.01723617665641375,0.4296465738655268,0.6646873887704144
louisiana,4,935,0.8572103213840918,0.38209987633491715,0.374714675957347,0.3042670554630252,0.6513527606785453,0.7614804358816122,0.9751168371706636,0.16839250787337962,0.16104659559066398,0.6365351981480029,0.5367442270672945,0.9904661190880263
louisiana,4,936,0.3057838711930353,0.8629862770339394,0.026612717063699668,0.9208761283906053,0.41508932422108125,0.9132864380671651,0.47104382408937984,0.7321913691507115,0.1306977308757921,0.48640715352902836,0.6393076454749683,0.5040748276215141
louisiana,4,937,0.9701661593097449,0.1609509483247711,0.3244469057459422,0.4030376382771322,0.026047282648834047,0.6827471437718753,0.16228291539462078,0.037859405105480054,0.9440004167922365,0.6672410708280083,0.9643039803475882,0.7267406313816674
louisiana,4,938,0.6050949235309421,0.949299951682089,0.5580480161027098,0.2024794118706726,0.5225095265613883,0.5352727419988366,0.20537013621319175,0.27243237435985107,0.5202629814603358,0.383773245257979,0.22663079316771123,0.05184973041823424
louisiana,4,939,0.04069431643744963,0.2010832673988311,0.6029445911003746,0.7166527524002738,0.38837614356875894,0.49129365045746665,0.7443971994013894,0.5042950291956785,0.8910932775613731,0.5564520330669442,0.380371236908616,0.25344113006490326
louisiana,4,940,0.6355269422739008,0.4149972172198187,0.9116003887810862,0.9153618857171947,0.6106392122997458,0.06404227457919245,0.5582656764267934,0.9661091597675038,0.6087451651772416,0.6157783140529224,0.7371223834549705,0.9377549123967992
louisiana,4,941,0.09183612490899265,0.430887529644724,0.2818676214404703,0.25847986602670053,0.3553429434667094,0.5593573299627301,0.340364524659631,0.9502490583407155,0.8129259111922406,0.27902580741040295,0.4828034021435928,0.33426178319610916
louisiana,4,942,0.7790680132349171,0.42969636226171887,0.7128433460411339,0.9311112125575329,0.9483127686963565,0.6114382176228232,0.6829938005567464,0.46689753970583675,0.8304358430988974,0.9132314179655581,0.24386321010821038,0.07785780650589658
louisiana,4,943,0.7121969621923254,0.8780915640324762,0.6148548160905221,0.7420703475531824,0.2556825109075706,0.3555056707753919,0.3670700380726638,0.19228637419479297,0.38281901386321765,0.4561261917332891,0.2142241454504561,0.20629611405775147
louisiana,4,944,0.9270923788510931,0.4688793803576687,0.27958613819446926,0.27431730939404764,0.9297983615068051,0.6657015538086996,0.7641910472799917,0.14706354939743255,0.40691566742955493,0.3933582213859669,0.6657294470047244,0.12198415624752204
louisiana,4,945,0.7465742104871864,0.7316221111997583,0.56930324457924,0.004975263460729435,0.5548952062404003,0.993526344664287,0.4814013105189942,0.7535901603075413,0.4178419619647099,0.7768715403907749,0.27703735081639136,0.394493978361635
louisiana,4,946,0.40205590158791227,0.22217011844489573,0.26878913037465696,0.6460543363050107,0.8153537395305099,0.013328777575926163,0.6844336275388242,0.31721666530214543,0.8541077631903424,0.9305945570006496,0.1454824375395841,0.8452859109189118
louisiana,4,947,0.2078350309145206,0.137033044975456,0.9176618445444272,0.6213016044821217,0.42102355543736103,0.69827084201463,0.3801865212692545,0.17192179505617045,0.162116669713062,0.379871761603414,0.51944566673974,0.011657571022793547
louisiana,4,948,0.5386561547356797,0.010724055769428944,0.13204705569737715,0.8100897364280484,0.5468322073726383,0.40695415928816503,0.4428984752741195,0.8221862772663049,0.7795643162205469,0.24473806525296044,0.4413613708228477,0.34115923320643377
louisiana,4,949,0.9065824445985625,0.06731500728094023,0.3656617930390901,0.8858491965985477,0.05199692141115657,0.41396108135855897,0.19889737639223662,0.1407140631277885,0.5023446501778384,0.39960175298892237,0.4924167321915502,0.9139415781056696
louisiana,4,950,0.7586354460809394,0.5539321482871934,0.6104391491885467,0.7702045401720545,0.6980600244283618,0.7473244004902381,0.7278786399782202,0.04237509182110712,0.683079499478681,0.6754860093294919,0.05249925451366942,0.06009446705746387
louisiana,4,951,0.6024713849182517,0.7940364293610971,0.2951567050943717,0.6512595199422233,0.37820574090893744,0.8508901730050709,0.5941247410700401,0.9862329954394219,0.835489947401405,0.9713864820828766,0.2625724657704476,0.8877271427652509
louisiana,4,952,0.27896686867084586,0.43871216932126844,0.6262446480942984,0.37709997794104366,0.7588941973072136,0.2428893160629862,0.1523721944401103,0.7922516917790158,0.9526386630557436,0.9516491831744219,0.26423077263750827,0.7652553270250345
louisiana,4,953,0.6889092481824883,0.7775434231391988,0.8273180853281562,0.7901629969211271,0.001711631301024249,0.9570442239147781,0.5989633178304723,0.46445193874670504,0.8066096362187652,0.8776196114089988,0.29321390718038254,0.5584721038262161
louisiana,4,954,0.5016227604734271,0.09965601161433348,0.7546865482267415,0.23761357243891865,0.9955750105782286,0.23656495337127467,0.39742849366943017,0.47822785156303105,0.2777137565396932,0.6437785036668106,0.35121721452510624,0.3366928644445072
louisiana,4,955,0.06793627835951394,0.7380479830104177,0.3997968113188965,0.672924757901075,0.5421191424112102,0.0292240563277302,0.19784439614837984,0.8261474523523377,0.5947144780283496,0.753027538363659,0.693745553099684,0.9463980556493639
louisiana,4,956,0.6909453586103784,0.946874916418692,0.7310466392250299,0.08060438196703615,0.3587530400906261,0.729299453828385,0.653434330480573,0.7854452247772251,0.8469761227839829,0.9464692159111898,0.13409838306573715,0.8146910815443636
louisiana,4,957,0.6940348844817179,0.8394575674170879,0.9341200161798561,0.26654890702432654,0.1432419565296446,0.3936335370423888,0.295716204830247,0.85490753362066,0.25744476604970973,0.1970906182082675,0.8545161771258019,0.29103978981616896
louisiana,4,958,0.507915445689359,0.9404579482656829,0.16370720235338088,0.7676957438955893,0.9861374160985505,0.18924902949469513,0.5097608674130599,0.658497650174057,0.9942412546981858,0.6924074511610451,0.9665506999955266,0.0475886384872294
louisiana,4,959,0.2930937633332144,0.5548826548715778,0.6223258698743905,0.550580965143706,0.13979366397445162,0.7952577868442853,0.874233160914985,0.6406482156855451,0.29656267986091156,0.17782766725429477,0.8308563268063799,0.2939526971004232
louisiana,4,960,0.6686455781153665,0.03566914876855715,0.10395661212807578,0.8819300140639672,0.8983477981643468,0.2974037658802135,0.8177186872394112,0.3772543990043347,0.4640145310676785,0.4483621621359322,0.11812419218352713,0.7087302895265042
louisiana,4,961,0.48297426577068076,0.642235724887004,0.4196783397856062,0.7731058046090609,0.9701892569067307,0.7068172133594424,0.5493702504326936,0.7411468555484658,0.10253586592786702,0.5609193821137639,0.9262386160315517,0.09295853829612293
louisiana,4,962,0.7534737183603325,0.4374384283176286,0.8561025257430961,0.9573431879589286,0.14293183726340902,0.37287509728789875,0.15508387002147422,0.9833107246168203,0.23335058479063114,0.8741547927198934,0.042236263014612536,0.7910150399049133
louisiana,4,963,0.9297613071180388,0.3771359570671207,0.25540482458272273,0.6190411585343228,0.19800548330602682,0.6617237213931438,0.48815146497730344,0.3246235997513883,0.05132633117023946,0.982225768807303,0.32776645268568416,0.20371559273127626
louisiana,4,964,0.0887526195730968,0.6135336098200376,0.003598492493329269,0.5558862013896863,0.04051695494735957,0.9599473108222218,0.8872718665683139,0.15439417732767455,0.7932842778508851,0.5550433296352543,0.26799704999523893,0.9045498994220447
louisiana,4,965,0.9411736793796561,0.5189677905897118,0.7053502436032649,0.8797545556230829,0.22443388687451638,0.847109714228808,0.5188355020826138,0.03392787299117507,0.1828189203406441,0.6780615459907174,0.8773443195825097,0.3657050240733424
louisiana,4,966,0.10463402260656975,0.7248390719050792,0.7686630281494558,0.5694181556871624,0.6682328870846281,0.5112670092902581,0.6093992788943726,0.7783516852600905,0.3679804863611241,0.36959127256383006,0.6862561629171722,0.6212217149417399
louisiana,4,967,0.8176890999803,0.6354343181975872,0.868031854524564,0.6391634490135418,0.06147591021695755,0.5803839670806413,0.12528330469598098,0.0009602921475231654,0.36832179480484906,0.28452360125894643,0.13065692512880278,0.8366450803900182
louisiana,4,968,0.7732163121984188,0.9709525965142815,0.8138301205885307,0.901691359733534,0.36219767248951296,0.6289382295684697,0.13383644649687934,0.6598882363575659,0.9883071567799453,0.6109032125449037,0.670250543507314,0.8192290216515731
louisiana,4,969,0.3176682598826182,0.23409749025265694,0.48904489353118236,0.15919788884210678,0.6213850013395736,0.11366421143061178,0.8039440574176908,0.24272340192547268,0.5470824200031311,0.20343526372394793,0.9152247205363608,0.45764463062297017
louisiana,4,970,0.8755543808226882,0.041582864489692645,0.8157410498177582,0.7063988627460218,0.6177448400810962,0.23815510134397416,0.2314994861408552,0.7068219084908809,0.3013279013844706,0.12349456873928687,0.3550957185564718,0.9998891519871196
louisiana,4,971,0.6206696710234835,0.05350091105076767,0.8140738069323896,0.9137840702412605,0.26440322670369154,0.5750104153336963,0.9594770925815735,0.7119488963409919,0.15144953973202455,0.965336729106096,0.5702696502911879,0.8927014183284001
louisiana,4,972,0.19489578335002275,0.9150711396207478,0.29026289728094706,0.8001224436581278,0.6448215004155586,0.14589423218552544,0.2920364949810751,0.30829812625234576,0.5014270939602263,0.6804744699502232,0.0017345632225908058,0.5659136764083667
louisiana,4,973,0.579311338001098,0.24742982616745782,0.1250609681711068,0.8025854061420461,0.41429370145702926,0.8640667374085743,0.16884708453650954,0.8182988989373781,0.2374066756025153,0.19570375466204226,0.0456163872231223,0.14961593564390732
louisiana,4,974,0.2978440927288246,0.3387500711857159,0.36615097288007314,0.5492728885930808,0.3970596746978097,0.17272421808395083,0.2504439252615187,0.3644648047856578,0.44260086704820345,0.2522667520703662,0.5943218771991858,0.11791473084973549
louisiana,4,975,0.15349921515054044,0.2389482220584476,0.3554115312573796,0.5531790976633467,0.11049200633637662,0.40373703410707895,0.13522864530549067,0.889175362134877,0.8480338591042904,0.43575693093333384,0.4536105820384452,0.2923551091168048
louisiana,4,976,0.8032130075000308,0.45996741277077857,0.803357853657013,0.45202612590979824,0.9790605978889206,0.32392680514523564,0.4347973507680969,0.11878301883836284,0.7787210298362439,0.6937950332679226,0.20209046555230156,0.3284389399439006
louisiana,4,977,0.9575691260715304,0.32488913323163915,0.978915272891773,0.267860857823058,0.26160215971200496,0.6728410035110776,0.32591133747697226,0.7933590936182472,0.6397090925160617,0.6075683613561466,0.7415668457853604,0.40368142696156634
louisiana,4,978,0.7091249296829881,0.28651995801518765,0.2067796317625724,0.7227313446084375,0.38625268642450705,0.02272745576447405,0.998104976034308,0.7800848969290104,0.04993359811402432,0.1812743312773945,0.8654895562196975,0.10379738200245396
louisiana,4,979,0.6789137467492116,0.28536856654824677,0.11203510105936348,0.2293424721024184,0.8203341295667128,0.018583784756788898,0.3944539757072172,0.7362613756664881,0.1151980351007841,0.18272702232716637,0.6745245907678993,0.45973236890781555
louisiana,4,980,0.9382144040616609,0.4280896060658322,0.7320733927841081,0.5093342364450446,0.0026258236845759313,0.8115067881161474,0.22259810037580982,0.7159781293391064,0.9041267453898486,0.223525903318159,0.2391984997188717,0.4366118325296681
louisiana,4,981,0.7185810536884283,0.3397639472687155,0.4662546645912549,0.2458781187331912,0.5907112421444777,0.5945558767697884,0.15409034528830087,0.6814712757816882,0.14781231539944234,0.8059579601817084,0.23843612775600756,0.2544899881863604
louisiana,4,982,0.46537265729594796,0.6275085386101562,0.2743799930414471,0.7219268188303113,0.7251624633071688,0.530338063411252,0.9256470784048882,0.11465781752226042,0.6961166561801744,0.515616697424885,0.978217126770008,0.31378746567308874
louisiana,4,983,0.8867772558918704,0.6333644704781537,0.07689101553149985,0.5377602120001698,0.9698534008956398,0.046303640895166406,0.11669777354629562,0.4458036603484171,0.5340608398132293,0.05012007794327646,0.09175725279814992,0.4646048835453698
louisiana,4,984,0.8883751507698873,0.49260619813589257,0.04153235205643756,0.7803819128620612,0.6289684809164354,0.6231594861862104,0.1712740487891249,0.5719921731999563,0.9211228234453152,0.2768120153754744,0.05879673085130871,0.5802466752441575
louisiana,4,985,0.14507919323444707,0.8095036000631921,0.010801919355304073,0.3083909047537683,0.11128352937066084,0.9201741211087044,0.011160425857725732,0.6620152876591298,0.586234435910853,0.2329868427894601,0.46772383401229267,0.7410635983242622
louisiana,4,986,0.4304528461767378,0.5236416553560924,0.1723648632266223,0.3957758469623274,0.49055545240822734,0.12585035675488607,0.8054720314720087,0.2919041764252398,0.3113552738497382,0.6462362109682622,0.5086603681334005,0.9153814934273771
louisiana,4,987,0.4416266917787205,0.7470315257520758,0.5378593467865024,0.09813779484741293,0.15623046219761885,0.7142561613960713,0.275978771142964,0.4174653334052115,0.8760093539534998,0.8044136710431569,0.5678368861469373,0.518801307150382
louisiana,4,988,0.544684022016169,0.4456550241222037,0.8373705458810451,0.2076542994399417,0.6996420055272502,0.04793792285514766,0.8463356956577186,0.5325219342616988,0.1440102243056637,0.36305219769583214,0.007542816675723357,0.3032520904261071
louisiana,4,989,0.2658693363162855,0.776920081444509,0.12442540809338937,0.8474361994867157,0.9120122349082276,0.09839949032546062,0.8186932146850855,0.5638339333751289,0.6973896238783621,0.40137916779629534,0.12641182285953084,0.2710220171069593
louisiana,4,990,0.997071323942508,0.6328407589519006,0.19528272773206976,0.5812232204998949,0.6232274359814111,0.08062558800482572,0.5335642439051224,0.26768942319660866,0.6122654114423892,0.6455196096801976,0.5496007265450434,0.003885433757807206
louisiana,4,991,0.8828262977082573,0.9619371608210244,0.017052825895663815,0.6580915411848561,0.413582558868192,0.30627973336071274,0.3223535342343701,0.5885336134644731,0.9584289200542845,0.45232073498195235,0.16032659108087507,0.8437689322000343
louisiana,4,992,0.6419401710816047,0.9648471101388805,0.8226008670372559,0.6353782078898164,0.16781740309449267,0.47447616819701965,0.9400437349087236,0.6543783917622464,0.521348578315877,0.8030771577625662,0.794994076112786,0.3578053786527289
louisiana,4,993,0.9340620761644058,0.605534206753901,0.1984815112435325,0.8615338305533786,0.7321523920756218,0.14140610505640286,0.31318486294751463,0.1381461666504937,0.596701881527923,0.19673825191621172,0.32076538770892526,0.8694874656987076
louisiana,4,994,0.028746868398152783,0.36734425932246734,0.8469109791920689,0.49881504482708117,0.11787385804180371,0.9688391214503245,0.7474312652614931,0.0669256683940741,0.9191725077930724,0.8734856706181076,0.8575306219421732,0.8400663402053861
louisiana,4,995,0.371921920407194,0.5292404025754555,0.6370138985073407,0.020658421071821153,0.37493499311522055,0.25828813849235,0.07852736022691302,0.8747372321653816,0.9137697731177181,0.45949969018644143,0.366743657976468,0.19098610559380938
louisiana,4,996,0.7367014591465888,0.546430232548166,0.7393030224323573,0.05417204298082082,0.4511814518834041,0.8751077609109048,0.8541043635020735,0.6016687941588096,0.36453338636279015,0.8798310719681128,0.20442472380816698,0.5084198735864289
louisiana,4,997,0.4842442816921204,0.2321926948133894,0.4111412129958752,0.6773987152379914,0.5362234259859859,0.2759013603214099,0.26843608483222886,0.2775613697757328,0.6995015961983464,0.579293039767353,0.8267717610432372,0.5100349511090048
louisiana,4,998,0.5940764510635725,0.45365290099876904,0.9990485467740634,0.26033984418376643,0.27659928535912603,0.6690463061290802,0.33596756895152213,0.2513188537061144,0.20515483190969014,0.2788023332520732,0.3593218178983388,0.3444829314265513
louisiana,4,999,0.9913270524037141,0.18591064921862172,0.09330793127216945,0.002969354383915064,0.027929815787841997,0.8436343229977559,0.8061223977373607,0.4384074428090835,0.11603849677220002,0.22283205027139477,0.4153878639290316,0.4344702467073252
louisiana,4,1000,0.9130577847988933,0.689312413338764,0.25651199275770414,0.3995738235629877,0.581141901231668,0.5698892273511923,0.023356560856115646,0.31172179824192076,0.7545453143177423,0.3827900572199036,0.4773958480220312,0.19200814241288927
